cond,seed,env,k,silenced,robot,group,perf
flat,0,in_dist,0,,0,68-73-86-54,0.4038837254047394
flat,0,in_dist,0,,1,52-53-84-74,0.30666571855545044
flat,0,in_dist,0,,2,70-76-51-61,0.6263187527656555
flat,0,in_dist,0,,3,97-72-60-95,0.16184155642986298
flat,0,in_dist,0,,4,80-77-56-71,0.10065147280693054
flat,0,in_dist,0,,5,88-69-93-66,0.1521461009979248
flat,0,in_dist,0,,6,87-85-78-50,0.1400797814130783
flat,0,in_dist,0,,7,58-96-98-67,0.3524097204208374
flat,0,in_dist,0,,8,82-75-94-59,0.16729795932769775
flat,0,in_dist,0,,9,90-92-63-62,0.24059122800827026
flat,0,in_dist,0,,10,57-89-99-55,0.2710062563419342
flat,0,in_dist,0,,11,64-79-91-83,0.7170035243034363
flat,0,in_dist,1,0,0,68-73-86-54,0.049247026443481445
flat,0,in_dist,1,0,1,52-53-84-74,0.16794109344482422
flat,0,in_dist,1,0,2,70-76-51-61,0.03418358042836189
flat,0,in_dist,1,0,3,97-72-60-95,0.10853902995586395
flat,0,in_dist,1,0,4,80-77-56-71,0.017979644238948822
flat,0,in_dist,1,0,5,88-69-93-66,0.04188990592956543
flat,0,in_dist,1,0,6,87-85-78-50,0.027789555490016937
flat,0,in_dist,1,0,7,58-96-98-67,0.011657766997814178
flat,0,in_dist,1,0,8,82-75-94-59,0.11676771193742752
flat,0,in_dist,1,0,9,90-92-63-62,0.03502653166651726
flat,0,in_dist,1,0,10,57-89-99-55,0.05958319827914238
flat,0,in_dist,1,0,11,64-79-91-83,0.024873897433280945
flat,0,in_dist,1,1,0,68-73-86-54,0.05783873051404953
flat,0,in_dist,1,1,1,52-53-84-74,0.01958610676229
flat,0,in_dist,1,1,2,70-76-51-61,0.031253453344106674
flat,0,in_dist,1,1,3,97-72-60-95,-0.007100799586623907
flat,0,in_dist,1,1,4,80-77-56-71,0.010099741630256176
flat,0,in_dist,1,1,5,88-69-93-66,0.003896125126630068
flat,0,in_dist,1,1,6,87-85-78-50,0.01141741406172514
flat,0,in_dist,1,1,7,58-96-98-67,0.012329812161624432
flat,0,in_dist,1,1,8,82-75-94-59,-0.006576442159712315
flat,0,in_dist,1,1,9,90-92-63-62,0.025445863604545593
flat,0,in_dist,1,1,10,57-89-99-55,0.019468901678919792
flat,0,in_dist,1,1,11,64-79-91-83,0.024201050400733948
flat,0,in_dist,1,2,0,68-73-86-54,0.0344381146132946
flat,0,in_dist,1,2,1,52-53-84-74,0.0030475612729787827
flat,0,in_dist,1,2,2,70-76-51-61,0.06464347243309021
flat,0,in_dist,1,2,3,97-72-60-95,0.01639721542596817
flat,0,in_dist,1,2,4,80-77-56-71,0.06198820471763611
flat,0,in_dist,1,2,5,88-69-93-66,-0.0099365608766675
flat,0,in_dist,1,2,6,87-85-78-50,0.017863750457763672
flat,0,in_dist,1,2,7,58-96-98-67,0.0112538393586874
flat,0,in_dist,1,2,8,82-75-94-59,0.024719171226024628
flat,0,in_dist,1,2,9,90-92-63-62,0.054523978382349014
flat,0,in_dist,1,2,10,57-89-99-55,0.0118827223777771
flat,0,in_dist,1,2,11,64-79-91-83,0.04706130549311638
flat,0,in_dist,1,3,0,68-73-86-54,0.0014890668680891395
flat,0,in_dist,1,3,1,52-53-84-74,0.1544352024793625
flat,0,in_dist,1,3,2,70-76-51-61,0.16407297551631927
flat,0,in_dist,1,3,3,97-72-60-95,0.0902213528752327
flat,0,in_dist,1,3,4,80-77-56-71,0.053906891494989395
flat,0,in_dist,1,3,5,88-69-93-66,0.030829966068267822
flat,0,in_dist,1,3,6,87-85-78-50,0.11080237478017807
flat,0,in_dist,1,3,7,58-96-98-67,0.051680441945791245
flat,0,in_dist,1,3,8,82-75-94-59,0.11294861882925034
flat,0,in_dist,1,3,9,90-92-63-62,0.1788947582244873
flat,0,in_dist,1,3,10,57-89-99-55,0.07917159795761108
flat,0,in_dist,1,3,11,64-79-91-83,0.24937288463115692
flat,0,in_dist,2,"0,1",0,68-73-86-54,0.059016477316617966
flat,0,in_dist,2,"0,1",1,52-53-84-74,0.020152805373072624
flat,0,in_dist,2,"0,1",2,70-76-51-61,0.03129737824201584
flat,0,in_dist,2,"0,1",3,97-72-60-95,-0.008382209576666355
flat,0,in_dist,2,"0,1",4,80-77-56-71,0.012820571660995483
flat,0,in_dist,2,"0,1",5,88-69-93-66,0.0007775514386594296
flat,0,in_dist,2,"0,1",6,87-85-78-50,0.011090552434325218
flat,0,in_dist,2,"0,1",7,58-96-98-67,0.012307860888540745
flat,0,in_dist,2,"0,1",8,82-75-94-59,-0.004933465272188187
flat,0,in_dist,2,"0,1",9,90-92-63-62,0.021950310096144676
flat,0,in_dist,2,"0,1",10,57-89-99-55,0.01913672685623169
flat,0,in_dist,2,"0,1",11,64-79-91-83,0.024020688608288765
flat,0,in_dist,2,"0,2",0,68-73-86-54,0.00293151056393981
flat,0,in_dist,2,"0,2",1,52-53-84-74,0.002660740865394473
flat,0,in_dist,2,"0,2",2,70-76-51-61,0.002926927525550127
flat,0,in_dist,2,"0,2",3,97-72-60-95,0.002816312713548541
flat,0,in_dist,2,"0,2",4,80-77-56-71,0.0018397399690002203
flat,0,in_dist,2,"0,2",5,88-69-93-66,0.0019319939892739058
flat,0,in_dist,2,"0,2",6,87-85-78-50,0.0031905260402709246
flat,0,in_dist,2,"0,2",7,58-96-98-67,0.002288969699293375
flat,0,in_dist,2,"0,2",8,82-75-94-59,0.0021541265305131674
flat,0,in_dist,2,"0,2",9,90-92-63-62,0.002968115732073784
flat,0,in_dist,2,"0,2",10,57-89-99-55,0.0027258810587227345
flat,0,in_dist,2,"0,2",11,64-79-91-83,0.0024309710133820772
flat,0,in_dist,2,"0,3",0,68-73-86-54,-0.04091391712427139
flat,0,in_dist,2,"0,3",1,52-53-84-74,0.10496266931295395
flat,0,in_dist,2,"0,3",2,70-76-51-61,0.02957025170326233
flat,0,in_dist,2,"0,3",3,97-72-60-95,0.06560578942298889
flat,0,in_dist,2,"0,3",4,80-77-56-71,0.013642024248838425
flat,0,in_dist,2,"0,3",5,88-69-93-66,0.015288390219211578
flat,0,in_dist,2,"0,3",6,87-85-78-50,0.022159963846206665
flat,0,in_dist,2,"0,3",7,58-96-98-67,0.03752472996711731
flat,0,in_dist,2,"0,3",8,82-75-94-59,0.09410995990037918
flat,0,in_dist,2,"0,3",9,90-92-63-62,0.025773605331778526
flat,0,in_dist,2,"0,3",10,57-89-99-55,0.04115191102027893
flat,0,in_dist,2,"0,3",11,64-79-91-83,0.00635953014716506
flat,0,in_dist,2,"1,2",0,68-73-86-54,0.001828300766646862
flat,0,in_dist,2,"1,2",1,52-53-84-74,0.0012426786124706268
flat,0,in_dist,2,"1,2",2,70-76-51-61,0.003297099145129323
flat,0,in_dist,2,"1,2",3,97-72-60-95,0.002986479550600052
flat,0,in_dist,2,"1,2",4,80-77-56-71,0.00070102175232023
flat,0,in_dist,2,"1,2",5,88-69-93-66,0.0030749619472771883
flat,0,in_dist,2,"1,2",6,87-85-78-50,0.003564154729247093
flat,0,in_dist,2,"1,2",7,58-96-98-67,0.0015757872024551034
flat,0,in_dist,2,"1,2",8,82-75-94-59,0.0017449060687795281
flat,0,in_dist,2,"1,2",9,90-92-63-62,0.00374411977827549
flat,0,in_dist,2,"1,2",10,57-89-99-55,0.002439838135614991
flat,0,in_dist,2,"1,2",11,64-79-91-83,0.0018183192005380988
flat,0,in_dist,2,"1,3",0,68-73-86-54,0.0019723589066416025
flat,0,in_dist,2,"1,3",1,52-53-84-74,0.0007105597178451717
flat,0,in_dist,2,"1,3",2,70-76-51-61,0.003488302929326892
flat,0,in_dist,2,"1,3",3,97-72-60-95,0.001993076642975211
flat,0,in_dist,2,"1,3",4,80-77-56-71,0.0007813552510924637
flat,0,in_dist,2,"1,3",5,88-69-93-66,0.002419202122837305
flat,0,in_dist,2,"1,3",6,87-85-78-50,0.003134459024295211
flat,0,in_dist,2,"1,3",7,58-96-98-67,0.0003741627442650497
flat,0,in_dist,2,"1,3",8,82-75-94-59,0.0012795215006917715
flat,0,in_dist,2,"1,3",9,90-92-63-62,0.0024682115763425827
flat,0,in_dist,2,"1,3",10,57-89-99-55,0.0016357990680262446
flat,0,in_dist,2,"1,3",11,64-79-91-83,0.0011234624544158578
flat,0,in_dist,2,"2,3",0,68-73-86-54,0.034600019454956055
flat,0,in_dist,2,"2,3",1,52-53-84-74,0.0012440580176189542
flat,0,in_dist,2,"2,3",2,70-76-51-61,0.06411738693714142
flat,0,in_dist,2,"2,3",3,97-72-60-95,0.014407525770366192
flat,0,in_dist,2,"2,3",4,80-77-56-71,0.05547887086868286
flat,0,in_dist,2,"2,3",5,88-69-93-66,-0.009366719983518124
flat,0,in_dist,2,"2,3",6,87-85-78-50,0.015191956423223019
flat,0,in_dist,2,"2,3",7,58-96-98-67,0.010013972409069538
flat,0,in_dist,2,"2,3",8,82-75-94-59,0.02346157282590866
flat,0,in_dist,2,"2,3",9,90-92-63-62,0.0522572323679924
flat,0,in_dist,2,"2,3",10,57-89-99-55,0.011114262044429779
flat,0,in_dist,2,"2,3",11,64-79-91-83,0.043559689074754715
flat,0,in_dist,3,"0,1,2",0,68-73-86-54,0.002120116725564003
flat,0,in_dist,3,"0,1,2",1,52-53-84-74,0.001936291460879147
flat,0,in_dist,3,"0,1,2",2,70-76-51-61,0.0026031669694930315
flat,0,in_dist,3,"0,1,2",3,97-72-60-95,0.0025517672766000032
flat,0,in_dist,3,"0,1,2",4,80-77-56-71,0.0020469841547310352
flat,0,in_dist,3,"0,1,2",5,88-69-93-66,0.0015137918526306748
flat,0,in_dist,3,"0,1,2",6,87-85-78-50,0.0033973357640206814
flat,0,in_dist,3,"0,1,2",7,58-96-98-67,0.002357959747314453
flat,0,in_dist,3,"0,1,2",8,82-75-94-59,0.0019586544949561357
flat,0,in_dist,3,"0,1,2",9,90-92-63-62,0.0034713593777269125
flat,0,in_dist,3,"0,1,2",10,57-89-99-55,0.0030052263755351305
flat,0,in_dist,3,"0,1,2",11,64-79-91-83,0.001990043092519045
flat,0,in_dist,3,"0,1,3",0,68-73-86-54,0.002283712150529027
flat,0,in_dist,3,"0,1,3",1,52-53-84-74,0.0013863324420526624
flat,0,in_dist,3,"0,1,3",2,70-76-51-61,0.0027514349203556776
flat,0,in_dist,3,"0,1,3",3,97-72-60-95,0.0014576148241758347
flat,0,in_dist,3,"0,1,3",4,80-77-56-71,0.0021855945233255625
flat,0,in_dist,3,"0,1,3",5,88-69-93-66,0.0007040433119982481
flat,0,in_dist,3,"0,1,3",6,87-85-78-50,0.0030051430221647024
flat,0,in_dist,3,"0,1,3",7,58-96-98-67,0.0009007186745293438
flat,0,in_dist,3,"0,1,3",8,82-75-94-59,0.0015576096484437585
flat,0,in_dist,3,"0,1,3",9,90-92-63-62,0.001882100012153387
flat,0,in_dist,3,"0,1,3",10,57-89-99-55,0.002143536927178502
flat,0,in_dist,3,"0,1,3",11,64-79-91-83,0.0012001764262095094
flat,0,in_dist,3,"0,2,3",0,68-73-86-54,0.002809119177982211
flat,0,in_dist,3,"0,2,3",1,52-53-84-74,0.0023613714147359133
flat,0,in_dist,3,"0,2,3",2,70-76-51-61,0.0030386208090931177
flat,0,in_dist,3,"0,2,3",3,97-72-60-95,0.002300210064277053
flat,0,in_dist,3,"0,2,3",4,80-77-56-71,0.0014682157197967172
flat,0,in_dist,3,"0,2,3",5,88-69-93-66,0.002048094989731908
flat,0,in_dist,3,"0,2,3",6,87-85-78-50,0.0019679844845086336
flat,0,in_dist,3,"0,2,3",7,58-96-98-67,0.0016131403390318155
flat,0,in_dist,3,"0,2,3",8,82-75-94-59,0.0016309963539242744
flat,0,in_dist,3,"0,2,3",9,90-92-63-62,0.0009653443121351302
flat,0,in_dist,3,"0,2,3",10,57-89-99-55,0.0022497146856039762
flat,0,in_dist,3,"0,2,3",11,64-79-91-83,0.0017502553528174758
flat,0,in_dist,3,"1,2,3",0,68-73-86-54,0.0016590252052992582
flat,0,in_dist,3,"1,2,3",1,52-53-84-74,0.0009163619833998382
flat,0,in_dist,3,"1,2,3",2,70-76-51-61,0.0034185093827545643
flat,0,in_dist,3,"1,2,3",3,97-72-60-95,0.0024084332399070263
flat,0,in_dist,3,"1,2,3",4,80-77-56-71,0.0004098760837223381
flat,0,in_dist,3,"1,2,3",5,88-69-93-66,0.0031861497554928064
flat,0,in_dist,3,"1,2,3",6,87-85-78-50,0.002398882759734988
flat,0,in_dist,3,"1,2,3",7,58-96-98-67,0.0008925023721531034
flat,0,in_dist,3,"1,2,3",8,82-75-94-59,0.0011926211882382631
flat,0,in_dist,3,"1,2,3",9,90-92-63-62,0.0018460029968991876
flat,0,in_dist,3,"1,2,3",10,57-89-99-55,0.002017407212406397
flat,0,in_dist,3,"1,2,3",11,64-79-91-83,0.0013076979666948318
flat,0,in_dist,4,"0,1,2,3",0,68-73-86-54,0.001923095784150064
flat,0,in_dist,4,"0,1,2,3",1,52-53-84-74,0.0015889996429905295
flat,0,in_dist,4,"0,1,2,3",2,70-76-51-61,0.0027208663523197174
flat,0,in_dist,4,"0,1,2,3",3,97-72-60-95,0.001997909275814891
flat,0,in_dist,4,"0,1,2,3",4,80-77-56-71,0.001732624601572752
flat,0,in_dist,4,"0,1,2,3",5,88-69-93-66,0.001598033937625587
flat,0,in_dist,4,"0,1,2,3",6,87-85-78-50,0.0022291329223662615
flat,0,in_dist,4,"0,1,2,3",7,58-96-98-67,0.0016741963336244226
flat,0,in_dist,4,"0,1,2,3",8,82-75-94-59,0.0014196304837241769
flat,0,in_dist,4,"0,1,2,3",9,90-92-63-62,0.0015481977025046945
flat,0,in_dist,4,"0,1,2,3",10,57-89-99-55,0.0025891303084790707
flat,0,in_dist,4,"0,1,2,3",11,64-79-91-83,0.0014916291693225503
flat,0,wind,0,,0,68-73-86-54,0.2784866392612457
flat,0,wind,0,,1,52-53-84-74,0.20484155416488647
flat,0,wind,0,,2,70-76-51-61,0.32177644968032837
flat,0,wind,0,,3,97-72-60-95,0.12028121948242188
flat,0,wind,0,,4,80-77-56-71,0.19191484153270721
flat,0,wind,0,,5,88-69-93-66,0.2982734441757202
flat,0,wind,0,,6,87-85-78-50,0.2628331184387207
flat,0,wind,0,,7,58-96-98-67,0.22457778453826904
flat,0,wind,0,,8,82-75-94-59,0.18317706882953644
flat,0,wind,0,,9,90-92-63-62,0.15931248664855957
flat,0,wind,0,,10,57-89-99-55,0.1981339305639267
flat,0,wind,0,,11,64-79-91-83,0.7079814672470093
flat,0,wind,1,0,0,68-73-86-54,0.09630174189805984
flat,0,wind,1,0,1,52-53-84-74,-0.03787882253527641
flat,0,wind,1,0,2,70-76-51-61,-0.017587358132004738
flat,0,wind,1,0,3,97-72-60-95,0.149404838681221
flat,0,wind,1,0,4,80-77-56-71,0.11006952822208405
flat,0,wind,1,0,5,88-69-93-66,0.1360616683959961
flat,0,wind,1,0,6,87-85-78-50,0.03040522336959839
flat,0,wind,1,0,7,58-96-98-67,0.17808349430561066
flat,0,wind,1,0,8,82-75-94-59,0.11723089218139648
flat,0,wind,1,0,9,90-92-63-62,0.21279147267341614
flat,0,wind,1,0,10,57-89-99-55,0.17038089036941528
flat,0,wind,1,0,11,64-79-91-83,0.10821451991796494
flat,0,wind,1,1,0,68-73-86-54,-0.06539550423622131
flat,0,wind,1,1,1,52-53-84-74,0.08449671417474747
flat,0,wind,1,1,2,70-76-51-61,0.1112302914261818
flat,0,wind,1,1,3,97-72-60-95,-0.0067211939021945
flat,0,wind,1,1,4,80-77-56-71,0.04823825880885124
flat,0,wind,1,1,5,88-69-93-66,0.06881210952997208
flat,0,wind,1,1,6,87-85-78-50,0.0595572404563427
flat,0,wind,1,1,7,58-96-98-67,0.0621175579726696
flat,0,wind,1,1,8,82-75-94-59,0.052248381078243256
flat,0,wind,1,1,9,90-92-63-62,0.11287641525268555
flat,0,wind,1,1,10,57-89-99-55,0.11611616611480713
flat,0,wind,1,1,11,64-79-91-83,0.10975104570388794
flat,0,wind,1,2,0,68-73-86-54,0.07047120481729507
flat,0,wind,1,2,1,52-53-84-74,-0.011503271758556366
flat,0,wind,1,2,2,70-76-51-61,0.10111527144908905
flat,0,wind,1,2,3,97-72-60-95,0.04918626323342323
flat,0,wind,1,2,4,80-77-56-71,0.15841799974441528
flat,0,wind,1,2,5,88-69-93-66,-0.050382692366838455
flat,0,wind,1,2,6,87-85-78-50,0.09768656641244888
flat,0,wind,1,2,7,58-96-98-67,0.04502478614449501
flat,0,wind,1,2,8,82-75-94-59,0.030383702367544174
flat,0,wind,1,2,9,90-92-63-62,0.004515697713941336
flat,0,wind,1,2,10,57-89-99-55,-0.003305165795609355
flat,0,wind,1,2,11,64-79-91-83,0.09630748629570007
flat,0,wind,1,3,0,68-73-86-54,0.12799501419067383
flat,0,wind,1,3,1,52-53-84-74,0.0667220875620842
flat,0,wind,1,3,2,70-76-51-61,0.29756808280944824
flat,0,wind,1,3,3,97-72-60-95,0.05717702582478523
flat,0,wind,1,3,4,80-77-56-71,0.14417938888072968
flat,0,wind,1,3,5,88-69-93-66,0.0993950292468071
flat,0,wind,1,3,6,87-85-78-50,0.25084367394447327
flat,0,wind,1,3,7,58-96-98-67,-0.04225531220436096
flat,0,wind,1,3,8,82-75-94-59,0.09469696134328842
flat,0,wind,1,3,9,90-92-63-62,0.180636927485466
flat,0,wind,1,3,10,57-89-99-55,0.046746402978897095
flat,0,wind,1,3,11,64-79-91-83,0.21139919757843018
flat,0,wind,2,"0,1",0,68-73-86-54,-0.05436065047979355
flat,0,wind,2,"0,1",1,52-53-84-74,0.08026506751775742
flat,0,wind,2,"0,1",2,70-76-51-61,0.10867323726415634
flat,0,wind,2,"0,1",3,97-72-60-95,0.006389168556779623
flat,0,wind,2,"0,1",4,80-77-56-71,0.05116952210664749
flat,0,wind,2,"0,1",5,88-69-93-66,0.060387175530195236
flat,0,wind,2,"0,1",6,87-85-78-50,0.05432099848985672
flat,0,wind,2,"0,1",7,58-96-98-67,0.07052768766880035
flat,0,wind,2,"0,1",8,82-75-94-59,0.06552205234766006
flat,0,wind,2,"0,1",9,90-92-63-62,0.11117717623710632
flat,0,wind,2,"0,1",10,57-89-99-55,0.11556986719369888
flat,0,wind,2,"0,1",11,64-79-91-83,0.11247681081295013
flat,0,wind,2,"0,2",0,68-73-86-54,-0.015843871980905533
flat,0,wind,2,"0,2",1,52-53-84-74,0.023969406262040138
flat,0,wind,2,"0,2",2,70-76-51-61,0.02231762371957302
flat,0,wind,2,"0,2",3,97-72-60-95,0.005174085032194853
flat,0,wind,2,"0,2",4,80-77-56-71,0.015118409879505634
flat,0,wind,2,"0,2",5,88-69-93-66,0.01386201661080122
flat,0,wind,2,"0,2",6,87-85-78-50,0.03583616763353348
flat,0,wind,2,"0,2",7,58-96-98-67,-0.005283386912196875
flat,0,wind,2,"0,2",8,82-75-94-59,0.021458249539136887
flat,0,wind,2,"0,2",9,90-92-63-62,0.01779407635331154
flat,0,wind,2,"0,2",10,57-89-99-55,0.03107614442706108
flat,0,wind,2,"0,2",11,64-79-91-83,0.019339242950081825
flat,0,wind,2,"0,3",0,68-73-86-54,0.009223401546478271
flat,0,wind,2,"0,3",1,52-53-84-74,-0.03788577392697334
flat,0,wind,2,"0,3",2,70-76-51-61,0.05421440303325653
flat,0,wind,2,"0,3",3,97-72-60-95,0.059384070336818695
flat,0,wind,2,"0,3",4,80-77-56-71,0.083884596824646
flat,0,wind,2,"0,3",5,88-69-93-66,0.09376128762960434
flat,0,wind,2,"0,3",6,87-85-78-50,0.15100324153900146
flat,0,wind,2,"0,3",7,58-96-98-67,-0.06668604910373688
flat,0,wind,2,"0,3",8,82-75-94-59,0.07857701927423477
flat,0,wind,2,"0,3",9,90-92-63-62,0.1142626702785492
flat,0,wind,2,"0,3",10,57-89-99-55,0.07113523781299591
flat,0,wind,2,"0,3",11,64-79-91-83,0.05521952360868454
flat,0,wind,2,"1,2",0,68-73-86-54,-0.020672231912612915
flat,0,wind,2,"1,2",1,52-53-84-74,0.026072179898619652
flat,0,wind,2,"1,2",2,70-76-51-61,0.02890314906835556
flat,0,wind,2,"1,2",3,97-72-60-95,0.006975365802645683
flat,0,wind,2,"1,2",4,80-77-56-71,0.012257270514965057
flat,0,wind,2,"1,2",5,88-69-93-66,0.03070530854165554
flat,0,wind,2,"1,2",6,87-85-78-50,0.037941593676805496
flat,0,wind,2,"1,2",7,58-96-98-67,-0.004600477404892445
flat,0,wind,2,"1,2",8,82-75-94-59,0.02124546840786934
flat,0,wind,2,"1,2",9,90-92-63-62,0.03270561620593071
flat,0,wind,2,"1,2",10,57-89-99-55,0.029112838208675385
flat,0,wind,2,"1,2",11,64-79-91-83,0.01743239536881447
flat,0,wind,2,"1,3",0,68-73-86-54,-0.008372101001441479
flat,0,wind,2,"1,3",1,52-53-84-74,0.019684776663780212
flat,0,wind,2,"1,3",2,70-76-51-61,0.026682049036026
flat,0,wind,2,"1,3",3,97-72-60-95,0.00300054089166224
flat,0,wind,2,"1,3",4,80-77-56-71,0.01390690729022026
flat,0,wind,2,"1,3",5,88-69-93-66,0.03674665465950966
flat,0,wind,2,"1,3",6,87-85-78-50,0.050699781626462936
flat,0,wind,2,"1,3",7,58-96-98-67,-0.005245878826826811
flat,0,wind,2,"1,3",8,82-75-94-59,0.021876269951462746
flat,0,wind,2,"1,3",9,90-92-63-62,0.03380174562335014
flat,0,wind,2,"1,3",10,57-89-99-55,0.021197622641921043
flat,0,wind,2,"1,3",11,64-79-91-83,0.01785559020936489
flat,0,wind,2,"2,3",0,68-73-86-54,0.06897847354412079
flat,0,wind,2,"2,3",1,52-53-84-74,-0.007978000678122044
flat,0,wind,2,"2,3",2,70-76-51-61,0.11131617426872253
flat,0,wind,2,"2,3",3,97-72-60-95,0.04930819943547249
flat,0,wind,2,"2,3",4,80-77-56-71,0.13385441899299622
flat,0,wind,2,"2,3",5,88-69-93-66,-0.04329518973827362
flat,0,wind,2,"2,3",6,87-85-78-50,0.14052216708660126
flat,0,wind,2,"2,3",7,58-96-98-67,0.041687846183776855
flat,0,wind,2,"2,3",8,82-75-94-59,0.03522634133696556
flat,0,wind,2,"2,3",9,90-92-63-62,0.005822896491736174
flat,0,wind,2,"2,3",10,57-89-99-55,-0.01894265227019787
flat,0,wind,2,"2,3",11,64-79-91-83,0.09171464294195175
flat,0,wind,3,"0,1,2",0,68-73-86-54,-0.014610931277275085
flat,0,wind,3,"0,1,2",1,52-53-84-74,0.022974610328674316
flat,0,wind,3,"0,1,2",2,70-76-51-61,0.024285005405545235
flat,0,wind,3,"0,1,2",3,97-72-60-95,0.005371499806642532
flat,0,wind,3,"0,1,2",4,80-77-56-71,0.01723848469555378
flat,0,wind,3,"0,1,2",5,88-69-93-66,0.013004263862967491
flat,0,wind,3,"0,1,2",6,87-85-78-50,0.034598179161548615
flat,0,wind,3,"0,1,2",7,58-96-98-67,0.003887155558913946
flat,0,wind,3,"0,1,2",8,82-75-94-59,0.021083271130919456
flat,0,wind,3,"0,1,2",9,90-92-63-62,0.035186924040317535
flat,0,wind,3,"0,1,2",10,57-89-99-55,0.03183446079492569
flat,0,wind,3,"0,1,2",11,64-79-91-83,0.01705688238143921
flat,0,wind,3,"0,1,3",0,68-73-86-54,-0.00184200843796134
flat,0,wind,3,"0,1,3",1,52-53-84-74,0.016704866662621498
flat,0,wind,3,"0,1,3",2,70-76-51-61,0.021495811641216278
flat,0,wind,3,"0,1,3",3,97-72-60-95,0.010465666651725769
flat,0,wind,3,"0,1,3",4,80-77-56-71,0.018542276695370674
flat,0,wind,3,"0,1,3",5,88-69-93-66,0.011378978379070759
flat,0,wind,3,"0,1,3",6,87-85-78-50,0.04627225175499916
flat,0,wind,3,"0,1,3",7,58-96-98-67,0.001707150018773973
flat,0,wind,3,"0,1,3",8,82-75-94-59,0.023302972316741943
flat,0,wind,3,"0,1,3",9,90-92-63-62,0.03416302055120468
flat,0,wind,3,"0,1,3",10,57-89-99-55,0.023943766951560974
flat,0,wind,3,"0,1,3",11,64-79-91-83,0.016418978571891785
flat,0,wind,3,"0,2,3",0,68-73-86-54,-0.008301250636577606
flat,0,wind,3,"0,2,3",1,52-53-84-74,0.017649132758378983
flat,0,wind,3,"0,2,3",2,70-76-51-61,0.022601241245865822
flat,0,wind,3,"0,2,3",3,97-72-60-95,0.006705723702907562
flat,0,wind,3,"0,2,3",4,80-77-56-71,0.07052592188119888
flat,0,wind,3,"0,2,3",5,88-69-93-66,0.012020152062177658
flat,0,wind,3,"0,2,3",6,87-85-78-50,0.032505206763744354
flat,0,wind,3,"0,2,3",7,58-96-98-67,-0.009186300449073315
flat,0,wind,3,"0,2,3",8,82-75-94-59,0.01851201429963112
flat,0,wind,3,"0,2,3",9,90-92-63-62,-0.004367119167000055
flat,0,wind,3,"0,2,3",10,57-89-99-55,0.02118672803044319
flat,0,wind,3,"0,2,3",11,64-79-91-83,0.01876249350607395
flat,0,wind,3,"1,2,3",0,68-73-86-54,-0.014472981914877892
flat,0,wind,3,"1,2,3",1,52-53-84-74,0.017190540209412575
flat,0,wind,3,"1,2,3",2,70-76-51-61,0.027693893760442734
flat,0,wind,3,"1,2,3",3,97-72-60-95,0.009335673414170742
flat,0,wind,3,"1,2,3",4,80-77-56-71,0.06499196588993073
flat,0,wind,3,"1,2,3",5,88-69-93-66,0.0334508903324604
flat,0,wind,3,"1,2,3",6,87-85-78-50,0.03494217246770859
flat,0,wind,3,"1,2,3",7,58-96-98-67,-0.013368707150220871
flat,0,wind,3,"1,2,3",8,82-75-94-59,0.01848752424120903
flat,0,wind,3,"1,2,3",9,90-92-63-62,0.010642550885677338
flat,0,wind,3,"1,2,3",10,57-89-99-55,0.018179479986429214
flat,0,wind,3,"1,2,3",11,64-79-91-83,0.015665162354707718
flat,0,wind,4,"0,1,2,3",0,68-73-86-54,-0.008960515260696411
flat,0,wind,4,"0,1,2,3",1,52-53-84-74,0.016317501664161682
flat,0,wind,4,"0,1,2,3",2,70-76-51-61,0.02202451601624489
flat,0,wind,4,"0,1,2,3",3,97-72-60-95,0.00820169411599636
flat,0,wind,4,"0,1,2,3",4,80-77-56-71,0.0695086419582367
flat,0,wind,4,"0,1,2,3",5,88-69-93-66,0.013505445793271065
flat,0,wind,4,"0,1,2,3",6,87-85-78-50,0.03227892518043518
flat,0,wind,4,"0,1,2,3",7,58-96-98-67,-0.005736453924328089
flat,0,wind,4,"0,1,2,3",8,82-75-94-59,0.017687905579805374
flat,0,wind,4,"0,1,2,3",9,90-92-63-62,0.013283784501254559
flat,0,wind,4,"0,1,2,3",10,57-89-99-55,0.02150355465710163
flat,0,wind,4,"0,1,2,3",11,64-79-91-83,0.015510532073676586
flat,0,sand,0,,0,68-73-86-54,0.3334762156009674
flat,0,sand,0,,1,52-53-84-74,0.27107372879981995
flat,0,sand,0,,2,70-76-51-61,0.45497697591781616
flat,0,sand,0,,3,97-72-60-95,0.1279282420873642
flat,0,sand,0,,4,80-77-56-71,0.07932525873184204
flat,0,sand,0,,5,88-69-93-66,0.12459694594144821
flat,0,sand,0,,6,87-85-78-50,0.12238156050443649
flat,0,sand,0,,7,58-96-98-67,0.28625625371932983
flat,0,sand,0,,8,82-75-94-59,0.12166178226470947
flat,0,sand,0,,9,90-92-63-62,0.20381110906600952
flat,0,sand,0,,10,57-89-99-55,0.24149322509765625
flat,0,sand,0,,11,64-79-91-83,0.5843716859817505
flat,0,sand,1,0,0,68-73-86-54,0.03795919567346573
flat,0,sand,1,0,1,52-53-84-74,0.0662088394165039
flat,0,sand,1,0,2,70-76-51-61,0.032498378306627274
flat,0,sand,1,0,3,97-72-60-95,0.09639779478311539
flat,0,sand,1,0,4,80-77-56-71,0.018142426386475563
flat,0,sand,1,0,5,88-69-93-66,0.03656524419784546
flat,0,sand,1,0,6,87-85-78-50,0.02222500927746296
flat,0,sand,1,0,7,58-96-98-67,0.20414923131465912
flat,0,sand,1,0,8,82-75-94-59,0.07365848124027252
flat,0,sand,1,0,9,90-92-63-62,0.03924813121557236
flat,0,sand,1,0,10,57-89-99-55,0.08199678361415863
flat,0,sand,1,0,11,64-79-91-83,0.025555238127708435
flat,0,sand,1,1,0,68-73-86-54,0.04186292365193367
flat,0,sand,1,1,1,52-53-84-74,0.019729241728782654
flat,0,sand,1,1,2,70-76-51-61,0.027483388781547546
flat,0,sand,1,1,3,97-72-60-95,-0.004969757981598377
flat,0,sand,1,1,4,80-77-56-71,0.014527861960232258
flat,0,sand,1,1,5,88-69-93-66,-0.006039692088961601
flat,0,sand,1,1,6,87-85-78-50,0.010689721442759037
flat,0,sand,1,1,7,58-96-98-67,0.026926277205348015
flat,0,sand,1,1,8,82-75-94-59,-0.0077697644010186195
flat,0,sand,1,1,9,90-92-63-62,0.029242198914289474
flat,0,sand,1,1,10,57-89-99-55,0.021503811702132225
flat,0,sand,1,1,11,64-79-91-83,0.025836842134594917
flat,0,sand,1,2,0,68-73-86-54,0.030551860108971596
flat,0,sand,1,2,1,52-53-84-74,0.005061691161245108
flat,0,sand,1,2,2,70-76-51-61,0.04955025389790535
flat,0,sand,1,2,3,97-72-60-95,0.01485218945890665
flat,0,sand,1,2,4,80-77-56-71,0.05295675992965698
flat,0,sand,1,2,5,88-69-93-66,-0.014978834427893162
flat,0,sand,1,2,6,87-85-78-50,0.022848421707749367
flat,0,sand,1,2,7,58-96-98-67,0.010489359498023987
flat,0,sand,1,2,8,82-75-94-59,0.02310728095471859
flat,0,sand,1,2,9,90-92-63-62,0.03859018161892891
flat,0,sand,1,2,10,57-89-99-55,0.015494639985263348
flat,0,sand,1,2,11,64-79-91-83,0.03924073278903961
flat,0,sand,1,3,0,68-73-86-54,0.0025149311404675245
flat,0,sand,1,3,1,52-53-84-74,0.12835964560508728
flat,0,sand,1,3,2,70-76-51-61,0.3386372923851013
flat,0,sand,1,3,3,97-72-60-95,0.08570078015327454
flat,0,sand,1,3,4,80-77-56-71,0.04978713393211365
flat,0,sand,1,3,5,88-69-93-66,0.022562017664313316
flat,0,sand,1,3,6,87-85-78-50,0.0843740925192833
flat,0,sand,1,3,7,58-96-98-67,0.047596525400877
flat,0,sand,1,3,8,82-75-94-59,0.09685441106557846
flat,0,sand,1,3,9,90-92-63-62,0.14195616543293
flat,0,sand,1,3,10,57-89-99-55,0.07493547350168228
flat,0,sand,1,3,11,64-79-91-83,0.08950765430927277
flat,0,sand,2,"0,1",0,68-73-86-54,0.04602200537919998
flat,0,sand,2,"0,1",1,52-53-84-74,0.019771067425608635
flat,0,sand,2,"0,1",2,70-76-51-61,0.02679624781012535
flat,0,sand,2,"0,1",3,97-72-60-95,-0.006994285620748997
flat,0,sand,2,"0,1",4,80-77-56-71,0.015547561459243298
flat,0,sand,2,"0,1",5,88-69-93-66,-0.0059951674193143845
flat,0,sand,2,"0,1",6,87-85-78-50,0.010527742095291615
flat,0,sand,2,"0,1",7,58-96-98-67,0.023665504530072212
flat,0,sand,2,"0,1",8,82-75-94-59,-0.006361242383718491
flat,0,sand,2,"0,1",9,90-92-63-62,0.025782238692045212
flat,0,sand,2,"0,1",10,57-89-99-55,0.02097889594733715
flat,0,sand,2,"0,1",11,64-79-91-83,0.024567410349845886
flat,0,sand,2,"0,2",0,68-73-86-54,0.0034935090225189924
flat,0,sand,2,"0,2",1,52-53-84-74,0.0025323473382741213
flat,0,sand,2,"0,2",2,70-76-51-61,0.003271524328738451
flat,0,sand,2,"0,2",3,97-72-60-95,0.0035311593674123287
flat,0,sand,2,"0,2",4,80-77-56-71,0.0019920067861676216
flat,0,sand,2,"0,2",5,88-69-93-66,0.0021472834050655365
flat,0,sand,2,"0,2",6,87-85-78-50,0.004291442222893238
flat,0,sand,2,"0,2",7,58-96-98-67,0.002680453471839428
flat,0,sand,2,"0,2",8,82-75-94-59,0.002303964691236615
flat,0,sand,2,"0,2",9,90-92-63-62,0.0028804002795368433
flat,0,sand,2,"0,2",10,57-89-99-55,0.0031415631528943777
flat,0,sand,2,"0,2",11,64-79-91-83,0.0027145035564899445
flat,0,sand,2,"0,3",0,68-73-86-54,-0.03463952988386154
flat,0,sand,2,"0,3",1,52-53-84-74,0.09837061911821365
flat,0,sand,2,"0,3",2,70-76-51-61,0.0179134514182806
flat,0,sand,2,"0,3",3,97-72-60-95,0.0569838210940361
flat,0,sand,2,"0,3",4,80-77-56-71,0.007374637760221958
flat,0,sand,2,"0,3",5,88-69-93-66,0.018685901537537575
flat,0,sand,2,"0,3",6,87-85-78-50,0.019309524446725845
flat,0,sand,2,"0,3",7,58-96-98-67,0.036834973841905594
flat,0,sand,2,"0,3",8,82-75-94-59,0.06534695625305176
flat,0,sand,2,"0,3",9,90-92-63-62,0.017638789489865303
flat,0,sand,2,"0,3",10,57-89-99-55,0.03599266707897186
flat,0,sand,2,"0,3",11,64-79-91-83,0.008940121158957481
flat,0,sand,2,"1,2",0,68-73-86-54,0.002420680597424507
flat,0,sand,2,"1,2",1,52-53-84-74,0.0015334653435274959
flat,0,sand,2,"1,2",2,70-76-51-61,0.003765587927773595
flat,0,sand,2,"1,2",3,97-72-60-95,0.0034607425332069397
flat,0,sand,2,"1,2",4,80-77-56-71,0.0013982560485601425
flat,0,sand,2,"1,2",5,88-69-93-66,0.0032035019248723984
flat,0,sand,2,"1,2",6,87-85-78-50,0.004022093955427408
flat,0,sand,2,"1,2",7,58-96-98-67,0.0019207309233024716
flat,0,sand,2,"1,2",8,82-75-94-59,0.002025086432695389
flat,0,sand,2,"1,2",9,90-92-63-62,0.003594264155253768
flat,0,sand,2,"1,2",10,57-89-99-55,0.002433466026559472
flat,0,sand,2,"1,2",11,64-79-91-83,0.0021147653460502625
flat,0,sand,2,"1,3",0,68-73-86-54,0.002191215753555298
flat,0,sand,2,"1,3",1,52-53-84-74,0.0012112336698919535
flat,0,sand,2,"1,3",2,70-76-51-61,0.0038148104213178158
flat,0,sand,2,"1,3",3,97-72-60-95,0.0034997074399143457
flat,0,sand,2,"1,3",4,80-77-56-71,0.0014624521136283875
flat,0,sand,2,"1,3",5,88-69-93-66,0.0020689016673713923
flat,0,sand,2,"1,3",6,87-85-78-50,0.0038718832656741142
flat,0,sand,2,"1,3",7,58-96-98-67,0.0006894955295138061
flat,0,sand,2,"1,3",8,82-75-94-59,0.0016894835280254483
flat,0,sand,2,"1,3",9,90-92-63-62,0.002432654146105051
flat,0,sand,2,"1,3",10,57-89-99-55,0.0020437634084373713
flat,0,sand,2,"1,3",11,64-79-91-83,0.001226421445608139
flat,0,sand,2,"2,3",0,68-73-86-54,0.031145533546805382
flat,0,sand,2,"2,3",1,52-53-84-74,0.000622621679212898
flat,0,sand,2,"2,3",2,70-76-51-61,0.047947514802217484
flat,0,sand,2,"2,3",3,97-72-60-95,0.013245269656181335
flat,0,sand,2,"2,3",4,80-77-56-71,0.04758397117257118
flat,0,sand,2,"2,3",5,88-69-93-66,-0.014703194610774517
flat,0,sand,2,"2,3",6,87-85-78-50,0.01928703859448433
flat,0,sand,2,"2,3",7,58-96-98-67,0.010006003081798553
flat,0,sand,2,"2,3",8,82-75-94-59,0.021490074694156647
flat,0,sand,2,"2,3",9,90-92-63-62,0.035788942128419876
flat,0,sand,2,"2,3",10,57-89-99-55,0.015372591093182564
flat,0,sand,2,"2,3",11,64-79-91-83,0.0368691086769104
flat,0,sand,3,"0,1,2",0,68-73-86-54,0.0027646797243505716
flat,0,sand,3,"0,1,2",1,52-53-84-74,0.002196998568251729
flat,0,sand,3,"0,1,2",2,70-76-51-61,0.00300146103836596
flat,0,sand,3,"0,1,2",3,97-72-60-95,0.002961362013593316
flat,0,sand,3,"0,1,2",4,80-77-56-71,0.0021602732595056295
flat,0,sand,3,"0,1,2",5,88-69-93-66,0.0017959935357794166
flat,0,sand,3,"0,1,2",6,87-85-78-50,0.0038318976294249296
flat,0,sand,3,"0,1,2",7,58-96-98-67,0.0025725567247718573
flat,0,sand,3,"0,1,2",8,82-75-94-59,0.0020868333522230387
flat,0,sand,3,"0,1,2",9,90-92-63-62,0.003328308928757906
flat,0,sand,3,"0,1,2",10,57-89-99-55,0.0029666542541235685
flat,0,sand,3,"0,1,2",11,64-79-91-83,0.0023697332944720984
flat,0,sand,3,"0,1,3",0,68-73-86-54,0.0024882096331566572
flat,0,sand,3,"0,1,3",1,52-53-84-74,0.0017793740844354033
flat,0,sand,3,"0,1,3",2,70-76-51-61,0.0031415242701768875
flat,0,sand,3,"0,1,3",3,97-72-60-95,0.0025562848895788193
flat,0,sand,3,"0,1,3",4,80-77-56-71,0.002436994342133403
flat,0,sand,3,"0,1,3",5,88-69-93-66,0.001194762415252626
flat,0,sand,3,"0,1,3",6,87-85-78-50,0.0036550057120621204
flat,0,sand,3,"0,1,3",7,58-96-98-67,0.0014231926761567593
flat,0,sand,3,"0,1,3",8,82-75-94-59,0.0018082605674862862
flat,0,sand,3,"0,1,3",9,90-92-63-62,0.0020637023262679577
flat,0,sand,3,"0,1,3",10,57-89-99-55,0.0025964502710849047
flat,0,sand,3,"0,1,3",11,64-79-91-83,0.001661845832131803
flat,0,sand,3,"0,2,3",0,68-73-86-54,0.003032555803656578
flat,0,sand,3,"0,2,3",1,52-53-84-74,0.0024773080367594957
flat,0,sand,3,"0,2,3",2,70-76-51-61,0.003244462888687849
flat,0,sand,3,"0,2,3",3,97-72-60-95,0.0030687882099300623
flat,0,sand,3,"0,2,3",4,80-77-56-71,0.0016020662151277065
flat,0,sand,3,"0,2,3",5,88-69-93-66,0.002218398964032531
flat,0,sand,3,"0,2,3",6,87-85-78-50,0.0028465453069657087
flat,0,sand,3,"0,2,3",7,58-96-98-67,0.0020151163917034864
flat,0,sand,3,"0,2,3",8,82-75-94-59,0.0018216362223029137
flat,0,sand,3,"0,2,3",9,90-92-63-62,0.0014017506036907434
flat,0,sand,3,"0,2,3",10,57-89-99-55,0.002869524760171771
flat,0,sand,3,"0,2,3",11,64-79-91-83,0.001851025503128767
flat,0,sand,3,"1,2,3",0,68-73-86-54,0.0019315186655148864
flat,0,sand,3,"1,2,3",1,52-53-84-74,0.0010409271344542503
flat,0,sand,3,"1,2,3",2,70-76-51-61,0.003824470564723015
flat,0,sand,3,"1,2,3",3,97-72-60-95,0.0027883134316653013
flat,0,sand,3,"1,2,3",4,80-77-56-71,0.0010439547477290034
flat,0,sand,3,"1,2,3",5,88-69-93-66,0.0032863549422472715
flat,0,sand,3,"1,2,3",6,87-85-78-50,0.0027842859271913767
flat,0,sand,3,"1,2,3",7,58-96-98-67,0.0012773199705407023
flat,0,sand,3,"1,2,3",8,82-75-94-59,0.0016765156760811806
flat,0,sand,3,"1,2,3",9,90-92-63-62,0.0019482719944790006
flat,0,sand,3,"1,2,3",10,57-89-99-55,0.0024311712477356195
flat,0,sand,3,"1,2,3",11,64-79-91-83,0.001410479424521327
flat,0,sand,4,"0,1,2,3",0,68-73-86-54,0.0021816082298755646
flat,0,sand,4,"0,1,2,3",1,52-53-84-74,0.0018198316683992743
flat,0,sand,4,"0,1,2,3",2,70-76-51-61,0.003081377362832427
flat,0,sand,4,"0,1,2,3",3,97-72-60-95,0.0024134686682373285
flat,0,sand,4,"0,1,2,3",4,80-77-56-71,0.0019885506480932236
flat,0,sand,4,"0,1,2,3",5,88-69-93-66,0.0018631628481671214
flat,0,sand,4,"0,1,2,3",6,87-85-78-50,0.0025921626947820187
flat,0,sand,4,"0,1,2,3",7,58-96-98-67,0.0019885296933352947
flat,0,sand,4,"0,1,2,3",8,82-75-94-59,0.001754160039126873
flat,0,sand,4,"0,1,2,3",9,90-92-63-62,0.0018175605218857527
flat,0,sand,4,"0,1,2,3",10,57-89-99-55,0.0029810701962560415
flat,0,sand,4,"0,1,2,3",11,64-79-91-83,0.0017871077870950103
flat,0,slope_up,0,,0,68-73-86-54,0.3991309702396393
flat,0,slope_up,0,,1,52-53-84-74,0.2956860661506653
flat,0,slope_up,0,,2,70-76-51-61,0.6092317700386047
flat,0,slope_up,0,,3,97-72-60-95,0.14482980966567993
flat,0,slope_up,0,,4,80-77-56-71,0.0986369326710701
flat,0,slope_up,0,,5,88-69-93-66,0.1520037204027176
flat,0,slope_up,0,,6,87-85-78-50,0.14010366797447205
flat,0,slope_up,0,,7,58-96-98-67,0.30579596757888794
flat,0,slope_up,0,,8,82-75-94-59,0.1389612853527069
flat,0,slope_up,0,,9,90-92-63-62,0.22878026962280273
flat,0,slope_up,0,,10,57-89-99-55,0.0632721409201622
flat,0,slope_up,0,,11,64-79-91-83,0.538435697555542
flat,0,slope_up,1,0,0,68-73-86-54,0.04924711957573891
flat,0,slope_up,1,0,1,52-53-84-74,0.16491374373435974
flat,0,slope_up,1,0,2,70-76-51-61,0.034183572977781296
flat,0,slope_up,1,0,3,97-72-60-95,0.10795146971940994
flat,0,slope_up,1,0,4,80-77-56-71,0.017979741096496582
flat,0,slope_up,1,0,5,88-69-93-66,0.041765015572309494
flat,0,slope_up,1,0,6,87-85-78-50,0.027789514511823654
flat,0,slope_up,1,0,7,58-96-98-67,0.011657786555588245
flat,0,slope_up,1,0,8,82-75-94-59,0.11481381952762604
flat,0,slope_up,1,0,9,90-92-63-62,0.03137016296386719
flat,0,slope_up,1,0,10,57-89-99-55,0.05958312377333641
flat,0,slope_up,1,0,11,64-79-91-83,0.018301034346222878
flat,0,slope_up,1,1,0,68-73-86-54,0.057838745415210724
flat,0,slope_up,1,1,1,52-53-84-74,0.01910296455025673
flat,0,slope_up,1,1,2,70-76-51-61,0.03125346451997757
flat,0,slope_up,1,1,3,97-72-60-95,-0.007100672461092472
flat,0,slope_up,1,1,4,80-77-56-71,0.010099725797772408
flat,0,slope_up,1,1,5,88-69-93-66,0.003608002793043852
flat,0,slope_up,1,1,6,87-85-78-50,0.011417421512305737
flat,0,slope_up,1,1,7,58-96-98-67,0.012329884804785252
flat,0,slope_up,1,1,8,82-75-94-59,-0.007138009183108807
flat,0,slope_up,1,1,9,90-92-63-62,0.025469724088907242
flat,0,slope_up,1,1,10,57-89-99-55,0.019468946382403374
flat,0,slope_up,1,1,11,64-79-91-83,0.023925265297293663
flat,0,slope_up,1,2,0,68-73-86-54,0.033435408025979996
flat,0,slope_up,1,2,1,52-53-84-74,0.0029041713569313288
flat,0,slope_up,1,2,2,70-76-51-61,0.06034117937088013
flat,0,slope_up,1,2,3,97-72-60-95,0.015159495174884796
flat,0,slope_up,1,2,4,80-77-56-71,0.061714477837085724
flat,0,slope_up,1,2,5,88-69-93-66,-0.010010477155447006
flat,0,slope_up,1,2,6,87-85-78-50,0.01786384917795658
flat,0,slope_up,1,2,7,58-96-98-67,0.011148061603307724
flat,0,slope_up,1,2,8,82-75-94-59,0.024554375559091568
flat,0,slope_up,1,2,9,90-92-63-62,0.05326779931783676
flat,0,slope_up,1,2,10,57-89-99-55,0.009079517796635628
flat,0,slope_up,1,2,11,64-79-91-83,0.04661436006426811
flat,0,slope_up,1,3,0,68-73-86-54,0.0014891019091010094
flat,0,slope_up,1,3,1,52-53-84-74,0.15327014029026031
flat,0,slope_up,1,3,2,70-76-51-61,0.16407327353954315
flat,0,slope_up,1,3,3,97-72-60-95,0.08037937432527542
flat,0,slope_up,1,3,4,80-77-56-71,0.05202591419219971
flat,0,slope_up,1,3,5,88-69-93-66,0.0307012852281332
flat,0,slope_up,1,3,6,87-85-78-50,0.11080241203308105
flat,0,slope_up,1,3,7,58-96-98-67,0.04191647842526436
flat,0,slope_up,1,3,8,82-75-94-59,0.10195641219615936
flat,0,slope_up,1,3,9,90-92-63-62,0.16749152541160583
flat,0,slope_up,1,3,10,57-89-99-55,0.056755181401968
flat,0,slope_up,1,3,11,64-79-91-83,0.1330871880054474
flat,0,slope_up,2,"0,1",0,68-73-86-54,0.05901646614074707
flat,0,slope_up,2,"0,1",1,52-53-84-74,0.0198671855032444
flat,0,slope_up,2,"0,1",2,70-76-51-61,0.03129735216498375
flat,0,slope_up,2,"0,1",3,97-72-60-95,-0.00838217232376337
flat,0,slope_up,2,"0,1",4,80-77-56-71,0.012820537202060223
flat,0,slope_up,2,"0,1",5,88-69-93-66,0.0006160959601402283
flat,0,slope_up,2,"0,1",6,87-85-78-50,0.011090527288615704
flat,0,slope_up,2,"0,1",7,58-96-98-67,0.01230785995721817
flat,0,slope_up,2,"0,1",8,82-75-94-59,-0.005119532346725464
flat,0,slope_up,2,"0,1",9,90-92-63-62,0.02155332826077938
flat,0,slope_up,2,"0,1",10,57-89-99-55,0.019136803224682808
flat,0,slope_up,2,"0,1",11,64-79-91-83,0.02364198863506317
flat,0,slope_up,2,"0,2",0,68-73-86-54,0.0029315014835447073
flat,0,slope_up,2,"0,2",1,52-53-84-74,0.002435042755678296
flat,0,slope_up,2,"0,2",2,70-76-51-61,0.0029269028455018997
flat,0,slope_up,2,"0,2",3,97-72-60-95,0.0028163203969597816
flat,0,slope_up,2,"0,2",4,80-77-56-71,0.0018397680250927806
flat,0,slope_up,2,"0,2",5,88-69-93-66,0.0017654082039371133
flat,0,slope_up,2,"0,2",6,87-85-78-50,0.003190523711964488
flat,0,slope_up,2,"0,2",7,58-96-98-67,0.0022889841347932816
flat,0,slope_up,2,"0,2",8,82-75-94-59,0.0020622345618903637
flat,0,slope_up,2,"0,2",9,90-92-63-62,0.0027841778937727213
flat,0,slope_up,2,"0,2",10,57-89-99-55,0.0027258724439889193
flat,0,slope_up,2,"0,2",11,64-79-91-83,0.0023300261236727238
flat,0,slope_up,2,"0,3",0,68-73-86-54,-0.04091387987136841
flat,0,slope_up,2,"0,3",1,52-53-84-74,0.10340332984924316
flat,0,slope_up,2,"0,3",2,70-76-51-61,0.029570311307907104
flat,0,slope_up,2,"0,3",3,97-72-60-95,0.06560579687356949
flat,0,slope_up,2,"0,3",4,80-77-56-71,0.013641986064612865
flat,0,slope_up,2,"0,3",5,88-69-93-66,0.015225289389491081
flat,0,slope_up,2,"0,3",6,87-85-78-50,0.022159921005368233
flat,0,slope_up,2,"0,3",7,58-96-98-67,0.03752480447292328
flat,0,slope_up,2,"0,3",8,82-75-94-59,0.08633624762296677
flat,0,slope_up,2,"0,3",9,90-92-63-62,0.025175923481583595
flat,0,slope_up,2,"0,3",10,57-89-99-55,0.041151780635118484
flat,0,slope_up,2,"0,3",11,64-79-91-83,0.005357624031603336
flat,0,slope_up,2,"1,2",0,68-73-86-54,0.0018283188110217452
flat,0,slope_up,2,"1,2",1,52-53-84-74,0.0009882759768515825
flat,0,slope_up,2,"1,2",2,70-76-51-61,0.0032970947213470936
flat,0,slope_up,2,"1,2",3,97-72-60-95,0.002986500971019268
flat,0,slope_up,2,"1,2",4,80-77-56-71,0.0007010156405158341
flat,0,slope_up,2,"1,2",5,88-69-93-66,0.00293408683501184
flat,0,slope_up,2,"1,2",6,87-85-78-50,0.0035641563590615988
flat,0,slope_up,2,"1,2",7,58-96-98-67,0.0015757704386487603
flat,0,slope_up,2,"1,2",8,82-75-94-59,0.0014338737819343805
flat,0,slope_up,2,"1,2",9,90-92-63-62,0.0037482669577002525
flat,0,slope_up,2,"1,2",10,57-89-99-55,0.002439840929582715
flat,0,slope_up,2,"1,2",11,64-79-91-83,0.001749160815961659
flat,0,slope_up,2,"1,3",0,68-73-86-54,0.001972353085875511
flat,0,slope_up,2,"1,3",1,52-53-84-74,0.0004751193046104163
flat,0,slope_up,2,"1,3",2,70-76-51-61,0.003488312941044569
flat,0,slope_up,2,"1,3",3,97-72-60-95,0.001993059879168868
flat,0,slope_up,2,"1,3",4,80-77-56-71,0.0007813676493242383
flat,0,slope_up,2,"1,3",5,88-69-93-66,0.002260103588923812
flat,0,slope_up,2,"1,3",6,87-85-78-50,0.003134438069537282
flat,0,slope_up,2,"1,3",7,58-96-98-67,0.0003741659747902304
flat,0,slope_up,2,"1,3",8,82-75-94-59,0.0010181557154282928
flat,0,slope_up,2,"1,3",9,90-92-63-62,0.002452915534377098
flat,0,slope_up,2,"1,3",10,57-89-99-55,0.0016357998829334974
flat,0,slope_up,2,"1,3",11,64-79-91-83,0.0010543576208874583
flat,0,slope_up,2,"2,3",0,68-73-86-54,0.03371671214699745
flat,0,slope_up,2,"2,3",1,52-53-84-74,0.0010706946486607194
flat,0,slope_up,2,"2,3",2,70-76-51-61,0.059852391481399536
flat,0,slope_up,2,"2,3",3,97-72-60-95,0.013293739408254623
flat,0,slope_up,2,"2,3",4,80-77-56-71,0.05536912381649017
flat,0,slope_up,2,"2,3",5,88-69-93-66,-0.0094345947727561
flat,0,slope_up,2,"2,3",6,87-85-78-50,0.015191937796771526
flat,0,slope_up,2,"2,3",7,58-96-98-67,0.009921768680214882
flat,0,slope_up,2,"2,3",8,82-75-94-59,0.02332947589457035
flat,0,slope_up,2,"2,3",9,90-92-63-62,0.05190855264663696
flat,0,slope_up,2,"2,3",10,57-89-99-55,0.008539330214262009
flat,0,slope_up,2,"2,3",11,64-79-91-83,0.043109066784381866
flat,0,slope_up,3,"0,1,2",0,68-73-86-54,0.0021201148629188538
flat,0,slope_up,3,"0,1,2",1,52-53-84-74,0.0017994354711845517
flat,0,slope_up,3,"0,1,2",2,70-76-51-61,0.0026031516026705503
flat,0,slope_up,3,"0,1,2",3,97-72-60-95,0.0025517630856484175
flat,0,slope_up,3,"0,1,2",4,80-77-56-71,0.0020469778683036566
flat,0,slope_up,3,"0,1,2",5,88-69-93-66,0.0013933880254626274
flat,0,slope_up,3,"0,1,2",6,87-85-78-50,0.003397340653464198
flat,0,slope_up,3,"0,1,2",7,58-96-98-67,0.0023579515982419252
flat,0,slope_up,3,"0,1,2",8,82-75-94-59,0.0018779832171276212
flat,0,slope_up,3,"0,1,2",9,90-92-63-62,0.0033425241708755493
flat,0,slope_up,3,"0,1,2",10,57-89-99-55,0.0030052256770431995
flat,0,slope_up,3,"0,1,2",11,64-79-91-83,0.0018799513345584273
flat,0,slope_up,3,"0,1,3",0,68-73-86-54,0.0022837172728031874
flat,0,slope_up,3,"0,1,3",1,52-53-84-74,0.0012589230900630355
flat,0,slope_up,3,"0,1,3",2,70-76-51-61,0.0027514342218637466
flat,0,slope_up,3,"0,1,3",3,97-72-60-95,0.0014576229732483625
flat,0,slope_up,3,"0,1,3",4,80-77-56-71,0.0021855884697288275
flat,0,slope_up,3,"0,1,3",5,88-69-93-66,0.000584303867071867
flat,0,slope_up,3,"0,1,3",6,87-85-78-50,0.0030051504727452993
flat,0,slope_up,3,"0,1,3",7,58-96-98-67,0.0009007254266180098
flat,0,slope_up,3,"0,1,3",8,82-75-94-59,0.0014698716113343835
flat,0,slope_up,3,"0,1,3",9,90-92-63-62,0.0017690572421997786
flat,0,slope_up,3,"0,1,3",10,57-89-99-55,0.002143551129847765
flat,0,slope_up,3,"0,1,3",11,64-79-91-83,0.001071275444701314
flat,0,slope_up,3,"0,2,3",0,68-73-86-54,0.0028091229032725096
flat,0,slope_up,3,"0,2,3",1,52-53-84-74,0.0021415390074253082
flat,0,slope_up,3,"0,2,3",2,70-76-51-61,0.003038599854335189
flat,0,slope_up,3,"0,2,3",3,97-72-60-95,0.0023002116940915585
flat,0,slope_up,3,"0,2,3",4,80-77-56-71,0.001468188944272697
flat,0,slope_up,3,"0,2,3",5,88-69-93-66,0.0018754055490717292
flat,0,slope_up,3,"0,2,3",6,87-85-78-50,0.001967989606782794
flat,0,slope_up,3,"0,2,3",7,58-96-98-67,0.0016131444135680795
flat,0,slope_up,3,"0,2,3",8,82-75-94-59,0.0015411546919494867
flat,0,slope_up,3,"0,2,3",9,90-92-63-62,0.0007849003886803985
flat,0,slope_up,3,"0,2,3",10,57-89-99-55,0.0022497063037008047
flat,0,slope_up,3,"0,2,3",11,64-79-91-83,0.0016586481360718608
flat,0,slope_up,3,"1,2,3",0,68-73-86-54,0.0016590147279202938
flat,0,slope_up,3,"1,2,3",1,52-53-84-74,0.0006486751954071224
flat,0,slope_up,3,"1,2,3",2,70-76-51-61,0.003418510314077139
flat,0,slope_up,3,"1,2,3",3,97-72-60-95,0.0024084330070763826
flat,0,slope_up,3,"1,2,3",4,80-77-56-71,0.0004098923527635634
flat,0,slope_up,3,"1,2,3",5,88-69-93-66,0.003049882361665368
flat,0,slope_up,3,"1,2,3",6,87-85-78-50,0.0023988939356058836
flat,0,slope_up,3,"1,2,3",7,58-96-98-67,0.0008925006841309369
flat,0,slope_up,3,"1,2,3",8,82-75-94-59,0.0008966214372776449
flat,0,slope_up,3,"1,2,3",9,90-92-63-62,0.001846923609264195
flat,0,slope_up,3,"1,2,3",10,57-89-99-55,0.002017405116930604
flat,0,slope_up,3,"1,2,3",11,64-79-91-83,0.0012387062888592482
flat,0,slope_up,4,"0,1,2,3",0,68-73-86-54,0.0019230946199968457
flat,0,slope_up,4,"0,1,2,3",1,52-53-84-74,0.0014634422259405255
flat,0,slope_up,4,"0,1,2,3",2,70-76-51-61,0.0027208668179810047
flat,0,slope_up,4,"0,1,2,3",3,97-72-60-95,0.0019979197531938553
flat,0,slope_up,4,"0,1,2,3",4,80-77-56-71,0.0017326308880001307
flat,0,slope_up,4,"0,1,2,3",5,88-69-93-66,0.0014819815987721086
flat,0,slope_up,4,"0,1,2,3",6,87-85-78-50,0.002229127334430814
flat,0,slope_up,4,"0,1,2,3",7,58-96-98-67,0.0016741967992857099
flat,0,slope_up,4,"0,1,2,3",8,82-75-94-59,0.0013357661664485931
flat,0,slope_up,4,"0,1,2,3",9,90-92-63-62,0.001416299375705421
flat,0,slope_up,4,"0,1,2,3",10,57-89-99-55,0.0025891002733260393
flat,0,slope_up,4,"0,1,2,3",11,64-79-91-83,0.001380797359161079
flat,0,low_gravity,0,,0,68-73-86-54,0.06905613094568253
flat,0,low_gravity,0,,1,52-53-84-74,0.0489904023706913
flat,0,low_gravity,0,,2,70-76-51-61,0.08576175570487976
flat,0,low_gravity,0,,3,97-72-60-95,0.12020067125558853
flat,0,low_gravity,0,,4,80-77-56-71,0.050014447420835495
flat,0,low_gravity,0,,5,88-69-93-66,0.017683982849121094
flat,0,low_gravity,0,,6,87-85-78-50,0.04842140153050423
flat,0,low_gravity,0,,7,58-96-98-67,0.09197957068681717
flat,0,low_gravity,0,,8,82-75-94-59,0.03568826615810394
flat,0,low_gravity,0,,9,90-92-63-62,0.08124886453151703
flat,0,low_gravity,0,,10,57-89-99-55,0.03628063201904297
flat,0,low_gravity,0,,11,64-79-91-83,0.09141866117715836
flat,0,low_gravity,1,0,0,68-73-86-54,0.00025691313203424215
flat,0,low_gravity,1,0,1,52-53-84-74,0.05013510584831238
flat,0,low_gravity,1,0,2,70-76-51-61,0.02447435073554516
flat,0,low_gravity,1,0,3,97-72-60-95,0.07112472504377365
flat,0,low_gravity,1,0,4,80-77-56-71,0.025583045557141304
flat,0,low_gravity,1,0,5,88-69-93-66,0.04857584089040756
flat,0,low_gravity,1,0,6,87-85-78-50,0.006032979115843773
flat,0,low_gravity,1,0,7,58-96-98-67,0.06411642581224442
flat,0,low_gravity,1,0,8,82-75-94-59,0.004514953587204218
flat,0,low_gravity,1,0,9,90-92-63-62,0.044251132756471634
flat,0,low_gravity,1,0,10,57-89-99-55,0.029476366937160492
flat,0,low_gravity,1,0,11,64-79-91-83,0.06618068367242813
flat,0,low_gravity,1,1,0,68-73-86-54,0.015132518485188484
flat,0,low_gravity,1,1,1,52-53-84-74,0.022108690813183784
flat,0,low_gravity,1,1,2,70-76-51-61,0.02778712846338749
flat,0,low_gravity,1,1,3,97-72-60-95,-0.002302700188010931
flat,0,low_gravity,1,1,4,80-77-56-71,0.02967153675854206
flat,0,low_gravity,1,1,5,88-69-93-66,0.016215655952692032
flat,0,low_gravity,1,1,6,87-85-78-50,0.007893109694123268
flat,0,low_gravity,1,1,7,58-96-98-67,0.01002286747097969
flat,0,low_gravity,1,1,8,82-75-94-59,-0.013267364352941513
flat,0,low_gravity,1,1,9,90-92-63-62,0.029485082253813744
flat,0,low_gravity,1,1,10,57-89-99-55,0.019667457789182663
flat,0,low_gravity,1,1,11,64-79-91-83,0.023816129192709923
flat,0,low_gravity,1,2,0,68-73-86-54,0.02386883832514286
flat,0,low_gravity,1,2,1,52-53-84-74,0.005857264623045921
flat,0,low_gravity,1,2,2,70-76-51-61,-0.01222139596939087
flat,0,low_gravity,1,2,3,97-72-60-95,0.00818363856524229
flat,0,low_gravity,1,2,4,80-77-56-71,0.034798379987478256
flat,0,low_gravity,1,2,5,88-69-93-66,0.00017862123786471784
flat,0,low_gravity,1,2,6,87-85-78-50,0.026041697710752487
flat,0,low_gravity,1,2,7,58-96-98-67,-0.0007677747053094208
flat,0,low_gravity,1,2,8,82-75-94-59,0.009699451737105846
flat,0,low_gravity,1,2,9,90-92-63-62,0.06040673702955246
flat,0,low_gravity,1,2,10,57-89-99-55,0.022300217300653458
flat,0,low_gravity,1,2,11,64-79-91-83,0.0073923212476074696
flat,0,low_gravity,1,3,0,68-73-86-54,-0.0027821920812129974
flat,0,low_gravity,1,3,1,52-53-84-74,0.04383864998817444
flat,0,low_gravity,1,3,2,70-76-51-61,0.08027729392051697
flat,0,low_gravity,1,3,3,97-72-60-95,0.08079097419977188
flat,0,low_gravity,1,3,4,80-77-56-71,0.054387204349040985
flat,0,low_gravity,1,3,5,88-69-93-66,0.003482867032289505
flat,0,low_gravity,1,3,6,87-85-78-50,0.024735236540436745
flat,0,low_gravity,1,3,7,58-96-98-67,0.05967814847826958
flat,0,low_gravity,1,3,8,82-75-94-59,0.10098139941692352
flat,0,low_gravity,1,3,9,90-92-63-62,0.0744020938873291
flat,0,low_gravity,1,3,10,57-89-99-55,0.06112956628203392
flat,0,low_gravity,1,3,11,64-79-91-83,0.07117799669504166
flat,0,low_gravity,2,"0,1",0,68-73-86-54,0.01807779259979725
flat,0,low_gravity,2,"0,1",1,52-53-84-74,0.02079334296286106
flat,0,low_gravity,2,"0,1",2,70-76-51-61,0.028111930936574936
flat,0,low_gravity,2,"0,1",3,97-72-60-95,-0.003055145964026451
flat,0,low_gravity,2,"0,1",4,80-77-56-71,0.03278558701276779
flat,0,low_gravity,2,"0,1",5,88-69-93-66,0.016291722655296326
flat,0,low_gravity,2,"0,1",6,87-85-78-50,0.007234061602503061
flat,0,low_gravity,2,"0,1",7,58-96-98-67,0.008616146631538868
flat,0,low_gravity,2,"0,1",8,82-75-94-59,-0.015537011437118053
flat,0,low_gravity,2,"0,1",9,90-92-63-62,0.032257549464702606
flat,0,low_gravity,2,"0,1",10,57-89-99-55,0.02475513517856598
flat,0,low_gravity,2,"0,1",11,64-79-91-83,0.025629248470067978
flat,0,low_gravity,2,"0,2",0,68-73-86-54,0.007332878652960062
flat,0,low_gravity,2,"0,2",1,52-53-84-74,0.00590240815654397
flat,0,low_gravity,2,"0,2",2,70-76-51-61,0.004520253743976355
flat,0,low_gravity,2,"0,2",3,97-72-60-95,0.006808048114180565
flat,0,low_gravity,2,"0,2",4,80-77-56-71,0.009665672667324543
flat,0,low_gravity,2,"0,2",5,88-69-93-66,0.007264936808496714
flat,0,low_gravity,2,"0,2",6,87-85-78-50,0.0071084871888160706
flat,0,low_gravity,2,"0,2",7,58-96-98-67,0.007265467196702957
flat,0,low_gravity,2,"0,2",8,82-75-94-59,0.008079791441559792
flat,0,low_gravity,2,"0,2",9,90-92-63-62,0.007568902801722288
flat,0,low_gravity,2,"0,2",10,57-89-99-55,0.004947245586663485
flat,0,low_gravity,2,"0,2",11,64-79-91-83,0.007705411873757839
flat,0,low_gravity,2,"0,3",0,68-73-86-54,-0.05346997454762459
flat,0,low_gravity,2,"0,3",1,52-53-84-74,0.09088045358657837
flat,0,low_gravity,2,"0,3",2,70-76-51-61,-0.006978216581046581
flat,0,low_gravity,2,"0,3",3,97-72-60-95,0.08057945221662521
flat,0,low_gravity,2,"0,3",4,80-77-56-71,0.036108680069446564
flat,0,low_gravity,2,"0,3",5,88-69-93-66,0.006846400909125805
flat,0,low_gravity,2,"0,3",6,87-85-78-50,0.01862696185708046
flat,0,low_gravity,2,"0,3",7,58-96-98-67,0.06579031050205231
flat,0,low_gravity,2,"0,3",8,82-75-94-59,0.056947000324726105
flat,0,low_gravity,2,"0,3",9,90-92-63-62,0.030874567106366158
flat,0,low_gravity,2,"0,3",10,57-89-99-55,0.042667705565690994
flat,0,low_gravity,2,"0,3",11,64-79-91-83,0.015823449939489365
flat,0,low_gravity,2,"1,2",0,68-73-86-54,0.007698460482060909
flat,0,low_gravity,2,"1,2",1,52-53-84-74,0.0057978848926723
flat,0,low_gravity,2,"1,2",2,70-76-51-61,0.007119099143892527
flat,0,low_gravity,2,"1,2",3,97-72-60-95,0.0073339249938726425
flat,0,low_gravity,2,"1,2",4,80-77-56-71,0.005683206953108311
flat,0,low_gravity,2,"1,2",5,88-69-93-66,0.007936437614262104
flat,0,low_gravity,2,"1,2",6,87-85-78-50,0.007509883493185043
flat,0,low_gravity,2,"1,2",7,58-96-98-67,0.0075543951243162155
flat,0,low_gravity,2,"1,2",8,82-75-94-59,0.00774028105661273
flat,0,low_gravity,2,"1,2",9,90-92-63-62,0.01068339217454195
flat,0,low_gravity,2,"1,2",10,57-89-99-55,0.007828744128346443
flat,0,low_gravity,2,"1,2",11,64-79-91-83,0.007276500109583139
flat,0,low_gravity,2,"1,3",0,68-73-86-54,0.00801675021648407
flat,0,low_gravity,2,"1,3",1,52-53-84-74,0.006249341182410717
flat,0,low_gravity,2,"1,3",2,70-76-51-61,0.00737807247787714
flat,0,low_gravity,2,"1,3",3,97-72-60-95,0.007148584350943565
flat,0,low_gravity,2,"1,3",4,80-77-56-71,0.006527550518512726
flat,0,low_gravity,2,"1,3",5,88-69-93-66,0.005720253102481365
flat,0,low_gravity,2,"1,3",6,87-85-78-50,0.007255543489009142
flat,0,low_gravity,2,"1,3",7,58-96-98-67,0.0050334869883954525
flat,0,low_gravity,2,"1,3",8,82-75-94-59,0.0061681135557591915
flat,0,low_gravity,2,"1,3",9,90-92-63-62,0.009145330637693405
flat,0,low_gravity,2,"1,3",10,57-89-99-55,0.0058689964935183525
flat,0,low_gravity,2,"1,3",11,64-79-91-83,0.006749781314283609
flat,0,low_gravity,2,"2,3",0,68-73-86-54,0.025664227083325386
flat,0,low_gravity,2,"2,3",1,52-53-84-74,0.007648652419447899
flat,0,low_gravity,2,"2,3",2,70-76-51-61,-0.01234161201864481
flat,0,low_gravity,2,"2,3",3,97-72-60-95,0.009183086454868317
flat,0,low_gravity,2,"2,3",4,80-77-56-71,0.03465757146477699
flat,0,low_gravity,2,"2,3",5,88-69-93-66,0.0014290640829131007
flat,0,low_gravity,2,"2,3",6,87-85-78-50,0.021360889077186584
flat,0,low_gravity,2,"2,3",7,58-96-98-67,0.0004598460509441793
flat,0,low_gravity,2,"2,3",8,82-75-94-59,0.007981892675161362
flat,0,low_gravity,2,"2,3",9,90-92-63-62,0.05692867562174797
flat,0,low_gravity,2,"2,3",10,57-89-99-55,0.028410086408257484
flat,0,low_gravity,2,"2,3",11,64-79-91-83,0.005682801827788353
flat,0,low_gravity,3,"0,1,2",0,68-73-86-54,0.0066605983301997185
flat,0,low_gravity,3,"0,1,2",1,52-53-84-74,0.006245427764952183
flat,0,low_gravity,3,"0,1,2",2,70-76-51-61,0.006596609018743038
flat,0,low_gravity,3,"0,1,2",3,97-72-60-95,0.006970582064241171
flat,0,low_gravity,3,"0,1,2",4,80-77-56-71,0.007939654402434826
flat,0,low_gravity,3,"0,1,2",5,88-69-93-66,0.007573151029646397
flat,0,low_gravity,3,"0,1,2",6,87-85-78-50,0.007322185672819614
flat,0,low_gravity,3,"0,1,2",7,58-96-98-67,0.00718700373545289
flat,0,low_gravity,3,"0,1,2",8,82-75-94-59,0.00812702625989914
flat,0,low_gravity,3,"0,1,2",9,90-92-63-62,0.008950597606599331
flat,0,low_gravity,3,"0,1,2",10,57-89-99-55,0.007324456237256527
flat,0,low_gravity,3,"0,1,2",11,64-79-91-83,0.00795748084783554
flat,0,low_gravity,3,"0,1,3",0,68-73-86-54,0.007366534322500229
flat,0,low_gravity,3,"0,1,3",1,52-53-84-74,0.007000579498708248
flat,0,low_gravity,3,"0,1,3",2,70-76-51-61,0.007932830601930618
flat,0,low_gravity,3,"0,1,3",3,97-72-60-95,0.0063530439510941505
flat,0,low_gravity,3,"0,1,3",4,80-77-56-71,0.007543317507952452
flat,0,low_gravity,3,"0,1,3",5,88-69-93-66,0.006144928280264139
flat,0,low_gravity,3,"0,1,3",6,87-85-78-50,0.007038524374365807
flat,0,low_gravity,3,"0,1,3",7,58-96-98-67,0.005633907858282328
flat,0,low_gravity,3,"0,1,3",8,82-75-94-59,0.006574151571840048
flat,0,low_gravity,3,"0,1,3",9,90-92-63-62,0.00744348531588912
flat,0,low_gravity,3,"0,1,3",10,57-89-99-55,0.006016334053128958
flat,0,low_gravity,3,"0,1,3",11,64-79-91-83,0.007988860830664635
flat,0,low_gravity,3,"0,2,3",0,68-73-86-54,0.007967251352965832
flat,0,low_gravity,3,"0,2,3",1,52-53-84-74,0.00766582740470767
flat,0,low_gravity,3,"0,2,3",2,70-76-51-61,0.005597313400357962
flat,0,low_gravity,3,"0,2,3",3,97-72-60-95,0.007541930302977562
flat,0,low_gravity,3,"0,2,3",4,80-77-56-71,0.009714202955365181
flat,0,low_gravity,3,"0,2,3",5,88-69-93-66,0.0075348191894590855
flat,0,low_gravity,3,"0,2,3",6,87-85-78-50,0.008350184187293053
flat,0,low_gravity,3,"0,2,3",7,58-96-98-67,0.006875812541693449
flat,0,low_gravity,3,"0,2,3",8,82-75-94-59,0.007169070187956095
flat,0,low_gravity,3,"0,2,3",9,90-92-63-62,0.006668521091341972
flat,0,low_gravity,3,"0,2,3",10,57-89-99-55,0.006149477791041136
flat,0,low_gravity,3,"0,2,3",11,64-79-91-83,0.007438973523676395
flat,0,low_gravity,3,"1,2,3",0,68-73-86-54,0.008135843090713024
flat,0,low_gravity,3,"1,2,3",1,52-53-84-74,0.007132579106837511
flat,0,low_gravity,3,"1,2,3",2,70-76-51-61,0.008301894180476665
flat,0,low_gravity,3,"1,2,3",3,97-72-60-95,0.007594536058604717
flat,0,low_gravity,3,"1,2,3",4,80-77-56-71,0.005951817147433758
flat,0,low_gravity,3,"1,2,3",5,88-69-93-66,0.007799474522471428
flat,0,low_gravity,3,"1,2,3",6,87-85-78-50,0.007556589785963297
flat,0,low_gravity,3,"1,2,3",7,58-96-98-67,0.007963738404214382
flat,0,low_gravity,3,"1,2,3",8,82-75-94-59,0.007004005368798971
flat,0,low_gravity,3,"1,2,3",9,90-92-63-62,0.008680843748152256
flat,0,low_gravity,3,"1,2,3",10,57-89-99-55,0.007780817802995443
flat,0,low_gravity,3,"1,2,3",11,64-79-91-83,0.007210133131593466
flat,0,low_gravity,4,"0,1,2,3",0,68-73-86-54,0.0075510344468057156
flat,0,low_gravity,4,"0,1,2,3",1,52-53-84-74,0.007781503722071648
flat,0,low_gravity,4,"0,1,2,3",2,70-76-51-61,0.007622758392244577
flat,0,low_gravity,4,"0,1,2,3",3,97-72-60-95,0.00755605474114418
flat,0,low_gravity,4,"0,1,2,3",4,80-77-56-71,0.007693380117416382
flat,0,low_gravity,4,"0,1,2,3",5,88-69-93-66,0.007831371389329433
flat,0,low_gravity,4,"0,1,2,3",6,87-85-78-50,0.0074034580029547215
flat,0,low_gravity,4,"0,1,2,3",7,58-96-98-67,0.007767195347696543
flat,0,low_gravity,4,"0,1,2,3",8,82-75-94-59,0.007769439369440079
flat,0,low_gravity,4,"0,1,2,3",9,90-92-63-62,0.007821334525942802
flat,0,low_gravity,4,"0,1,2,3",10,57-89-99-55,0.007623647805303335
flat,0,low_gravity,4,"0,1,2,3",11,64-79-91-83,0.007803594693541527
multi,0,in_dist,0,,0,68-73-86-54,0.2714977562427521
multi,0,in_dist,0,,1,52-53-84-74,0.04897758737206459
multi,0,in_dist,0,,2,70-76-51-61,0.2854517996311188
multi,0,in_dist,0,,3,97-72-60-95,0.2181808352470398
multi,0,in_dist,0,,4,80-77-56-71,0.4201090633869171
multi,0,in_dist,0,,5,88-69-93-66,0.29486972093582153
multi,0,in_dist,0,,6,87-85-78-50,0.24468787014484406
multi,0,in_dist,0,,7,58-96-98-67,0.38734957575798035
multi,0,in_dist,0,,8,82-75-94-59,0.4157215654850006
multi,0,in_dist,0,,9,90-92-63-62,0.25422343611717224
multi,0,in_dist,0,,10,57-89-99-55,0.5632380247116089
multi,0,in_dist,0,,11,64-79-91-83,0.19717518985271454
multi,0,in_dist,1,0,0,68-73-86-54,0.14983293414115906
multi,0,in_dist,1,0,1,52-53-84-74,0.09746897220611572
multi,0,in_dist,1,0,2,70-76-51-61,0.09319845587015152
multi,0,in_dist,1,0,3,97-72-60-95,0.13658684492111206
multi,0,in_dist,1,0,4,80-77-56-71,0.173987478017807
multi,0,in_dist,1,0,5,88-69-93-66,0.16755276918411255
multi,0,in_dist,1,0,6,87-85-78-50,0.07496102899312973
multi,0,in_dist,1,0,7,58-96-98-67,0.12292854487895966
multi,0,in_dist,1,0,8,82-75-94-59,0.20117901265621185
multi,0,in_dist,1,0,9,90-92-63-62,0.22333383560180664
multi,0,in_dist,1,0,10,57-89-99-55,0.23479150235652924
multi,0,in_dist,1,0,11,64-79-91-83,0.04492512345314026
multi,0,in_dist,1,1,0,68-73-86-54,0.15349817276000977
multi,0,in_dist,1,1,1,52-53-84-74,0.10612894594669342
multi,0,in_dist,1,1,2,70-76-51-61,0.09427952021360397
multi,0,in_dist,1,1,3,97-72-60-95,0.22603490948677063
multi,0,in_dist,1,1,4,80-77-56-71,0.12959857285022736
multi,0,in_dist,1,1,5,88-69-93-66,0.04071401059627533
multi,0,in_dist,1,1,6,87-85-78-50,0.07522616535425186
multi,0,in_dist,1,1,7,58-96-98-67,0.2087937593460083
multi,0,in_dist,1,1,8,82-75-94-59,0.20821021497249603
multi,0,in_dist,1,1,9,90-92-63-62,0.15084652602672577
multi,0,in_dist,1,1,10,57-89-99-55,0.19522087275981903
multi,0,in_dist,1,1,11,64-79-91-83,0.053526125848293304
multi,0,in_dist,1,2,0,68-73-86-54,0.05062304809689522
multi,0,in_dist,1,2,1,52-53-84-74,-0.009937698021531105
multi,0,in_dist,1,2,2,70-76-51-61,0.09591936320066452
multi,0,in_dist,1,2,3,97-72-60-95,-0.01631944254040718
multi,0,in_dist,1,2,4,80-77-56-71,0.19389653205871582
multi,0,in_dist,1,2,5,88-69-93-66,0.0630805492401123
multi,0,in_dist,1,2,6,87-85-78-50,0.09103042632341385
multi,0,in_dist,1,2,7,58-96-98-67,0.02504853345453739
multi,0,in_dist,1,2,8,82-75-94-59,0.03312497213482857
multi,0,in_dist,1,2,9,90-92-63-62,0.01820077933371067
multi,0,in_dist,1,2,10,57-89-99-55,0.14405077695846558
multi,0,in_dist,1,2,11,64-79-91-83,-0.003100033150985837
multi,0,in_dist,1,3,0,68-73-86-54,-0.014518682844936848
multi,0,in_dist,1,3,1,52-53-84-74,0.024772027507424355
multi,0,in_dist,1,3,2,70-76-51-61,0.07672208547592163
multi,0,in_dist,1,3,3,97-72-60-95,0.020603273063898087
multi,0,in_dist,1,3,4,80-77-56-71,0.10801033675670624
multi,0,in_dist,1,3,5,88-69-93-66,0.04003412649035454
multi,0,in_dist,1,3,6,87-85-78-50,0.14462938904762268
multi,0,in_dist,1,3,7,58-96-98-67,0.0802622064948082
multi,0,in_dist,1,3,8,82-75-94-59,0.042399510741233826
multi,0,in_dist,1,3,9,90-92-63-62,0.17681549489498138
multi,0,in_dist,1,3,10,57-89-99-55,0.12023231387138367
multi,0,in_dist,1,3,11,64-79-91-83,0.0970890000462532
multi,0,in_dist,2,"0,1",0,68-73-86-54,0.10074681043624878
multi,0,in_dist,2,"0,1",1,52-53-84-74,0.05103221908211708
multi,0,in_dist,2,"0,1",2,70-76-51-61,0.07795292884111404
multi,0,in_dist,2,"0,1",3,97-72-60-95,0.09304478019475937
multi,0,in_dist,2,"0,1",4,80-77-56-71,0.06171036884188652
multi,0,in_dist,2,"0,1",5,88-69-93-66,0.01087778341025114
multi,0,in_dist,2,"0,1",6,87-85-78-50,0.038958098739385605
multi,0,in_dist,2,"0,1",7,58-96-98-67,0.13535383343696594
multi,0,in_dist,2,"0,1",8,82-75-94-59,0.18146872520446777
multi,0,in_dist,2,"0,1",9,90-92-63-62,0.03836619853973389
multi,0,in_dist,2,"0,1",10,57-89-99-55,0.08020496368408203
multi,0,in_dist,2,"0,1",11,64-79-91-83,0.02461947128176689
multi,0,in_dist,2,"0,2",0,68-73-86-54,0.004162143915891647
multi,0,in_dist,2,"0,2",1,52-53-84-74,0.01672150380909443
multi,0,in_dist,2,"0,2",2,70-76-51-61,0.0438617579638958
multi,0,in_dist,2,"0,2",3,97-72-60-95,0.01605253666639328
multi,0,in_dist,2,"0,2",4,80-77-56-71,0.025374731048941612
multi,0,in_dist,2,"0,2",5,88-69-93-66,0.01365274004638195
multi,0,in_dist,2,"0,2",6,87-85-78-50,0.0068817599676549435
multi,0,in_dist,2,"0,2",7,58-96-98-67,0.01277385838329792
multi,0,in_dist,2,"0,2",8,82-75-94-59,0.016842622309923172
multi,0,in_dist,2,"0,2",9,90-92-63-62,0.010225096717476845
multi,0,in_dist,2,"0,2",10,57-89-99-55,0.0444551557302475
multi,0,in_dist,2,"0,2",11,64-79-91-83,0.030061690136790276
multi,0,in_dist,2,"0,3",0,68-73-86-54,0.0442652590572834
multi,0,in_dist,2,"0,3",1,52-53-84-74,0.007726459763944149
multi,0,in_dist,2,"0,3",2,70-76-51-61,0.00880906917154789
multi,0,in_dist,2,"0,3",3,97-72-60-95,0.020782167091965675
multi,0,in_dist,2,"0,3",4,80-77-56-71,0.030328838154673576
multi,0,in_dist,2,"0,3",5,88-69-93-66,-0.01396103110164404
multi,0,in_dist,2,"0,3",6,87-85-78-50,0.1371021568775177
multi,0,in_dist,2,"0,3",7,58-96-98-67,0.04674382880330086
multi,0,in_dist,2,"0,3",8,82-75-94-59,-0.008031760342419147
multi,0,in_dist,2,"0,3",9,90-92-63-62,0.15961189568042755
multi,0,in_dist,2,"0,3",10,57-89-99-55,0.009467491880059242
multi,0,in_dist,2,"0,3",11,64-79-91-83,-0.007152203936129808
multi,0,in_dist,2,"1,2",0,68-73-86-54,0.009189868345856667
multi,0,in_dist,2,"1,2",1,52-53-84-74,0.03567574918270111
multi,0,in_dist,2,"1,2",2,70-76-51-61,0.03265729546546936
multi,0,in_dist,2,"1,2",3,97-72-60-95,0.019307658076286316
multi,0,in_dist,2,"1,2",4,80-77-56-71,0.02111867442727089
multi,0,in_dist,2,"1,2",5,88-69-93-66,0.001786529552191496
multi,0,in_dist,2,"1,2",6,87-85-78-50,0.002494932385161519
multi,0,in_dist,2,"1,2",7,58-96-98-67,0.003733437042683363
multi,0,in_dist,2,"1,2",8,82-75-94-59,0.005239453166723251
multi,0,in_dist,2,"1,2",9,90-92-63-62,0.010572834871709347
multi,0,in_dist,2,"1,2",10,57-89-99-55,0.043785739690065384
multi,0,in_dist,2,"1,2",11,64-79-91-83,0.012623935006558895
multi,0,in_dist,2,"1,3",0,68-73-86-54,0.01693502627313137
multi,0,in_dist,2,"1,3",1,52-53-84-74,0.018454818055033684
multi,0,in_dist,2,"1,3",2,70-76-51-61,0.017432058230042458
multi,0,in_dist,2,"1,3",3,97-72-60-95,0.018152587115764618
multi,0,in_dist,2,"1,3",4,80-77-56-71,0.00692777568474412
multi,0,in_dist,2,"1,3",5,88-69-93-66,0.0031164709944278
multi,0,in_dist,2,"1,3",6,87-85-78-50,0.02601759135723114
multi,0,in_dist,2,"1,3",7,58-96-98-67,0.0077845193445682526
multi,0,in_dist,2,"1,3",8,82-75-94-59,-0.001457676524296403
multi,0,in_dist,2,"1,3",9,90-92-63-62,-0.01345781609416008
multi,0,in_dist,2,"1,3",10,57-89-99-55,0.036023709923028946
multi,0,in_dist,2,"1,3",11,64-79-91-83,0.003993720281869173
multi,0,in_dist,2,"2,3",0,68-73-86-54,0.03774002194404602
multi,0,in_dist,2,"2,3",1,52-53-84-74,-0.009086799807846546
multi,0,in_dist,2,"2,3",2,70-76-51-61,0.0710727870464325
multi,0,in_dist,2,"2,3",3,97-72-60-95,-0.02431594766676426
multi,0,in_dist,2,"2,3",4,80-77-56-71,0.09739407151937485
multi,0,in_dist,2,"2,3",5,88-69-93-66,0.024000387638807297
multi,0,in_dist,2,"2,3",6,87-85-78-50,0.08223855495452881
multi,0,in_dist,2,"2,3",7,58-96-98-67,-0.016157830134034157
multi,0,in_dist,2,"2,3",8,82-75-94-59,0.006478151306509972
multi,0,in_dist,2,"2,3",9,90-92-63-62,-0.010704402811825275
multi,0,in_dist,2,"2,3",10,57-89-99-55,0.047489214688539505
multi,0,in_dist,2,"2,3",11,64-79-91-83,0.0035383645445108414
multi,0,in_dist,3,"0,1,2",0,68-73-86-54,0.0032314988784492016
multi,0,in_dist,3,"0,1,2",1,52-53-84-74,0.0052201044745743275
multi,0,in_dist,3,"0,1,2",2,70-76-51-61,0.007128877565264702
multi,0,in_dist,3,"0,1,2",3,97-72-60-95,0.005026898812502623
multi,0,in_dist,3,"0,1,2",4,80-77-56-71,0.0036384458653628826
multi,0,in_dist,3,"0,1,2",5,88-69-93-66,0.0017728107050061226
multi,0,in_dist,3,"0,1,2",6,87-85-78-50,0.0017358144978061318
multi,0,in_dist,3,"0,1,2",7,58-96-98-67,0.0018016642425209284
multi,0,in_dist,3,"0,1,2",8,82-75-94-59,0.004726401995867491
multi,0,in_dist,3,"0,1,2",9,90-92-63-62,0.004547403194010258
multi,0,in_dist,3,"0,1,2",10,57-89-99-55,0.005928462836891413
multi,0,in_dist,3,"0,1,2",11,64-79-91-83,0.0027031940408051014
multi,0,in_dist,3,"0,1,3",0,68-73-86-54,0.0045654685236513615
multi,0,in_dist,3,"0,1,3",1,52-53-84-74,0.0037327995523810387
multi,0,in_dist,3,"0,1,3",2,70-76-51-61,0.005477596074342728
multi,0,in_dist,3,"0,1,3",3,97-72-60-95,0.0033321459777653217
multi,0,in_dist,3,"0,1,3",4,80-77-56-71,0.004961356520652771
multi,0,in_dist,3,"0,1,3",5,88-69-93-66,0.00238124281167984
multi,0,in_dist,3,"0,1,3",6,87-85-78-50,0.010510973632335663
multi,0,in_dist,3,"0,1,3",7,58-96-98-67,0.004676248878240585
multi,0,in_dist,3,"0,1,3",8,82-75-94-59,0.005569963250309229
multi,0,in_dist,3,"0,1,3",9,90-92-63-62,4.4928525312570855e-05
multi,0,in_dist,3,"0,1,3",10,57-89-99-55,0.007728646509349346
multi,0,in_dist,3,"0,1,3",11,64-79-91-83,0.002603334840387106
multi,0,in_dist,3,"0,2,3",0,68-73-86-54,0.0009493711404502392
multi,0,in_dist,3,"0,2,3",1,52-53-84-74,0.0010151854949072003
multi,0,in_dist,3,"0,2,3",2,70-76-51-61,0.006964877247810364
multi,0,in_dist,3,"0,2,3",3,97-72-60-95,0.0033832702320069075
multi,0,in_dist,3,"0,2,3",4,80-77-56-71,0.0070717730559408665
multi,0,in_dist,3,"0,2,3",5,88-69-93-66,0.0002450499450787902
multi,0,in_dist,3,"0,2,3",6,87-85-78-50,0.005203978158533573
multi,0,in_dist,3,"0,2,3",7,58-96-98-67,0.0009456846164539456
multi,0,in_dist,3,"0,2,3",8,82-75-94-59,-0.0025881663896143436
multi,0,in_dist,3,"0,2,3",9,90-92-63-62,0.0009224911336787045
multi,0,in_dist,3,"0,2,3",10,57-89-99-55,0.005681715905666351
multi,0,in_dist,3,"0,2,3",11,64-79-91-83,0.004291142802685499
multi,0,in_dist,3,"1,2,3",0,68-73-86-54,0.002159234369173646
multi,0,in_dist,3,"1,2,3",1,52-53-84-74,0.004615545738488436
multi,0,in_dist,3,"1,2,3",2,70-76-51-61,0.0055876183323562145
multi,0,in_dist,3,"1,2,3",3,97-72-60-95,0.004283207468688488
multi,0,in_dist,3,"1,2,3",4,80-77-56-71,0.004075011238455772
multi,0,in_dist,3,"1,2,3",5,88-69-93-66,0.0014663984766229987
multi,0,in_dist,3,"1,2,3",6,87-85-78-50,0.0022669299505650997
multi,0,in_dist,3,"1,2,3",7,58-96-98-67,0.0029341846238821745
multi,0,in_dist,3,"1,2,3",8,82-75-94-59,-5.925142249907367e-05
multi,0,in_dist,3,"1,2,3",9,90-92-63-62,0.001999204745516181
multi,0,in_dist,3,"1,2,3",10,57-89-99-55,0.007072098553180695
multi,0,in_dist,3,"1,2,3",11,64-79-91-83,0.003387338249012828
multi,0,in_dist,4,"0,1,2,3",0,68-73-86-54,0.0019230954349040985
multi,0,in_dist,4,"0,1,2,3",1,52-53-84-74,0.0015889868373051286
multi,0,in_dist,4,"0,1,2,3",2,70-76-51-61,0.0027208661194890738
multi,0,in_dist,4,"0,1,2,3",3,97-72-60-95,0.001997909741476178
multi,0,in_dist,4,"0,1,2,3",4,80-77-56-71,0.0017326269298791885
multi,0,in_dist,4,"0,1,2,3",5,88-69-93-66,0.001598033937625587
multi,0,in_dist,4,"0,1,2,3",6,87-85-78-50,0.0022291301283985376
multi,0,in_dist,4,"0,1,2,3",7,58-96-98-67,0.0016741941217333078
multi,0,in_dist,4,"0,1,2,3",8,82-75-94-59,0.0014196328120306134
multi,0,in_dist,4,"0,1,2,3",9,90-92-63-62,0.0015481956070289016
multi,0,in_dist,4,"0,1,2,3",10,57-89-99-55,0.002589132636785507
multi,0,in_dist,4,"0,1,2,3",11,64-79-91-83,0.0014916366199031472
multi,0,wind,0,,0,68-73-86-54,0.2630905210971832
multi,0,wind,0,,1,52-53-84-74,0.07234004139900208
multi,0,wind,0,,2,70-76-51-61,0.2935914099216461
multi,0,wind,0,,3,97-72-60-95,0.33195918798446655
multi,0,wind,0,,4,80-77-56-71,0.4313983917236328
multi,0,wind,0,,5,88-69-93-66,0.2963891625404358
multi,0,wind,0,,6,87-85-78-50,0.23004211485385895
multi,0,wind,0,,7,58-96-98-67,0.3387310206890106
multi,0,wind,0,,8,82-75-94-59,0.24272426962852478
multi,0,wind,0,,9,90-92-63-62,0.276140034198761
multi,0,wind,0,,10,57-89-99-55,0.4773242473602295
multi,0,wind,0,,11,64-79-91-83,0.15590861439704895
multi,0,wind,1,0,0,68-73-86-54,0.1322328746318817
multi,0,wind,1,0,1,52-53-84-74,0.13724644482135773
multi,0,wind,1,0,2,70-76-51-61,0.12210570275783539
multi,0,wind,1,0,3,97-72-60-95,0.16210661828517914
multi,0,wind,1,0,4,80-77-56-71,0.19638554751873016
multi,0,wind,1,0,5,88-69-93-66,0.19850586354732513
multi,0,wind,1,0,6,87-85-78-50,0.03947217017412186
multi,0,wind,1,0,7,58-96-98-67,0.2144855260848999
multi,0,wind,1,0,8,82-75-94-59,0.2662985920906067
multi,0,wind,1,0,9,90-92-63-62,0.23022863268852234
multi,0,wind,1,0,10,57-89-99-55,0.24699796736240387
multi,0,wind,1,0,11,64-79-91-83,0.12258561700582504
multi,0,wind,1,1,0,68-73-86-54,0.1653928905725479
multi,0,wind,1,1,1,52-53-84-74,0.1143517941236496
multi,0,wind,1,1,2,70-76-51-61,0.16883575916290283
multi,0,wind,1,1,3,97-72-60-95,0.23933641612529755
multi,0,wind,1,1,4,80-77-56-71,0.09662503004074097
multi,0,wind,1,1,5,88-69-93-66,0.09330805391073227
multi,0,wind,1,1,6,87-85-78-50,0.1202273815870285
multi,0,wind,1,1,7,58-96-98-67,0.26289471983909607
multi,0,wind,1,1,8,82-75-94-59,0.26695242524147034
multi,0,wind,1,1,9,90-92-63-62,0.20737017691135406
multi,0,wind,1,1,10,57-89-99-55,0.2666681408882141
multi,0,wind,1,1,11,64-79-91-83,0.1200447678565979
multi,0,wind,1,2,0,68-73-86-54,0.1060846745967865
multi,0,wind,1,2,1,52-53-84-74,0.008505246601998806
multi,0,wind,1,2,2,70-76-51-61,0.18655788898468018
multi,0,wind,1,2,3,97-72-60-95,0.08881121873855591
multi,0,wind,1,2,4,80-77-56-71,0.24093866348266602
multi,0,wind,1,2,5,88-69-93-66,0.07714704424142838
multi,0,wind,1,2,6,87-85-78-50,0.1315826177597046
multi,0,wind,1,2,7,58-96-98-67,0.10080063343048096
multi,0,wind,1,2,8,82-75-94-59,0.008692893199622631
multi,0,wind,1,2,9,90-92-63-62,0.03189045935869217
multi,0,wind,1,2,10,57-89-99-55,0.1995333433151245
multi,0,wind,1,2,11,64-79-91-83,0.05823678523302078
multi,0,wind,1,3,0,68-73-86-54,0.1326620876789093
multi,0,wind,1,3,1,52-53-84-74,-0.02771047130227089
multi,0,wind,1,3,2,70-76-51-61,0.14936700463294983
multi,0,wind,1,3,3,97-72-60-95,0.17410191893577576
multi,0,wind,1,3,4,80-77-56-71,0.27908456325531006
multi,0,wind,1,3,5,88-69-93-66,0.048004258424043655
multi,0,wind,1,3,6,87-85-78-50,0.18481962382793427
multi,0,wind,1,3,7,58-96-98-67,0.12849055230617523
multi,0,wind,1,3,8,82-75-94-59,0.14500413835048676
multi,0,wind,1,3,9,90-92-63-62,0.17727506160736084
multi,0,wind,1,3,10,57-89-99-55,0.25242212414741516
multi,0,wind,1,3,11,64-79-91-83,0.07342914491891861
multi,0,wind,2,"0,1",0,68-73-86-54,0.16107721626758575
multi,0,wind,2,"0,1",1,52-53-84-74,0.1093054711818695
multi,0,wind,2,"0,1",2,70-76-51-61,0.10357612371444702
multi,0,wind,2,"0,1",3,97-72-60-95,0.2350020855665207
multi,0,wind,2,"0,1",4,80-77-56-71,0.13213539123535156
multi,0,wind,2,"0,1",5,88-69-93-66,0.055167973041534424
multi,0,wind,2,"0,1",6,87-85-78-50,0.057224877178668976
multi,0,wind,2,"0,1",7,58-96-98-67,0.2914496958255768
multi,0,wind,2,"0,1",8,82-75-94-59,0.29326942563056946
multi,0,wind,2,"0,1",9,90-92-63-62,0.30115050077438354
multi,0,wind,2,"0,1",10,57-89-99-55,0.22857379913330078
multi,0,wind,2,"0,1",11,64-79-91-83,0.10170786082744598
multi,0,wind,2,"0,2",0,68-73-86-54,-0.00303414068184793
multi,0,wind,2,"0,2",1,52-53-84-74,0.045903585851192474
multi,0,wind,2,"0,2",2,70-76-51-61,0.025305483490228653
multi,0,wind,2,"0,2",3,97-72-60-95,-0.03273114934563637
multi,0,wind,2,"0,2",4,80-77-56-71,0.11248624324798584
multi,0,wind,2,"0,2",5,88-69-93-66,-0.00636716466397047
multi,0,wind,2,"0,2",6,87-85-78-50,0.032990630716085434
multi,0,wind,2,"0,2",7,58-96-98-67,0.02950035221874714
multi,0,wind,2,"0,2",8,82-75-94-59,0.04141173139214516
multi,0,wind,2,"0,2",9,90-92-63-62,0.02123437449336052
multi,0,wind,2,"0,2",10,57-89-99-55,0.046110279858112335
multi,0,wind,2,"0,2",11,64-79-91-83,0.02838185988366604
multi,0,wind,2,"0,3",0,68-73-86-54,0.08819569647312164
multi,0,wind,2,"0,3",1,52-53-84-74,0.05165952071547508
multi,0,wind,2,"0,3",2,70-76-51-61,0.03212597966194153
multi,0,wind,2,"0,3",3,97-72-60-95,0.1069234311580658
multi,0,wind,2,"0,3",4,80-77-56-71,0.10807229578495026
multi,0,wind,2,"0,3",5,88-69-93-66,0.013052471913397312
multi,0,wind,2,"0,3",6,87-85-78-50,0.12040579319000244
multi,0,wind,2,"0,3",7,58-96-98-67,0.04324778914451599
multi,0,wind,2,"0,3",8,82-75-94-59,-0.0016005556099116802
multi,0,wind,2,"0,3",9,90-92-63-62,0.15921121835708618
multi,0,wind,2,"0,3",10,57-89-99-55,0.10502900183200836
multi,0,wind,2,"0,3",11,64-79-91-83,0.09049467742443085
multi,0,wind,2,"1,2",0,68-73-86-54,-0.02478277124464512
multi,0,wind,2,"1,2",1,52-53-84-74,0.007928040809929371
multi,0,wind,2,"1,2",2,70-76-51-61,0.04052586108446121
multi,0,wind,2,"1,2",3,97-72-60-95,-0.0019977749325335026
multi,0,wind,2,"1,2",4,80-77-56-71,0.14378315210342407
multi,0,wind,2,"1,2",5,88-69-93-66,0.0035404262598603964
multi,0,wind,2,"1,2",6,87-85-78-50,0.07095634937286377
multi,0,wind,2,"1,2",7,58-96-98-67,0.05058623477816582
multi,0,wind,2,"1,2",8,82-75-94-59,0.03747689723968506
multi,0,wind,2,"1,2",9,90-92-63-62,0.04633462429046631
multi,0,wind,2,"1,2",10,57-89-99-55,0.08209563791751862
multi,0,wind,2,"1,2",11,64-79-91-83,0.04208932816982269
multi,0,wind,2,"1,3",0,68-73-86-54,-0.013564007356762886
multi,0,wind,2,"1,3",1,52-53-84-74,0.0041709886863827705
multi,0,wind,2,"1,3",2,70-76-51-61,0.02588316611945629
multi,0,wind,2,"1,3",3,97-72-60-95,0.009621280245482922
multi,0,wind,2,"1,3",4,80-77-56-71,0.09347180277109146
multi,0,wind,2,"1,3",5,88-69-93-66,0.01554093323647976
multi,0,wind,2,"1,3",6,87-85-78-50,0.059643108397722244
multi,0,wind,2,"1,3",7,58-96-98-67,0.051799219101667404
multi,0,wind,2,"1,3",8,82-75-94-59,0.050884779542684555
multi,0,wind,2,"1,3",9,90-92-63-62,0.06292170286178589
multi,0,wind,2,"1,3",10,57-89-99-55,0.07250777631998062
multi,0,wind,2,"1,3",11,64-79-91-83,0.04689604789018631
multi,0,wind,2,"2,3",0,68-73-86-54,0.09976305812597275
multi,0,wind,2,"2,3",1,52-53-84-74,-0.03910243511199951
multi,0,wind,2,"2,3",2,70-76-51-61,0.15163758397102356
multi,0,wind,2,"2,3",3,97-72-60-95,0.10399416834115982
multi,0,wind,2,"2,3",4,80-77-56-71,0.20064043998718262
multi,0,wind,2,"2,3",5,88-69-93-66,0.03259175270795822
multi,0,wind,2,"2,3",6,87-85-78-50,0.1670980602502823
multi,0,wind,2,"2,3",7,58-96-98-67,0.09855767339468002
multi,0,wind,2,"2,3",8,82-75-94-59,-0.0020702385809272528
multi,0,wind,2,"2,3",9,90-92-63-62,0.04977594316005707
multi,0,wind,2,"2,3",10,57-89-99-55,0.22868841886520386
multi,0,wind,2,"2,3",11,64-79-91-83,0.01903734914958477
multi,0,wind,3,"0,1,2",0,68-73-86-54,-0.01203265693038702
multi,0,wind,3,"0,1,2",1,52-53-84-74,0.016485705971717834
multi,0,wind,3,"0,1,2",2,70-76-51-61,0.011892329901456833
multi,0,wind,3,"0,1,2",3,97-72-60-95,-0.02137063816189766
multi,0,wind,3,"0,1,2",4,80-77-56-71,0.10504662245512009
multi,0,wind,3,"0,1,2",5,88-69-93-66,-0.009463031776249409
multi,0,wind,3,"0,1,2",6,87-85-78-50,0.06981281191110611
multi,0,wind,3,"0,1,2",7,58-96-98-67,0.010635568760335445
multi,0,wind,3,"0,1,2",8,82-75-94-59,0.03433610871434212
multi,0,wind,3,"0,1,2",9,90-92-63-62,0.04220655560493469
multi,0,wind,3,"0,1,2",10,57-89-99-55,0.0293754693120718
multi,0,wind,3,"0,1,2",11,64-79-91-83,0.01651262678205967
multi,0,wind,3,"0,1,3",0,68-73-86-54,0.008523190394043922
multi,0,wind,3,"0,1,3",1,52-53-84-74,0.028673920780420303
multi,0,wind,3,"0,1,3",2,70-76-51-61,-0.010155864991247654
multi,0,wind,3,"0,1,3",3,97-72-60-95,-0.021074820309877396
multi,0,wind,3,"0,1,3",4,80-77-56-71,0.07884787023067474
multi,0,wind,3,"0,1,3",5,88-69-93-66,0.0031646962743252516
multi,0,wind,3,"0,1,3",6,87-85-78-50,0.038230281323194504
multi,0,wind,3,"0,1,3",7,58-96-98-67,0.02252993918955326
multi,0,wind,3,"0,1,3",8,82-75-94-59,0.03745060786604881
multi,0,wind,3,"0,1,3",9,90-92-63-62,0.036712098866701126
multi,0,wind,3,"0,1,3",10,57-89-99-55,0.030902890488505363
multi,0,wind,3,"0,1,3",11,64-79-91-83,0.034064438194036484
multi,0,wind,3,"0,2,3",0,68-73-86-54,0.00888457428663969
multi,0,wind,3,"0,2,3",1,52-53-84-74,0.01015439908951521
multi,0,wind,3,"0,2,3",2,70-76-51-61,0.029033716768026352
multi,0,wind,3,"0,2,3",3,97-72-60-95,0.006558699533343315
multi,0,wind,3,"0,2,3",4,80-77-56-71,0.0939856767654419
multi,0,wind,3,"0,2,3",5,88-69-93-66,0.0007942701922729611
multi,0,wind,3,"0,2,3",6,87-85-78-50,0.014846531674265862
multi,0,wind,3,"0,2,3",7,58-96-98-67,0.009120436385273933
multi,0,wind,3,"0,2,3",8,82-75-94-59,0.02300114370882511
multi,0,wind,3,"0,2,3",9,90-92-63-62,0.01963329315185547
multi,0,wind,3,"0,2,3",10,57-89-99-55,0.032838426530361176
multi,0,wind,3,"0,2,3",11,64-79-91-83,0.01689121127128601
multi,0,wind,3,"1,2,3",0,68-73-86-54,-0.008451776579022408
multi,0,wind,3,"1,2,3",1,52-53-84-74,-0.0016304763266816735
multi,0,wind,3,"1,2,3",2,70-76-51-61,0.0473269559442997
multi,0,wind,3,"1,2,3",3,97-72-60-95,0.02458188496530056
multi,0,wind,3,"1,2,3",4,80-77-56-71,0.11415213346481323
multi,0,wind,3,"1,2,3",5,88-69-93-66,0.029740456491708755
multi,0,wind,3,"1,2,3",6,87-85-78-50,0.0397535115480423
multi,0,wind,3,"1,2,3",7,58-96-98-67,0.030529145151376724
multi,0,wind,3,"1,2,3",8,82-75-94-59,0.028278350830078125
multi,0,wind,3,"1,2,3",9,90-92-63-62,0.03607511520385742
multi,0,wind,3,"1,2,3",10,57-89-99-55,0.06458097696304321
multi,0,wind,3,"1,2,3",11,64-79-91-83,0.045439884066581726
multi,0,wind,4,"0,1,2,3",0,68-73-86-54,-0.008960196748375893
multi,0,wind,4,"0,1,2,3",1,52-53-84-74,0.01631888747215271
multi,0,wind,4,"0,1,2,3",2,70-76-51-61,0.022024935111403465
multi,0,wind,4,"0,1,2,3",3,97-72-60-95,0.008200949989259243
multi,0,wind,4,"0,1,2,3",4,80-77-56-71,0.0695093497633934
multi,0,wind,4,"0,1,2,3",5,88-69-93-66,0.013505429029464722
multi,0,wind,4,"0,1,2,3",6,87-85-78-50,0.03227915242314339
multi,0,wind,4,"0,1,2,3",7,58-96-98-67,-0.005737096071243286
multi,0,wind,4,"0,1,2,3",8,82-75-94-59,0.017687661573290825
multi,0,wind,4,"0,1,2,3",9,90-92-63-62,0.013283648528158665
multi,0,wind,4,"0,1,2,3",10,57-89-99-55,0.021503835916519165
multi,0,wind,4,"0,1,2,3",11,64-79-91-83,0.015510139986872673
multi,0,sand,0,,0,68-73-86-54,0.2797372043132782
multi,0,sand,0,,1,52-53-84-74,0.11589881032705307
multi,0,sand,0,,2,70-76-51-61,0.22731542587280273
multi,0,sand,0,,3,97-72-60-95,0.2598065435886383
multi,0,sand,0,,4,80-77-56-71,0.2672751843929291
multi,0,sand,0,,5,88-69-93-66,0.4175495505332947
multi,0,sand,0,,6,87-85-78-50,0.2953818142414093
multi,0,sand,0,,7,58-96-98-67,0.20191244781017303
multi,0,sand,0,,8,82-75-94-59,0.28593310713768005
multi,0,sand,0,,9,90-92-63-62,0.19566543400287628
multi,0,sand,0,,10,57-89-99-55,0.4824601709842682
multi,0,sand,0,,11,64-79-91-83,0.3649574816226959
multi,0,sand,1,0,0,68-73-86-54,0.14801616966724396
multi,0,sand,1,0,1,52-53-84-74,0.09402164816856384
multi,0,sand,1,0,2,70-76-51-61,0.167277529835701
multi,0,sand,1,0,3,97-72-60-95,0.141029492020607
multi,0,sand,1,0,4,80-77-56-71,0.1779388040304184
multi,0,sand,1,0,5,88-69-93-66,0.16296707093715668
multi,0,sand,1,0,6,87-85-78-50,0.06753450632095337
multi,0,sand,1,0,7,58-96-98-67,0.1601467877626419
multi,0,sand,1,0,8,82-75-94-59,0.252948522567749
multi,0,sand,1,0,9,90-92-63-62,0.18444640934467316
multi,0,sand,1,0,10,57-89-99-55,0.2519991099834442
multi,0,sand,1,0,11,64-79-91-83,0.04253411665558815
multi,0,sand,1,1,0,68-73-86-54,0.14801734685897827
multi,0,sand,1,1,1,52-53-84-74,0.16656406223773956
multi,0,sand,1,1,2,70-76-51-61,0.07901465147733688
multi,0,sand,1,1,3,97-72-60-95,0.18403255939483643
multi,0,sand,1,1,4,80-77-56-71,0.1369255781173706
multi,0,sand,1,1,5,88-69-93-66,0.04663430154323578
multi,0,sand,1,1,6,87-85-78-50,0.05726053565740585
multi,0,sand,1,1,7,58-96-98-67,0.2495083063840866
multi,0,sand,1,1,8,82-75-94-59,0.06573782116174698
multi,0,sand,1,1,9,90-92-63-62,0.1716684252023697
multi,0,sand,1,1,10,57-89-99-55,0.20730619132518768
multi,0,sand,1,1,11,64-79-91-83,0.0688147023320198
multi,0,sand,1,2,0,68-73-86-54,0.058573849499225616
multi,0,sand,1,2,1,52-53-84-74,0.029773354530334473
multi,0,sand,1,2,2,70-76-51-61,0.08878416568040848
multi,0,sand,1,2,3,97-72-60-95,0.006771267857402563
multi,0,sand,1,2,4,80-77-56-71,0.1066875085234642
multi,0,sand,1,2,5,88-69-93-66,0.04138986021280289
multi,0,sand,1,2,6,87-85-78-50,0.07673788070678711
multi,0,sand,1,2,7,58-96-98-67,0.027322297915816307
multi,0,sand,1,2,8,82-75-94-59,0.06479470431804657
multi,0,sand,1,2,9,90-92-63-62,0.04329616576433182
multi,0,sand,1,2,10,57-89-99-55,0.10662543028593063
multi,0,sand,1,2,11,64-79-91-83,0.03886260464787483
multi,0,sand,1,3,0,68-73-86-54,0.0869293063879013
multi,0,sand,1,3,1,52-53-84-74,0.006998296827077866
multi,0,sand,1,3,2,70-76-51-61,0.04188886657357216
multi,0,sand,1,3,3,97-72-60-95,0.003641944145783782
multi,0,sand,1,3,4,80-77-56-71,0.10883418470621109
multi,0,sand,1,3,5,88-69-93-66,0.03235550597310066
multi,0,sand,1,3,6,87-85-78-50,0.11866514384746552
multi,0,sand,1,3,7,58-96-98-67,0.09079325199127197
multi,0,sand,1,3,8,82-75-94-59,0.06756793707609177
multi,0,sand,1,3,9,90-92-63-62,0.18070033192634583
multi,0,sand,1,3,10,57-89-99-55,0.14357472956180573
multi,0,sand,1,3,11,64-79-91-83,0.12519405782222748
multi,0,sand,2,"0,1",0,68-73-86-54,0.12207230180501938
multi,0,sand,2,"0,1",1,52-53-84-74,0.07680561393499374
multi,0,sand,2,"0,1",2,70-76-51-61,0.08081384003162384
multi,0,sand,2,"0,1",3,97-72-60-95,0.12436147779226303
multi,0,sand,2,"0,1",4,80-77-56-71,0.09548334032297134
multi,0,sand,2,"0,1",5,88-69-93-66,0.03515922650694847
multi,0,sand,2,"0,1",6,87-85-78-50,0.04319395497441292
multi,0,sand,2,"0,1",7,58-96-98-67,0.1529359519481659
multi,0,sand,2,"0,1",8,82-75-94-59,0.07291766256093979
multi,0,sand,2,"0,1",9,90-92-63-62,0.05944640561938286
multi,0,sand,2,"0,1",10,57-89-99-55,0.0954967737197876
multi,0,sand,2,"0,1",11,64-79-91-83,0.037435393780469894
multi,0,sand,2,"0,2",0,68-73-86-54,0.014279983937740326
multi,0,sand,2,"0,2",1,52-53-84-74,0.023087799549102783
multi,0,sand,2,"0,2",2,70-76-51-61,0.038109924644231796
multi,0,sand,2,"0,2",3,97-72-60-95,0.02632659673690796
multi,0,sand,2,"0,2",4,80-77-56-71,0.03329457342624664
multi,0,sand,2,"0,2",5,88-69-93-66,0.010962794534862041
multi,0,sand,2,"0,2",6,87-85-78-50,0.009186078794300556
multi,0,sand,2,"0,2",7,58-96-98-67,0.009771094657480717
multi,0,sand,2,"0,2",8,82-75-94-59,0.016291474923491478
multi,0,sand,2,"0,2",9,90-92-63-62,0.010066190734505653
multi,0,sand,2,"0,2",10,57-89-99-55,0.04298083111643791
multi,0,sand,2,"0,2",11,64-79-91-83,0.031107662245631218
multi,0,sand,2,"0,3",0,68-73-86-54,0.06378036737442017
multi,0,sand,2,"0,3",1,52-53-84-74,0.007339452859014273
multi,0,sand,2,"0,3",2,70-76-51-61,0.02764633111655712
multi,0,sand,2,"0,3",3,97-72-60-95,0.02438325807452202
multi,0,sand,2,"0,3",4,80-77-56-71,0.04444345831871033
multi,0,sand,2,"0,3",5,88-69-93-66,0.02103785052895546
multi,0,sand,2,"0,3",6,87-85-78-50,0.1309308260679245
multi,0,sand,2,"0,3",7,58-96-98-67,0.031697437167167664
multi,0,sand,2,"0,3",8,82-75-94-59,-0.0014219703152775764
multi,0,sand,2,"0,3",9,90-92-63-62,0.13362529873847961
multi,0,sand,2,"0,3",10,57-89-99-55,0.02124693989753723
multi,0,sand,2,"0,3",11,64-79-91-83,-0.0055555310100317
multi,0,sand,2,"1,2",0,68-73-86-54,0.012610566802322865
multi,0,sand,2,"1,2",1,52-53-84-74,0.0367586612701416
multi,0,sand,2,"1,2",2,70-76-51-61,0.028184799477458
multi,0,sand,2,"1,2",3,97-72-60-95,0.02425343729555607
multi,0,sand,2,"1,2",4,80-77-56-71,0.02404988743364811
multi,0,sand,2,"1,2",5,88-69-93-66,0.007795677520334721
multi,0,sand,2,"1,2",6,87-85-78-50,0.007798093371093273
multi,0,sand,2,"1,2",7,58-96-98-67,0.006978359539061785
multi,0,sand,2,"1,2",8,82-75-94-59,0.00637667765840888
multi,0,sand,2,"1,2",9,90-92-63-62,0.013659616000950336
multi,0,sand,2,"1,2",10,57-89-99-55,0.031238004565238953
multi,0,sand,2,"1,2",11,64-79-91-83,0.011200892738997936
multi,0,sand,2,"1,3",0,68-73-86-54,0.015151005238294601
multi,0,sand,2,"1,3",1,52-53-84-74,0.0232995692640543
multi,0,sand,2,"1,3",2,70-76-51-61,0.016088033095002174
multi,0,sand,2,"1,3",3,97-72-60-95,0.0035930003505200148
multi,0,sand,2,"1,3",4,80-77-56-71,0.014396133832633495
multi,0,sand,2,"1,3",5,88-69-93-66,0.0047796331346035
multi,0,sand,2,"1,3",6,87-85-78-50,0.036796461790800095
multi,0,sand,2,"1,3",7,58-96-98-67,0.006182336248457432
multi,0,sand,2,"1,3",8,82-75-94-59,-0.006204500794410706
multi,0,sand,2,"1,3",9,90-92-63-62,-0.012842758558690548
multi,0,sand,2,"1,3",10,57-89-99-55,0.025361571460962296
multi,0,sand,2,"1,3",11,64-79-91-83,-0.00504752853885293
multi,0,sand,2,"2,3",0,68-73-86-54,0.034704215824604034
multi,0,sand,2,"2,3",1,52-53-84-74,0.03998635709285736
multi,0,sand,2,"2,3",2,70-76-51-61,0.08806499093770981
multi,0,sand,2,"2,3",3,97-72-60-95,-0.02350616827607155
multi,0,sand,2,"2,3",4,80-77-56-71,0.06965772807598114
multi,0,sand,2,"2,3",5,88-69-93-66,0.031131165102124214
multi,0,sand,2,"2,3",6,87-85-78-50,0.07573617994785309
multi,0,sand,2,"2,3",7,58-96-98-67,-0.0029553642962127924
multi,0,sand,2,"2,3",8,82-75-94-59,0.029157524928450584
multi,0,sand,2,"2,3",9,90-92-63-62,-0.0011500073596835136
multi,0,sand,2,"2,3",10,57-89-99-55,0.06697497516870499
multi,0,sand,2,"2,3",11,64-79-91-83,0.02495286799967289
multi,0,sand,3,"0,1,2",0,68-73-86-54,0.005440562963485718
multi,0,sand,3,"0,1,2",1,52-53-84-74,0.010783029720187187
multi,0,sand,3,"0,1,2",2,70-76-51-61,0.014063771814107895
multi,0,sand,3,"0,1,2",3,97-72-60-95,0.011759044602513313
multi,0,sand,3,"0,1,2",4,80-77-56-71,0.005943229887634516
multi,0,sand,3,"0,1,2",5,88-69-93-66,0.007314002141356468
multi,0,sand,3,"0,1,2",6,87-85-78-50,0.0044710878282785416
multi,0,sand,3,"0,1,2",7,58-96-98-67,0.0038367193192243576
multi,0,sand,3,"0,1,2",8,82-75-94-59,0.01096478383988142
multi,0,sand,3,"0,1,2",9,90-92-63-62,0.008107454515993595
multi,0,sand,3,"0,1,2",10,57-89-99-55,0.009923096746206284
multi,0,sand,3,"0,1,2",11,64-79-91-83,0.0062898374162614346
multi,0,sand,3,"0,1,3",0,68-73-86-54,0.006895856000483036
multi,0,sand,3,"0,1,3",1,52-53-84-74,0.006513301283121109
multi,0,sand,3,"0,1,3",2,70-76-51-61,0.002578734653070569
multi,0,sand,3,"0,1,3",3,97-72-60-95,-0.002030222211033106
multi,0,sand,3,"0,1,3",4,80-77-56-71,0.007992465049028397
multi,0,sand,3,"0,1,3",5,88-69-93-66,0.006099949590861797
multi,0,sand,3,"0,1,3",6,87-85-78-50,0.028885815292596817
multi,0,sand,3,"0,1,3",7,58-96-98-67,0.004544976633042097
multi,0,sand,3,"0,1,3",8,82-75-94-59,0.0076661971397697926
multi,0,sand,3,"0,1,3",9,90-92-63-62,0.0015286578563973308
multi,0,sand,3,"0,1,3",10,57-89-99-55,0.011947378516197205
multi,0,sand,3,"0,1,3",11,64-79-91-83,-0.0018080802401527762
multi,0,sand,3,"0,2,3",0,68-73-86-54,0.0040107895620167255
multi,0,sand,3,"0,2,3",1,52-53-84-74,-0.0013520682696253061
multi,0,sand,3,"0,2,3",2,70-76-51-61,0.007768177427351475
multi,0,sand,3,"0,2,3",3,97-72-60-95,0.007611166685819626
multi,0,sand,3,"0,2,3",4,80-77-56-71,0.014929531142115593
multi,0,sand,3,"0,2,3",5,88-69-93-66,-0.0024494300596415997
multi,0,sand,3,"0,2,3",6,87-85-78-50,0.0011733531719073653
multi,0,sand,3,"0,2,3",7,58-96-98-67,0.0011903519043698907
multi,0,sand,3,"0,2,3",8,82-75-94-59,-0.004665715619921684
multi,0,sand,3,"0,2,3",9,90-92-63-62,0.0002697306626942009
multi,0,sand,3,"0,2,3",10,57-89-99-55,0.009883672930300236
multi,0,sand,3,"0,2,3",11,64-79-91-83,0.006048228591680527
multi,0,sand,3,"1,2,3",0,68-73-86-54,0.005487966351211071
multi,0,sand,3,"1,2,3",1,52-53-84-74,0.0074475109577178955
multi,0,sand,3,"1,2,3",2,70-76-51-61,0.007672202307730913
multi,0,sand,3,"1,2,3",3,97-72-60-95,0.00624133599922061
multi,0,sand,3,"1,2,3",4,80-77-56-71,0.008281039074063301
multi,0,sand,3,"1,2,3",5,88-69-93-66,0.00034976922324858606
multi,0,sand,3,"1,2,3",6,87-85-78-50,0.004430953413248062
multi,0,sand,3,"1,2,3",7,58-96-98-67,0.0036850764881819487
multi,0,sand,3,"1,2,3",8,82-75-94-59,-0.0034896908327937126
multi,0,sand,3,"1,2,3",9,90-92-63-62,0.003408561460673809
multi,0,sand,3,"1,2,3",10,57-89-99-55,0.010719310492277145
multi,0,sand,3,"1,2,3",11,64-79-91-83,0.003784859785810113
multi,0,sand,4,"0,1,2,3",0,68-73-86-54,0.0021814885549247265
multi,0,sand,4,"0,1,2,3",1,52-53-84-74,0.0018198402831330895
multi,0,sand,4,"0,1,2,3",2,70-76-51-61,0.003081368515267968
multi,0,sand,4,"0,1,2,3",3,97-72-60-95,0.0024134614504873753
multi,0,sand,4,"0,1,2,3",4,80-77-56-71,0.0019885196816176176
multi,0,sand,4,"0,1,2,3",5,88-69-93-66,0.0018631650600582361
multi,0,sand,4,"0,1,2,3",6,87-85-78-50,0.002592161064967513
multi,0,sand,4,"0,1,2,3",7,58-96-98-67,0.0019885266665369272
multi,0,sand,4,"0,1,2,3",8,82-75-94-59,0.0017541839042678475
multi,0,sand,4,"0,1,2,3",9,90-92-63-62,0.001817504526115954
multi,0,sand,4,"0,1,2,3",10,57-89-99-55,0.00298101594671607
multi,0,sand,4,"0,1,2,3",11,64-79-91-83,0.001787113375030458
multi,0,slope_up,0,,0,68-73-86-54,0.2045566886663437
multi,0,slope_up,0,,1,52-53-84-74,0.06301766633987427
multi,0,slope_up,0,,2,70-76-51-61,0.2842046618461609
multi,0,slope_up,0,,3,97-72-60-95,0.21497659385204315
multi,0,slope_up,0,,4,80-77-56-71,0.2639935314655304
multi,0,slope_up,0,,5,88-69-93-66,0.3652094602584839
multi,0,slope_up,0,,6,87-85-78-50,0.24203789234161377
multi,0,slope_up,0,,7,58-96-98-67,0.3465536832809448
multi,0,slope_up,0,,8,82-75-94-59,0.3619021773338318
multi,0,slope_up,0,,9,90-92-63-62,0.22152011096477509
multi,0,slope_up,0,,10,57-89-99-55,0.4598965346813202
multi,0,slope_up,0,,11,64-79-91-83,0.1692998707294464
multi,0,slope_up,1,0,0,68-73-86-54,0.13859117031097412
multi,0,slope_up,1,0,1,52-53-84-74,0.07251152396202087
multi,0,slope_up,1,0,2,70-76-51-61,0.1088559627532959
multi,0,slope_up,1,0,3,97-72-60-95,0.12054277956485748
multi,0,slope_up,1,0,4,80-77-56-71,0.14108936488628387
multi,0,slope_up,1,0,5,88-69-93-66,0.13705720007419586
multi,0,slope_up,1,0,6,87-85-78-50,0.07495968788862228
multi,0,slope_up,1,0,7,58-96-98-67,0.1229289248585701
multi,0,slope_up,1,0,8,82-75-94-59,0.14571526646614075
multi,0,slope_up,1,0,9,90-92-63-62,0.12872758507728577
multi,0,slope_up,1,0,10,57-89-99-55,0.19521912932395935
multi,0,slope_up,1,0,11,64-79-91-83,0.04926604777574539
multi,0,slope_up,1,1,0,68-73-86-54,0.13871435821056366
multi,0,slope_up,1,1,1,52-53-84-74,0.1197502613067627
multi,0,slope_up,1,1,2,70-76-51-61,0.09427952766418457
multi,0,slope_up,1,1,3,97-72-60-95,0.18155522644519806
multi,0,slope_up,1,1,4,80-77-56-71,0.11376025527715683
multi,0,slope_up,1,1,5,88-69-93-66,0.032620325684547424
multi,0,slope_up,1,1,6,87-85-78-50,0.07243634015321732
multi,0,slope_up,1,1,7,58-96-98-67,0.18309667706489563
multi,0,slope_up,1,1,8,82-75-94-59,0.14945834875106812
multi,0,slope_up,1,1,9,90-92-63-62,0.08659204095602036
multi,0,slope_up,1,1,10,57-89-99-55,0.178792804479599
multi,0,slope_up,1,1,11,64-79-91-83,0.04159478470683098
multi,0,slope_up,1,2,0,68-73-86-54,0.052695199847221375
multi,0,slope_up,1,2,1,52-53-84-74,-0.010216843336820602
multi,0,slope_up,1,2,2,70-76-51-61,0.09592968225479126
multi,0,slope_up,1,2,3,97-72-60-95,-0.01631922274827957
multi,0,slope_up,1,2,4,80-77-56-71,0.1456260234117508
multi,0,slope_up,1,2,5,88-69-93-66,0.06282250583171844
multi,0,slope_up,1,2,6,87-85-78-50,0.07235441356897354
multi,0,slope_up,1,2,7,58-96-98-67,0.02504873089492321
multi,0,slope_up,1,2,8,82-75-94-59,0.033125150948762894
multi,0,slope_up,1,2,9,90-92-63-62,0.01819981448352337
multi,0,slope_up,1,2,10,57-89-99-55,0.13575942814350128
multi,0,slope_up,1,2,11,64-79-91-83,-0.003099424298852682
multi,0,slope_up,1,3,0,68-73-86-54,-0.014518752694129944
multi,0,slope_up,1,3,1,52-53-84-74,0.042003292590379715
multi,0,slope_up,1,3,2,70-76-51-61,0.07672253251075745
multi,0,slope_up,1,3,3,97-72-60-95,0.02060338295996189
multi,0,slope_up,1,3,4,80-77-56-71,0.10801023989915848
multi,0,slope_up,1,3,5,88-69-93-66,0.09214658290147781
multi,0,slope_up,1,3,6,87-85-78-50,0.10894205421209335
multi,0,slope_up,1,3,7,58-96-98-67,0.08026211708784103
multi,0,slope_up,1,3,8,82-75-94-59,0.0423995666205883
multi,0,slope_up,1,3,9,90-92-63-62,0.15963688492774963
multi,0,slope_up,1,3,10,57-89-99-55,0.12029549479484558
multi,0,slope_up,1,3,11,64-79-91-83,0.09708863496780396
multi,0,slope_up,2,"0,1",0,68-73-86-54,0.08686612546443939
multi,0,slope_up,2,"0,1",1,52-53-84-74,0.03675941377878189
multi,0,slope_up,2,"0,1",2,70-76-51-61,0.07795335352420807
multi,0,slope_up,2,"0,1",3,97-72-60-95,0.08782047033309937
multi,0,slope_up,2,"0,1",4,80-77-56-71,0.06011135131120682
multi,0,slope_up,2,"0,1",5,88-69-93-66,0.019104477018117905
multi,0,slope_up,2,"0,1",6,87-85-78-50,0.03895798325538635
multi,0,slope_up,2,"0,1",7,58-96-98-67,0.08765208721160889
multi,0,slope_up,2,"0,1",8,82-75-94-59,0.12814471125602722
multi,0,slope_up,2,"0,1",9,90-92-63-62,0.03538334369659424
multi,0,slope_up,2,"0,1",10,57-89-99-55,0.0802050232887268
multi,0,slope_up,2,"0,1",11,64-79-91-83,0.02264520712196827
multi,0,slope_up,2,"0,2",0,68-73-86-54,0.0041621774435043335
multi,0,slope_up,2,"0,2",1,52-53-84-74,0.006249715108424425
multi,0,slope_up,2,"0,2",2,70-76-51-61,0.043861422687768936
multi,0,slope_up,2,"0,2",3,97-72-60-95,0.01605234667658806
multi,0,slope_up,2,"0,2",4,80-77-56-71,0.025374511256814003
multi,0,slope_up,2,"0,2",5,88-69-93-66,0.006399883888661861
multi,0,slope_up,2,"0,2",6,87-85-78-50,0.006881693843752146
multi,0,slope_up,2,"0,2",7,58-96-98-67,0.012773637659847736
multi,0,slope_up,2,"0,2",8,82-75-94-59,0.0099189979955554
multi,0,slope_up,2,"0,2",9,90-92-63-62,0.009365936741232872
multi,0,slope_up,2,"0,2",10,57-89-99-55,0.04445600137114525
multi,0,slope_up,2,"0,2",11,64-79-91-83,0.017405226826667786
multi,0,slope_up,2,"0,3",0,68-73-86-54,0.044265005737543106
multi,0,slope_up,2,"0,3",1,52-53-84-74,0.009902654215693474
multi,0,slope_up,2,"0,3",2,70-76-51-61,0.008809270337224007
multi,0,slope_up,2,"0,3",3,97-72-60-95,0.020782170817255974
multi,0,slope_up,2,"0,3",4,80-77-56-71,0.030328815802931786
multi,0,slope_up,2,"0,3",5,88-69-93-66,0.006241921801120043
multi,0,slope_up,2,"0,3",6,87-85-78-50,0.1237688884139061
multi,0,slope_up,2,"0,3",7,58-96-98-67,0.046743735671043396
multi,0,slope_up,2,"0,3",8,82-75-94-59,-0.0022313387598842382
multi,0,slope_up,2,"0,3",9,90-92-63-62,0.11389850080013275
multi,0,slope_up,2,"0,3",10,57-89-99-55,0.009467370808124542
multi,0,slope_up,2,"0,3",11,64-79-91-83,-0.010432727634906769
multi,0,slope_up,2,"1,2",0,68-73-86-54,0.009190017357468605
multi,0,slope_up,2,"1,2",1,52-53-84-74,0.034335121512413025
multi,0,slope_up,2,"1,2",2,70-76-51-61,0.03265722095966339
multi,0,slope_up,2,"1,2",3,97-72-60-95,0.019307993352413177
multi,0,slope_up,2,"1,2",4,80-77-56-71,0.021118570119142532
multi,0,slope_up,2,"1,2",5,88-69-93-66,0.001786049222573638
multi,0,slope_up,2,"1,2",6,87-85-78-50,0.0024949617218226194
multi,0,slope_up,2,"1,2",7,58-96-98-67,0.0037330694030970335
multi,0,slope_up,2,"1,2",8,82-75-94-59,0.005239179823547602
multi,0,slope_up,2,"1,2",9,90-92-63-62,0.01023702323436737
multi,0,slope_up,2,"1,2",10,57-89-99-55,0.04378563165664673
multi,0,slope_up,2,"1,2",11,64-79-91-83,0.011915336363017559
multi,0,slope_up,2,"1,3",0,68-73-86-54,0.01693483255803585
multi,0,slope_up,2,"1,3",1,52-53-84-74,0.016817746683955193
multi,0,slope_up,2,"1,3",2,70-76-51-61,0.017432359978556633
multi,0,slope_up,2,"1,3",3,97-72-60-95,0.01815265789628029
multi,0,slope_up,2,"1,3",4,80-77-56-71,0.00692789489403367
multi,0,slope_up,2,"1,3",5,88-69-93-66,0.002980331191793084
multi,0,slope_up,2,"1,3",6,87-85-78-50,0.02601754665374756
multi,0,slope_up,2,"1,3",7,58-96-98-67,0.007784470450133085
multi,0,slope_up,2,"1,3",8,82-75-94-59,-0.0014578393893316388
multi,0,slope_up,2,"1,3",9,90-92-63-62,-0.013307742774486542
multi,0,slope_up,2,"1,3",10,57-89-99-55,0.036023784428834915
multi,0,slope_up,2,"1,3",11,64-79-91-83,0.003941677510738373
multi,0,slope_up,2,"2,3",0,68-73-86-54,0.03572815656661987
multi,0,slope_up,2,"2,3",1,52-53-84-74,-0.009114345535635948
multi,0,slope_up,2,"2,3",2,70-76-51-61,0.0710875391960144
multi,0,slope_up,2,"2,3",3,97-72-60-95,-0.024316566064953804
multi,0,slope_up,2,"2,3",4,80-77-56-71,0.09681031852960587
multi,0,slope_up,2,"2,3",5,88-69-93-66,0.014071188867092133
multi,0,slope_up,2,"2,3",6,87-85-78-50,0.07858698815107346
multi,0,slope_up,2,"2,3",7,58-96-98-67,-0.01615787483751774
multi,0,slope_up,2,"2,3",8,82-75-94-59,0.006477775517851114
multi,0,slope_up,2,"2,3",9,90-92-63-62,-0.010707276873290539
multi,0,slope_up,2,"2,3",10,57-89-99-55,0.047488946467638016
multi,0,slope_up,2,"2,3",11,64-79-91-83,0.0035385845694690943
multi,0,slope_up,3,"0,1,2",0,68-73-86-54,0.0032314679119735956
multi,0,slope_up,3,"0,1,2",1,52-53-84-74,0.004890041425824165
multi,0,slope_up,3,"0,1,2",2,70-76-51-61,0.007128870114684105
multi,0,slope_up,3,"0,1,2",3,97-72-60-95,0.005026985891163349
multi,0,slope_up,3,"0,1,2",4,80-77-56-71,0.0036384460981935263
multi,0,slope_up,3,"0,1,2",5,88-69-93-66,0.001637974288314581
multi,0,slope_up,3,"0,1,2",6,87-85-78-50,0.0017358207842335105
multi,0,slope_up,3,"0,1,2",7,58-96-98-67,0.0018017198890447617
multi,0,slope_up,3,"0,1,2",8,82-75-94-59,0.0046234517358243465
multi,0,slope_up,3,"0,1,2",9,90-92-63-62,0.004362022038549185
multi,0,slope_up,3,"0,1,2",10,57-89-99-55,0.005928462371230125
multi,0,slope_up,3,"0,1,2",11,64-79-91-83,0.0025737464893609285
multi,0,slope_up,3,"0,1,3",0,68-73-86-54,0.0045654489658772945
multi,0,slope_up,3,"0,1,3",1,52-53-84-74,0.003270711749792099
multi,0,slope_up,3,"0,1,3",2,70-76-51-61,0.005477596074342728
multi,0,slope_up,3,"0,1,3",3,97-72-60-95,0.0033322935923933983
multi,0,slope_up,3,"0,1,3",4,80-77-56-71,0.0049613527953624725
multi,0,slope_up,3,"0,1,3",5,88-69-93-66,0.0021937440615147352
multi,0,slope_up,3,"0,1,3",6,87-85-78-50,0.010510907508432865
multi,0,slope_up,3,"0,1,3",7,58-96-98-67,0.004676179029047489
multi,0,slope_up,3,"0,1,3",8,82-75-94-59,0.005381569731980562
multi,0,slope_up,3,"0,1,3",9,90-92-63-62,-0.0002638506412040442
multi,0,slope_up,3,"0,1,3",10,57-89-99-55,0.007728633005172014
multi,0,slope_up,3,"0,1,3",11,64-79-91-83,0.0024522978346794844
multi,0,slope_up,3,"0,2,3",0,68-73-86-54,0.0009493049001321197
multi,0,slope_up,3,"0,2,3",1,52-53-84-74,0.000830308475997299
multi,0,slope_up,3,"0,2,3",2,70-76-51-61,0.0069647920317947865
multi,0,slope_up,3,"0,2,3",3,97-72-60-95,0.003383228788152337
multi,0,slope_up,3,"0,2,3",4,80-77-56-71,0.007071874104440212
multi,0,slope_up,3,"0,2,3",5,88-69-93-66,0.00012169338151579723
multi,0,slope_up,3,"0,2,3",6,87-85-78-50,0.005204001907259226
multi,0,slope_up,3,"0,2,3",7,58-96-98-67,0.0009457340347580612
multi,0,slope_up,3,"0,2,3",8,82-75-94-59,-0.0026055003982037306
multi,0,slope_up,3,"0,2,3",9,90-92-63-62,0.0008546967874281108
multi,0,slope_up,3,"0,2,3",10,57-89-99-55,0.005681718699634075
multi,0,slope_up,3,"0,2,3",11,64-79-91-83,0.003650559112429619
multi,0,slope_up,3,"1,2,3",0,68-73-86-54,0.002159225521609187
multi,0,slope_up,3,"1,2,3",1,52-53-84-74,0.004360424820333719
multi,0,slope_up,3,"1,2,3",2,70-76-51-61,0.005587661638855934
multi,0,slope_up,3,"1,2,3",3,97-72-60-95,0.0042831990867853165
multi,0,slope_up,3,"1,2,3",4,80-77-56-71,0.004075066186487675
multi,0,slope_up,3,"1,2,3",5,88-69-93-66,0.0014414619654417038
multi,0,slope_up,3,"1,2,3",6,87-85-78-50,0.0022669120226055384
multi,0,slope_up,3,"1,2,3",7,58-96-98-67,0.002934184391051531
multi,0,slope_up,3,"1,2,3",8,82-75-94-59,-5.9245325246592984e-05
multi,0,slope_up,3,"1,2,3",9,90-92-63-62,0.0019995211623609066
multi,0,slope_up,3,"1,2,3",10,57-89-99-55,0.00707213394343853
multi,0,slope_up,3,"1,2,3",11,64-79-91-83,0.0029773879796266556
multi,0,slope_up,4,"0,1,2,3",0,68-73-86-54,0.0019230948528274894
multi,0,slope_up,4,"0,1,2,3",1,52-53-84-74,0.0014634430408477783
multi,0,slope_up,4,"0,1,2,3",2,70-76-51-61,0.0027208668179810047
multi,0,slope_up,4,"0,1,2,3",3,97-72-60-95,0.001997910672798753
multi,0,slope_up,4,"0,1,2,3",4,80-77-56-71,0.0017326298402622342
multi,0,slope_up,4,"0,1,2,3",5,88-69-93-66,0.0014819871867075562
multi,0,slope_up,4,"0,1,2,3",6,87-85-78-50,0.002229131991043687
multi,0,slope_up,4,"0,1,2,3",7,58-96-98-67,0.0016741988947615027
multi,0,slope_up,4,"0,1,2,3",8,82-75-94-59,0.0013357674470171332
multi,0,slope_up,4,"0,1,2,3",9,90-92-63-62,0.0014163001906126738
multi,0,slope_up,4,"0,1,2,3",10,57-89-99-55,0.0025891014374792576
multi,0,slope_up,4,"0,1,2,3",11,64-79-91-83,0.0013807981740683317
multi,0,low_gravity,0,,0,68-73-86-54,0.05242970958352089
multi,0,low_gravity,0,,1,52-53-84-74,0.012529338710010052
multi,0,low_gravity,0,,2,70-76-51-61,0.038713473826646805
multi,0,low_gravity,0,,3,97-72-60-95,0.04509009048342705
multi,0,low_gravity,0,,4,80-77-56-71,0.04950229823589325
multi,0,low_gravity,0,,5,88-69-93-66,0.043468184769153595
multi,0,low_gravity,0,,6,87-85-78-50,0.031327903270721436
multi,0,low_gravity,0,,7,58-96-98-67,0.04390634223818779
multi,0,low_gravity,0,,8,82-75-94-59,0.042889680713415146
multi,0,low_gravity,0,,9,90-92-63-62,0.04927421361207962
multi,0,low_gravity,0,,10,57-89-99-55,0.029912203550338745
multi,0,low_gravity,0,,11,64-79-91-83,0.056584592908620834
multi,0,low_gravity,1,0,0,68-73-86-54,0.0537797287106514
multi,0,low_gravity,1,0,1,52-53-84-74,0.029963672161102295
multi,0,low_gravity,1,0,2,70-76-51-61,0.0668308436870575
multi,0,low_gravity,1,0,3,97-72-60-95,0.0422656424343586
multi,0,low_gravity,1,0,4,80-77-56-71,0.06573575735092163
multi,0,low_gravity,1,0,5,88-69-93-66,0.04505770653486252
multi,0,low_gravity,1,0,6,87-85-78-50,0.015483351424336433
multi,0,low_gravity,1,0,7,58-96-98-67,0.06192799285054207
multi,0,low_gravity,1,0,8,82-75-94-59,0.06344348192214966
multi,0,low_gravity,1,0,9,90-92-63-62,0.06518509984016418
multi,0,low_gravity,1,0,10,57-89-99-55,0.04750214144587517
multi,0,low_gravity,1,0,11,64-79-91-83,0.06370873749256134
multi,0,low_gravity,1,1,0,68-73-86-54,0.03811560198664665
multi,0,low_gravity,1,1,1,52-53-84-74,0.024224326014518738
multi,0,low_gravity,1,1,2,70-76-51-61,0.010237840935587883
multi,0,low_gravity,1,1,3,97-72-60-95,0.020676860585808754
multi,0,low_gravity,1,1,4,80-77-56-71,0.06813329458236694
multi,0,low_gravity,1,1,5,88-69-93-66,0.028118155896663666
multi,0,low_gravity,1,1,6,87-85-78-50,0.05170999467372894
multi,0,low_gravity,1,1,7,58-96-98-67,0.02277999557554722
multi,0,low_gravity,1,1,8,82-75-94-59,0.06510160118341446
multi,0,low_gravity,1,1,9,90-92-63-62,0.04151960462331772
multi,0,low_gravity,1,1,10,57-89-99-55,0.03665605187416077
multi,0,low_gravity,1,1,11,64-79-91-83,0.01703549362719059
multi,0,low_gravity,1,2,0,68-73-86-54,0.027495529502630234
multi,0,low_gravity,1,2,1,52-53-84-74,0.027316782623529434
multi,0,low_gravity,1,2,2,70-76-51-61,0.03667484596371651
multi,0,low_gravity,1,2,3,97-72-60-95,0.006472643930464983
multi,0,low_gravity,1,2,4,80-77-56-71,0.027692537754774094
multi,0,low_gravity,1,2,5,88-69-93-66,0.010926537215709686
multi,0,low_gravity,1,2,6,87-85-78-50,0.034370023757219315
multi,0,low_gravity,1,2,7,58-96-98-67,0.012632520869374275
multi,0,low_gravity,1,2,8,82-75-94-59,0.01252332516014576
multi,0,low_gravity,1,2,9,90-92-63-62,0.012112869881093502
multi,0,low_gravity,1,2,10,57-89-99-55,0.02219180390238762
multi,0,low_gravity,1,2,11,64-79-91-83,0.02853388711810112
multi,0,low_gravity,1,3,0,68-73-86-54,-0.005389275494962931
multi,0,low_gravity,1,3,1,52-53-84-74,0.0010762627935037017
multi,0,low_gravity,1,3,2,70-76-51-61,0.0595468133687973
multi,0,low_gravity,1,3,3,97-72-60-95,0.00435872795060277
multi,0,low_gravity,1,3,4,80-77-56-71,0.03826858103275299
multi,0,low_gravity,1,3,5,88-69-93-66,0.04495817795395851
multi,0,low_gravity,1,3,6,87-85-78-50,0.010177243500947952
multi,0,low_gravity,1,3,7,58-96-98-67,0.032630499452352524
multi,0,low_gravity,1,3,8,82-75-94-59,0.02923974208533764
multi,0,low_gravity,1,3,9,90-92-63-62,0.06102345511317253
multi,0,low_gravity,1,3,10,57-89-99-55,0.0036229987163096666
multi,0,low_gravity,1,3,11,64-79-91-83,0.05411408841609955
multi,0,low_gravity,2,"0,1",0,68-73-86-54,0.012506172060966492
multi,0,low_gravity,2,"0,1",1,52-53-84-74,0.026074346154928207
multi,0,low_gravity,2,"0,1",2,70-76-51-61,0.01827547512948513
multi,0,low_gravity,2,"0,1",3,97-72-60-95,0.022517003118991852
multi,0,low_gravity,2,"0,1",4,80-77-56-71,0.06086518242955208
multi,0,low_gravity,2,"0,1",5,88-69-93-66,0.019823122769594193
multi,0,low_gravity,2,"0,1",6,87-85-78-50,0.03276917710900307
multi,0,low_gravity,2,"0,1",7,58-96-98-67,0.011906185187399387
multi,0,low_gravity,2,"0,1",8,82-75-94-59,0.041259318590164185
multi,0,low_gravity,2,"0,1",9,90-92-63-62,0.033445313572883606
multi,0,low_gravity,2,"0,1",10,57-89-99-55,0.02765505202114582
multi,0,low_gravity,2,"0,1",11,64-79-91-83,0.005285332445055246
multi,0,low_gravity,2,"0,2",0,68-73-86-54,0.005832549184560776
multi,0,low_gravity,2,"0,2",1,52-53-84-74,0.024473458528518677
multi,0,low_gravity,2,"0,2",2,70-76-51-61,0.021431313827633858
multi,0,low_gravity,2,"0,2",3,97-72-60-95,0.03413638100028038
multi,0,low_gravity,2,"0,2",4,80-77-56-71,0.023396411910653114
multi,0,low_gravity,2,"0,2",5,88-69-93-66,0.029352670535445213
multi,0,low_gravity,2,"0,2",6,87-85-78-50,0.031168101355433464
multi,0,low_gravity,2,"0,2",7,58-96-98-67,0.020860515534877777
multi,0,low_gravity,2,"0,2",8,82-75-94-59,0.005684564355760813
multi,0,low_gravity,2,"0,2",9,90-92-63-62,0.005888301879167557
multi,0,low_gravity,2,"0,2",10,57-89-99-55,0.007873782888054848
multi,0,low_gravity,2,"0,2",11,64-79-91-83,0.04084140807390213
multi,0,low_gravity,2,"0,3",0,68-73-86-54,0.00035175858647562563
multi,0,low_gravity,2,"0,3",1,52-53-84-74,0.0017008314607664943
multi,0,low_gravity,2,"0,3",2,70-76-51-61,0.040060918778181076
multi,0,low_gravity,2,"0,3",3,97-72-60-95,0.011682667769491673
multi,0,low_gravity,2,"0,3",4,80-77-56-71,0.0132038788869977
multi,0,low_gravity,2,"0,3",5,88-69-93-66,0.056184764951467514
multi,0,low_gravity,2,"0,3",6,87-85-78-50,0.012821211479604244
multi,0,low_gravity,2,"0,3",7,58-96-98-67,0.012143390253186226
multi,0,low_gravity,2,"0,3",8,82-75-94-59,-0.026160042732954025
multi,0,low_gravity,2,"0,3",9,90-92-63-62,0.054649632424116135
multi,0,low_gravity,2,"0,3",10,57-89-99-55,-0.008999974466860294
multi,0,low_gravity,2,"0,3",11,64-79-91-83,0.02011122927069664
multi,0,low_gravity,2,"1,2",0,68-73-86-54,0.010087703354656696
multi,0,low_gravity,2,"1,2",1,52-53-84-74,0.013347449712455273
multi,0,low_gravity,2,"1,2",2,70-76-51-61,0.000983344274573028
multi,0,low_gravity,2,"1,2",3,97-72-60-95,0.01083025336265564
multi,0,low_gravity,2,"1,2",4,80-77-56-71,0.017949286848306656
multi,0,low_gravity,2,"1,2",5,88-69-93-66,0.015819977968931198
multi,0,low_gravity,2,"1,2",6,87-85-78-50,0.021382665261626244
multi,0,low_gravity,2,"1,2",7,58-96-98-67,0.011521413922309875
multi,0,low_gravity,2,"1,2",8,82-75-94-59,-0.00547404307872057
multi,0,low_gravity,2,"1,2",9,90-92-63-62,0.02315530553460121
multi,0,low_gravity,2,"1,2",10,57-89-99-55,-0.0006235045730136335
multi,0,low_gravity,2,"1,2",11,64-79-91-83,0.024982711300253868
multi,0,low_gravity,2,"1,3",0,68-73-86-54,-0.00031796691473573446
multi,0,low_gravity,2,"1,3",1,52-53-84-74,0.021108655259013176
multi,0,low_gravity,2,"1,3",2,70-76-51-61,0.002435761969536543
multi,0,low_gravity,2,"1,3",3,97-72-60-95,0.00802601594477892
multi,0,low_gravity,2,"1,3",4,80-77-56-71,0.004069001413881779
multi,0,low_gravity,2,"1,3",5,88-69-93-66,0.011656251735985279
multi,0,low_gravity,2,"1,3",6,87-85-78-50,0.020671868696808815
multi,0,low_gravity,2,"1,3",7,58-96-98-67,0.02664928138256073
multi,0,low_gravity,2,"1,3",8,82-75-94-59,-0.007348520215600729
multi,0,low_gravity,2,"1,3",9,90-92-63-62,-0.00288585782982409
multi,0,low_gravity,2,"1,3",10,57-89-99-55,0.004447540268301964
multi,0,low_gravity,2,"1,3",11,64-79-91-83,-0.001789062051102519
multi,0,low_gravity,2,"2,3",0,68-73-86-54,0.023808185011148453
multi,0,low_gravity,2,"2,3",1,52-53-84-74,0.018066028133034706
multi,0,low_gravity,2,"2,3",2,70-76-51-61,0.04474151134490967
multi,0,low_gravity,2,"2,3",3,97-72-60-95,0.02226255275309086
multi,0,low_gravity,2,"2,3",4,80-77-56-71,0.016315944492816925
multi,0,low_gravity,2,"2,3",5,88-69-93-66,0.013936253264546394
multi,0,low_gravity,2,"2,3",6,87-85-78-50,0.029283443465828896
multi,0,low_gravity,2,"2,3",7,58-96-98-67,0.0110905971378088
multi,0,low_gravity,2,"2,3",8,82-75-94-59,0.014342866837978363
multi,0,low_gravity,2,"2,3",9,90-92-63-62,0.013343819417059422
multi,0,low_gravity,2,"2,3",10,57-89-99-55,0.0250058863312006
multi,0,low_gravity,2,"2,3",11,64-79-91-83,0.002066805027425289
multi,0,low_gravity,3,"0,1,2",0,68-73-86-54,0.009491320699453354
multi,0,low_gravity,3,"0,1,2",1,52-53-84-74,0.011126512661576271
multi,0,low_gravity,3,"0,1,2",2,70-76-51-61,0.014661486260592937
multi,0,low_gravity,3,"0,1,2",3,97-72-60-95,0.004832464735955
multi,0,low_gravity,3,"0,1,2",4,80-77-56-71,0.01653183624148369
multi,0,low_gravity,3,"0,1,2",5,88-69-93-66,0.012849877588450909
multi,0,low_gravity,3,"0,1,2",6,87-85-78-50,0.011144375428557396
multi,0,low_gravity,3,"0,1,2",7,58-96-98-67,0.006560610141605139
multi,0,low_gravity,3,"0,1,2",8,82-75-94-59,0.0043634893372654915
multi,0,low_gravity,3,"0,1,2",9,90-92-63-62,0.008058205246925354
multi,0,low_gravity,3,"0,1,2",10,57-89-99-55,0.008258742280304432
multi,0,low_gravity,3,"0,1,2",11,64-79-91-83,0.0214540958404541
multi,0,low_gravity,3,"0,1,3",0,68-73-86-54,-0.007032705005258322
multi,0,low_gravity,3,"0,1,3",1,52-53-84-74,0.023078512400388718
multi,0,low_gravity,3,"0,1,3",2,70-76-51-61,0.003637269139289856
multi,0,low_gravity,3,"0,1,3",3,97-72-60-95,0.008010062389075756
multi,0,low_gravity,3,"0,1,3",4,80-77-56-71,0.001541662379167974
multi,0,low_gravity,3,"0,1,3",5,88-69-93-66,-0.0005813892930746078
multi,0,low_gravity,3,"0,1,3",6,87-85-78-50,0.005294091999530792
multi,0,low_gravity,3,"0,1,3",7,58-96-98-67,0.02635575458407402
multi,0,low_gravity,3,"0,1,3",8,82-75-94-59,0.006243447307497263
multi,0,low_gravity,3,"0,1,3",9,90-92-63-62,0.007022663950920105
multi,0,low_gravity,3,"0,1,3",10,57-89-99-55,0.013573317788541317
multi,0,low_gravity,3,"0,1,3",11,64-79-91-83,0.005549721419811249
multi,0,low_gravity,3,"0,2,3",0,68-73-86-54,0.007398354820907116
multi,0,low_gravity,3,"0,2,3",1,52-53-84-74,0.017740124836564064
multi,0,low_gravity,3,"0,2,3",2,70-76-51-61,0.015517197549343109
multi,0,low_gravity,3,"0,2,3",3,97-72-60-95,0.01888548582792282
multi,0,low_gravity,3,"0,2,3",4,80-77-56-71,0.019948577508330345
multi,0,low_gravity,3,"0,2,3",5,88-69-93-66,0.010023052804172039
multi,0,low_gravity,3,"0,2,3",6,87-85-78-50,0.012765654362738132
multi,0,low_gravity,3,"0,2,3",7,58-96-98-67,0.01085748802870512
multi,0,low_gravity,3,"0,2,3",8,82-75-94-59,0.00336473248898983
multi,0,low_gravity,3,"0,2,3",9,90-92-63-62,-0.0005883034318685532
multi,0,low_gravity,3,"0,2,3",10,57-89-99-55,0.017680535092949867
multi,0,low_gravity,3,"0,2,3",11,64-79-91-83,0.020841261371970177
multi,0,low_gravity,3,"1,2,3",0,68-73-86-54,0.007778088562190533
multi,0,low_gravity,3,"1,2,3",1,52-53-84-74,0.010500555858016014
multi,0,low_gravity,3,"1,2,3",2,70-76-51-61,0.006739482283592224
multi,0,low_gravity,3,"1,2,3",3,97-72-60-95,0.011126440949738026
multi,0,low_gravity,3,"1,2,3",4,80-77-56-71,0.009930788539350033
multi,0,low_gravity,3,"1,2,3",5,88-69-93-66,0.010070882737636566
multi,0,low_gravity,3,"1,2,3",6,87-85-78-50,0.01212252862751484
multi,0,low_gravity,3,"1,2,3",7,58-96-98-67,0.011579521931707859
multi,0,low_gravity,3,"1,2,3",8,82-75-94-59,0.008813237771391869
multi,0,low_gravity,3,"1,2,3",9,90-92-63-62,0.013415449298918247
multi,0,low_gravity,3,"1,2,3",10,57-89-99-55,0.007064743898808956
multi,0,low_gravity,3,"1,2,3",11,64-79-91-83,0.006005971226841211
multi,0,low_gravity,4,"0,1,2,3",0,68-73-86-54,0.0075510344468057156
multi,0,low_gravity,4,"0,1,2,3",1,52-53-84-74,0.007781534921377897
multi,0,low_gravity,4,"0,1,2,3",2,70-76-51-61,0.007622758392244577
multi,0,low_gravity,4,"0,1,2,3",3,97-72-60-95,0.00755605474114418
multi,0,low_gravity,4,"0,1,2,3",4,80-77-56-71,0.007693324703723192
multi,0,low_gravity,4,"0,1,2,3",5,88-69-93-66,0.007831372320652008
multi,0,low_gravity,4,"0,1,2,3",6,87-85-78-50,0.007403538562357426
multi,0,low_gravity,4,"0,1,2,3",7,58-96-98-67,0.007767195347696543
multi,0,low_gravity,4,"0,1,2,3",8,82-75-94-59,0.00776877673342824
multi,0,low_gravity,4,"0,1,2,3",9,90-92-63-62,0.007821326144039631
multi,0,low_gravity,4,"0,1,2,3",10,57-89-99-55,0.007623673416674137
multi,0,low_gravity,4,"0,1,2,3",11,64-79-91-83,0.007803594693541527
multi_comm,0,in_dist,0,,0,68-73-86-54,0.321997731924057
multi_comm,0,in_dist,0,,1,52-53-84-74,0.2252851277589798
multi_comm,0,in_dist,0,,2,70-76-51-61,0.23187139630317688
multi_comm,0,in_dist,0,,3,97-72-60-95,0.2482350766658783
multi_comm,0,in_dist,0,,4,80-77-56-71,0.3907810151576996
multi_comm,0,in_dist,0,,5,88-69-93-66,0.47468942403793335
multi_comm,0,in_dist,0,,6,87-85-78-50,0.31251850724220276
multi_comm,0,in_dist,0,,7,58-96-98-67,0.18619799613952637
multi_comm,0,in_dist,0,,8,82-75-94-59,0.3297787606716156
multi_comm,0,in_dist,0,,9,90-92-63-62,0.3191205561161041
multi_comm,0,in_dist,0,,10,57-89-99-55,0.42223820090293884
multi_comm,0,in_dist,0,,11,64-79-91-83,0.34541139006614685
multi_comm,0,in_dist,1,0,0,68-73-86-54,0.1238400861620903
multi_comm,0,in_dist,1,0,1,52-53-84-74,0.061770450323820114
multi_comm,0,in_dist,1,0,2,70-76-51-61,0.12128587812185287
multi_comm,0,in_dist,1,0,3,97-72-60-95,0.10981379449367523
multi_comm,0,in_dist,1,0,4,80-77-56-71,0.17011821269989014
multi_comm,0,in_dist,1,0,5,88-69-93-66,0.1985304355621338
multi_comm,0,in_dist,1,0,6,87-85-78-50,0.0705794095993042
multi_comm,0,in_dist,1,0,7,58-96-98-67,0.10329493135213852
multi_comm,0,in_dist,1,0,8,82-75-94-59,0.20403175055980682
multi_comm,0,in_dist,1,0,9,90-92-63-62,0.15872208774089813
multi_comm,0,in_dist,1,0,10,57-89-99-55,0.17336241900920868
multi_comm,0,in_dist,1,0,11,64-79-91-83,0.015012236312031746
multi_comm,0,in_dist,1,1,0,68-73-86-54,0.15361541509628296
multi_comm,0,in_dist,1,1,1,52-53-84-74,0.15894685685634613
multi_comm,0,in_dist,1,1,2,70-76-51-61,0.07373400032520294
multi_comm,0,in_dist,1,1,3,97-72-60-95,0.19274890422821045
multi_comm,0,in_dist,1,1,4,80-77-56-71,0.13798870146274567
multi_comm,0,in_dist,1,1,5,88-69-93-66,0.04975372552871704
multi_comm,0,in_dist,1,1,6,87-85-78-50,0.03926801308989525
multi_comm,0,in_dist,1,1,7,58-96-98-67,0.20947322249412537
multi_comm,0,in_dist,1,1,8,82-75-94-59,0.265397846698761
multi_comm,0,in_dist,1,1,9,90-92-63-62,0.14866890013217926
multi_comm,0,in_dist,1,1,10,57-89-99-55,0.19972309470176697
multi_comm,0,in_dist,1,1,11,64-79-91-83,0.07225502282381058
multi_comm,0,in_dist,1,2,0,68-73-86-54,0.04648526385426521
multi_comm,0,in_dist,1,2,1,52-53-84-74,0.02058163657784462
multi_comm,0,in_dist,1,2,2,70-76-51-61,0.07855790853500366
multi_comm,0,in_dist,1,2,3,97-72-60-95,-0.0037726040463894606
multi_comm,0,in_dist,1,2,4,80-77-56-71,0.15074801445007324
multi_comm,0,in_dist,1,2,5,88-69-93-66,0.07582038640975952
multi_comm,0,in_dist,1,2,6,87-85-78-50,0.017108658328652382
multi_comm,0,in_dist,1,2,7,58-96-98-67,0.031849246472120285
multi_comm,0,in_dist,1,2,8,82-75-94-59,-0.02663421258330345
multi_comm,0,in_dist,1,2,9,90-92-63-62,-0.03074433095753193
multi_comm,0,in_dist,1,2,10,57-89-99-55,0.13183797895908356
multi_comm,0,in_dist,1,2,11,64-79-91-83,0.050416041165590286
multi_comm,0,in_dist,1,3,0,68-73-86-54,0.0944100096821785
multi_comm,0,in_dist,1,3,1,52-53-84-74,0.07925053685903549
multi_comm,0,in_dist,1,3,2,70-76-51-61,0.05907408893108368
multi_comm,0,in_dist,1,3,3,97-72-60-95,0.02010357566177845
multi_comm,0,in_dist,1,3,4,80-77-56-71,0.1404067575931549
multi_comm,0,in_dist,1,3,5,88-69-93-66,0.10180111974477768
multi_comm,0,in_dist,1,3,6,87-85-78-50,0.11430296301841736
multi_comm,0,in_dist,1,3,7,58-96-98-67,0.07316954433917999
multi_comm,0,in_dist,1,3,8,82-75-94-59,0.07419051229953766
multi_comm,0,in_dist,1,3,9,90-92-63-62,0.09969262033700943
multi_comm,0,in_dist,1,3,10,57-89-99-55,0.1338171809911728
multi_comm,0,in_dist,1,3,11,64-79-91-83,0.11757718771696091
multi_comm,0,in_dist,2,"0,1",0,68-73-86-54,0.07626115530729294
multi_comm,0,in_dist,2,"0,1",1,52-53-84-74,0.06428315490484238
multi_comm,0,in_dist,2,"0,1",2,70-76-51-61,0.08695026487112045
multi_comm,0,in_dist,2,"0,1",3,97-72-60-95,0.06819454580545425
multi_comm,0,in_dist,2,"0,1",4,80-77-56-71,0.06740154325962067
multi_comm,0,in_dist,2,"0,1",5,88-69-93-66,0.03884771466255188
multi_comm,0,in_dist,2,"0,1",6,87-85-78-50,0.03327132388949394
multi_comm,0,in_dist,2,"0,1",7,58-96-98-67,0.11609860509634018
multi_comm,0,in_dist,2,"0,1",8,82-75-94-59,0.17240844666957855
multi_comm,0,in_dist,2,"0,1",9,90-92-63-62,0.1269846111536026
multi_comm,0,in_dist,2,"0,1",10,57-89-99-55,0.06568372249603271
multi_comm,0,in_dist,2,"0,1",11,64-79-91-83,0.02855939045548439
multi_comm,0,in_dist,2,"0,2",0,68-73-86-54,0.004217840731143951
multi_comm,0,in_dist,2,"0,2",1,52-53-84-74,0.016105329617857933
multi_comm,0,in_dist,2,"0,2",2,70-76-51-61,0.04361648112535477
multi_comm,0,in_dist,2,"0,2",3,97-72-60-95,0.016247812658548355
multi_comm,0,in_dist,2,"0,2",4,80-77-56-71,0.025231454521417618
multi_comm,0,in_dist,2,"0,2",5,88-69-93-66,0.013746140524744987
multi_comm,0,in_dist,2,"0,2",6,87-85-78-50,0.0067993104457855225
multi_comm,0,in_dist,2,"0,2",7,58-96-98-67,0.01308092474937439
multi_comm,0,in_dist,2,"0,2",8,82-75-94-59,0.01726626791059971
multi_comm,0,in_dist,2,"0,2",9,90-92-63-62,0.010351684875786304
multi_comm,0,in_dist,2,"0,2",10,57-89-99-55,0.04409213736653328
multi_comm,0,in_dist,2,"0,2",11,64-79-91-83,0.02967204712331295
multi_comm,0,in_dist,2,"0,3",0,68-73-86-54,0.026934949681162834
multi_comm,0,in_dist,2,"0,3",1,52-53-84-74,0.008199107833206654
multi_comm,0,in_dist,2,"0,3",2,70-76-51-61,0.033053576946258545
multi_comm,0,in_dist,2,"0,3",3,97-72-60-95,0.02315601520240307
multi_comm,0,in_dist,2,"0,3",4,80-77-56-71,0.022472664713859558
multi_comm,0,in_dist,2,"0,3",5,88-69-93-66,0.03891119360923767
multi_comm,0,in_dist,2,"0,3",6,87-85-78-50,0.10822124034166336
multi_comm,0,in_dist,2,"0,3",7,58-96-98-67,0.034750521183013916
multi_comm,0,in_dist,2,"0,3",8,82-75-94-59,-0.0039539881981909275
multi_comm,0,in_dist,2,"0,3",9,90-92-63-62,0.023253614082932472
multi_comm,0,in_dist,2,"0,3",10,57-89-99-55,0.012435284443199635
multi_comm,0,in_dist,2,"0,3",11,64-79-91-83,-0.009849205613136292
multi_comm,0,in_dist,2,"1,2",0,68-73-86-54,0.009208932518959045
multi_comm,0,in_dist,2,"1,2",1,52-53-84-74,0.035701241344213486
multi_comm,0,in_dist,2,"1,2",2,70-76-51-61,0.03264285624027252
multi_comm,0,in_dist,2,"1,2",3,97-72-60-95,0.019452666863799095
multi_comm,0,in_dist,2,"1,2",4,80-77-56-71,0.021158546209335327
multi_comm,0,in_dist,2,"1,2",5,88-69-93-66,0.0017973515205085278
multi_comm,0,in_dist,2,"1,2",6,87-85-78-50,0.002417780226096511
multi_comm,0,in_dist,2,"1,2",7,58-96-98-67,0.003757242113351822
multi_comm,0,in_dist,2,"1,2",8,82-75-94-59,0.005203644745051861
multi_comm,0,in_dist,2,"1,2",9,90-92-63-62,0.010537806898355484
multi_comm,0,in_dist,2,"1,2",10,57-89-99-55,0.04508114978671074
multi_comm,0,in_dist,2,"1,2",11,64-79-91-83,0.012709331698715687
multi_comm,0,in_dist,2,"1,3",0,68-73-86-54,0.016346104443073273
multi_comm,0,in_dist,2,"1,3",1,52-53-84-74,0.01883535087108612
multi_comm,0,in_dist,2,"1,3",2,70-76-51-61,0.01694091223180294
multi_comm,0,in_dist,2,"1,3",3,97-72-60-95,0.018436281010508537
multi_comm,0,in_dist,2,"1,3",4,80-77-56-71,0.007064390927553177
multi_comm,0,in_dist,2,"1,3",5,88-69-93-66,0.0031869669910520315
multi_comm,0,in_dist,2,"1,3",6,87-85-78-50,0.025783782824873924
multi_comm,0,in_dist,2,"1,3",7,58-96-98-67,0.007773765828460455
multi_comm,0,in_dist,2,"1,3",8,82-75-94-59,-0.001445717178285122
multi_comm,0,in_dist,2,"1,3",9,90-92-63-62,-0.013664042577147484
multi_comm,0,in_dist,2,"1,3",10,57-89-99-55,0.036322806030511856
multi_comm,0,in_dist,2,"1,3",11,64-79-91-83,0.0038133233319967985
multi_comm,0,in_dist,2,"2,3",0,68-73-86-54,0.06851385533809662
multi_comm,0,in_dist,2,"2,3",1,52-53-84-74,0.041097067296504974
multi_comm,0,in_dist,2,"2,3",2,70-76-51-61,0.07831022888422012
multi_comm,0,in_dist,2,"2,3",3,97-72-60-95,0.03289603069424629
multi_comm,0,in_dist,2,"2,3",4,80-77-56-71,0.14290109276771545
multi_comm,0,in_dist,2,"2,3",5,88-69-93-66,0.03190622478723526
multi_comm,0,in_dist,2,"2,3",6,87-85-78-50,0.04470348358154297
multi_comm,0,in_dist,2,"2,3",7,58-96-98-67,-0.013170423917472363
multi_comm,0,in_dist,2,"2,3",8,82-75-94-59,-0.024908915162086487
multi_comm,0,in_dist,2,"2,3",9,90-92-63-62,-0.03404773399233818
multi_comm,0,in_dist,2,"2,3",10,57-89-99-55,0.058344755321741104
multi_comm,0,in_dist,2,"2,3",11,64-79-91-83,0.014092990197241306
multi_comm,0,in_dist,3,"0,1,2",0,68-73-86-54,0.003277704818174243
multi_comm,0,in_dist,3,"0,1,2",1,52-53-84-74,0.005237133242189884
multi_comm,0,in_dist,3,"0,1,2",2,70-76-51-61,0.007130801677703857
multi_comm,0,in_dist,3,"0,1,2",3,97-72-60-95,0.005030560307204723
multi_comm,0,in_dist,3,"0,1,2",4,80-77-56-71,0.0036450650077313185
multi_comm,0,in_dist,3,"0,1,2",5,88-69-93-66,0.0017912855837494135
multi_comm,0,in_dist,3,"0,1,2",6,87-85-78-50,0.0017351692076772451
multi_comm,0,in_dist,3,"0,1,2",7,58-96-98-67,0.0017703778576105833
multi_comm,0,in_dist,3,"0,1,2",8,82-75-94-59,0.004716729279607534
multi_comm,0,in_dist,3,"0,1,2",9,90-92-63-62,0.004564618691802025
multi_comm,0,in_dist,3,"0,1,2",10,57-89-99-55,0.00591240031644702
multi_comm,0,in_dist,3,"0,1,2",11,64-79-91-83,0.002711215754970908
multi_comm,0,in_dist,3,"0,1,3",0,68-73-86-54,0.0045889317989349365
multi_comm,0,in_dist,3,"0,1,3",1,52-53-84-74,0.003712791483849287
multi_comm,0,in_dist,3,"0,1,3",2,70-76-51-61,0.005427298601716757
multi_comm,0,in_dist,3,"0,1,3",3,97-72-60-95,0.0033314242027699947
multi_comm,0,in_dist,3,"0,1,3",4,80-77-56-71,0.004737394861876965
multi_comm,0,in_dist,3,"0,1,3",5,88-69-93-66,0.0023657414130866528
multi_comm,0,in_dist,3,"0,1,3",6,87-85-78-50,0.010521863587200642
multi_comm,0,in_dist,3,"0,1,3",7,58-96-98-67,0.004677192773669958
multi_comm,0,in_dist,3,"0,1,3",8,82-75-94-59,0.005593725945800543
multi_comm,0,in_dist,3,"0,1,3",9,90-92-63-62,5.3334304539021105e-05
multi_comm,0,in_dist,3,"0,1,3",10,57-89-99-55,0.007601126562803984
multi_comm,0,in_dist,3,"0,1,3",11,64-79-91-83,0.00260547804646194
multi_comm,0,in_dist,3,"0,2,3",0,68-73-86-54,0.0009509950177744031
multi_comm,0,in_dist,3,"0,2,3",1,52-53-84-74,0.0010319973807781935
multi_comm,0,in_dist,3,"0,2,3",2,70-76-51-61,0.006967456080019474
multi_comm,0,in_dist,3,"0,2,3",3,97-72-60-95,0.0033644039649516344
multi_comm,0,in_dist,3,"0,2,3",4,80-77-56-71,0.007064959034323692
multi_comm,0,in_dist,3,"0,2,3",5,88-69-93-66,0.00029277463909238577
multi_comm,0,in_dist,3,"0,2,3",6,87-85-78-50,0.005194344557821751
multi_comm,0,in_dist,3,"0,2,3",7,58-96-98-67,0.0009522545151412487
multi_comm,0,in_dist,3,"0,2,3",8,82-75-94-59,-0.002598449122160673
multi_comm,0,in_dist,3,"0,2,3",9,90-92-63-62,0.0009381903219036758
multi_comm,0,in_dist,3,"0,2,3",10,57-89-99-55,0.005653843749314547
multi_comm,0,in_dist,3,"0,2,3",11,64-79-91-83,0.004163211211562157
multi_comm,0,in_dist,3,"1,2,3",0,68-73-86-54,0.0021511241793632507
multi_comm,0,in_dist,3,"1,2,3",1,52-53-84-74,0.004639655351638794
multi_comm,0,in_dist,3,"1,2,3",2,70-76-51-61,0.005577696952968836
multi_comm,0,in_dist,3,"1,2,3",3,97-72-60-95,0.004305919166654348
multi_comm,0,in_dist,3,"1,2,3",4,80-77-56-71,0.004075875971466303
multi_comm,0,in_dist,3,"1,2,3",5,88-69-93-66,0.0014756183372810483
multi_comm,0,in_dist,3,"1,2,3",6,87-85-78-50,0.0022405742201954126
multi_comm,0,in_dist,3,"1,2,3",7,58-96-98-67,0.0029382703360170126
multi_comm,0,in_dist,3,"1,2,3",8,82-75-94-59,-2.9016879125265405e-05
multi_comm,0,in_dist,3,"1,2,3",9,90-92-63-62,0.0019933879375457764
multi_comm,0,in_dist,3,"1,2,3",10,57-89-99-55,0.0070832036435604095
multi_comm,0,in_dist,3,"1,2,3",11,64-79-91-83,0.003387252800166607
multi_comm,0,in_dist,4,"0,1,2,3",0,68-73-86-54,0.0019230961333960295
multi_comm,0,in_dist,4,"0,1,2,3",1,52-53-84-74,0.0015889914939180017
multi_comm,0,in_dist,4,"0,1,2,3",2,70-76-51-61,0.0027208675164729357
multi_comm,0,in_dist,4,"0,1,2,3",3,97-72-60-95,0.0019979209173470736
multi_comm,0,in_dist,4,"0,1,2,3",4,80-77-56-71,0.0017326349625363946
multi_comm,0,in_dist,4,"0,1,2,3",5,88-69-93-66,0.0015980334719642997
multi_comm,0,in_dist,4,"0,1,2,3",6,87-85-78-50,0.0022291322238743305
multi_comm,0,in_dist,4,"0,1,2,3",7,58-96-98-67,0.001674192608334124
multi_comm,0,in_dist,4,"0,1,2,3",8,82-75-94-59,0.0014196332776919007
multi_comm,0,in_dist,4,"0,1,2,3",9,90-92-63-62,0.001548195257782936
multi_comm,0,in_dist,4,"0,1,2,3",10,57-89-99-55,0.002589099807664752
multi_comm,0,in_dist,4,"0,1,2,3",11,64-79-91-83,0.0014916359214112163
multi_comm,0,wind,0,,0,68-73-86-54,0.404813289642334
multi_comm,0,wind,0,,1,52-53-84-74,0.22709667682647705
multi_comm,0,wind,0,,2,70-76-51-61,0.13173259794712067
multi_comm,0,wind,0,,3,97-72-60-95,0.20259690284729004
multi_comm,0,wind,0,,4,80-77-56-71,0.22816979885101318
multi_comm,0,wind,0,,5,88-69-93-66,0.39424824714660645
multi_comm,0,wind,0,,6,87-85-78-50,0.2926369607448578
multi_comm,0,wind,0,,7,58-96-98-67,0.27187833189964294
multi_comm,0,wind,0,,8,82-75-94-59,0.2702464759349823
multi_comm,0,wind,0,,9,90-92-63-62,0.23937773704528809
multi_comm,0,wind,0,,10,57-89-99-55,0.3256297707557678
multi_comm,0,wind,0,,11,64-79-91-83,0.19725054502487183
multi_comm,0,wind,1,0,0,68-73-86-54,0.18418407440185547
multi_comm,0,wind,1,0,1,52-53-84-74,0.13109183311462402
multi_comm,0,wind,1,0,2,70-76-51-61,0.11848984658718109
multi_comm,0,wind,1,0,3,97-72-60-95,0.11504974216222763
multi_comm,0,wind,1,0,4,80-77-56-71,0.16442160308361053
multi_comm,0,wind,1,0,5,88-69-93-66,0.2678675651550293
multi_comm,0,wind,1,0,6,87-85-78-50,0.0733194574713707
multi_comm,0,wind,1,0,7,58-96-98-67,0.2116723507642746
multi_comm,0,wind,1,0,8,82-75-94-59,0.2228010892868042
multi_comm,0,wind,1,0,9,90-92-63-62,0.30264195799827576
multi_comm,0,wind,1,0,10,57-89-99-55,0.30861109495162964
multi_comm,0,wind,1,0,11,64-79-91-83,0.12572291493415833
multi_comm,0,wind,1,1,0,68-73-86-54,0.17712678015232086
multi_comm,0,wind,1,1,1,52-53-84-74,0.11022762954235077
multi_comm,0,wind,1,1,2,70-76-51-61,0.12640762329101562
multi_comm,0,wind,1,1,3,97-72-60-95,0.2019057720899582
multi_comm,0,wind,1,1,4,80-77-56-71,0.15639042854309082
multi_comm,0,wind,1,1,5,88-69-93-66,0.14515113830566406
multi_comm,0,wind,1,1,6,87-85-78-50,0.0994880348443985
multi_comm,0,wind,1,1,7,58-96-98-67,0.2643052935600281
multi_comm,0,wind,1,1,8,82-75-94-59,0.31285420060157776
multi_comm,0,wind,1,1,9,90-92-63-62,0.2398788183927536
multi_comm,0,wind,1,1,10,57-89-99-55,0.273154616355896
multi_comm,0,wind,1,1,11,64-79-91-83,0.14058886468410492
multi_comm,0,wind,1,2,0,68-73-86-54,0.14804133772850037
multi_comm,0,wind,1,2,1,52-53-84-74,0.05759470909833908
multi_comm,0,wind,1,2,2,70-76-51-61,0.13137167692184448
multi_comm,0,wind,1,2,3,97-72-60-95,0.0648137703537941
multi_comm,0,wind,1,2,4,80-77-56-71,0.22010615468025208
multi_comm,0,wind,1,2,5,88-69-93-66,0.04705231264233589
multi_comm,0,wind,1,2,6,87-85-78-50,0.11469016969203949
multi_comm,0,wind,1,2,7,58-96-98-67,0.08929464221000671
multi_comm,0,wind,1,2,8,82-75-94-59,0.06033242493867874
multi_comm,0,wind,1,2,9,90-92-63-62,0.0746564120054245
multi_comm,0,wind,1,2,10,57-89-99-55,0.18681925535202026
multi_comm,0,wind,1,2,11,64-79-91-83,0.09251977503299713
multi_comm,0,wind,1,3,0,68-73-86-54,0.14339116215705872
multi_comm,0,wind,1,3,1,52-53-84-74,0.10060139745473862
multi_comm,0,wind,1,3,2,70-76-51-61,0.09022168070077896
multi_comm,0,wind,1,3,3,97-72-60-95,0.17002609372138977
multi_comm,0,wind,1,3,4,80-77-56-71,0.23536723852157593
multi_comm,0,wind,1,3,5,88-69-93-66,-0.016692321747541428
multi_comm,0,wind,1,3,6,87-85-78-50,0.17471110820770264
multi_comm,0,wind,1,3,7,58-96-98-67,0.10414158552885056
multi_comm,0,wind,1,3,8,82-75-94-59,0.1138790026307106
multi_comm,0,wind,1,3,9,90-92-63-62,0.10104164481163025
multi_comm,0,wind,1,3,10,57-89-99-55,0.20998471975326538
multi_comm,0,wind,1,3,11,64-79-91-83,0.13734424114227295
multi_comm,0,wind,2,"0,1",0,68-73-86-54,0.1968175321817398
multi_comm,0,wind,2,"0,1",1,52-53-84-74,0.10117294639348984
multi_comm,0,wind,2,"0,1",2,70-76-51-61,0.09893035888671875
multi_comm,0,wind,2,"0,1",3,97-72-60-95,0.20095370709896088
multi_comm,0,wind,2,"0,1",4,80-77-56-71,0.11941742151975632
multi_comm,0,wind,2,"0,1",5,88-69-93-66,0.12092921137809753
multi_comm,0,wind,2,"0,1",6,87-85-78-50,0.07743731886148453
multi_comm,0,wind,2,"0,1",7,58-96-98-67,0.290168821811676
multi_comm,0,wind,2,"0,1",8,82-75-94-59,0.18288955092430115
multi_comm,0,wind,2,"0,1",9,90-92-63-62,0.2676173746585846
multi_comm,0,wind,2,"0,1",10,57-89-99-55,0.23696936666965485
multi_comm,0,wind,2,"0,1",11,64-79-91-83,0.11788605898618698
multi_comm,0,wind,2,"0,2",0,68-73-86-54,-0.0015967320650815964
multi_comm,0,wind,2,"0,2",1,52-53-84-74,0.04299743101000786
multi_comm,0,wind,2,"0,2",2,70-76-51-61,0.025424353778362274
multi_comm,0,wind,2,"0,2",3,97-72-60-95,-0.03221298009157181
multi_comm,0,wind,2,"0,2",4,80-77-56-71,0.11226433515548706
multi_comm,0,wind,2,"0,2",5,88-69-93-66,-0.006630204152315855
multi_comm,0,wind,2,"0,2",6,87-85-78-50,0.03231808543205261
multi_comm,0,wind,2,"0,2",7,58-96-98-67,0.03084803745150566
multi_comm,0,wind,2,"0,2",8,82-75-94-59,0.04365602508187294
multi_comm,0,wind,2,"0,2",9,90-92-63-62,0.0217002984136343
multi_comm,0,wind,2,"0,2",10,57-89-99-55,0.046319205313920975
multi_comm,0,wind,2,"0,2",11,64-79-91-83,0.028677992522716522
multi_comm,0,wind,2,"0,3",0,68-73-86-54,0.05731653794646263
multi_comm,0,wind,2,"0,3",1,52-53-84-74,0.06717421114444733
multi_comm,0,wind,2,"0,3",2,70-76-51-61,0.05745541676878929
multi_comm,0,wind,2,"0,3",3,97-72-60-95,0.06502657383680344
multi_comm,0,wind,2,"0,3",4,80-77-56-71,0.10427826642990112
multi_comm,0,wind,2,"0,3",5,88-69-93-66,0.030966758728027344
multi_comm,0,wind,2,"0,3",6,87-85-78-50,0.12699592113494873
multi_comm,0,wind,2,"0,3",7,58-96-98-67,0.08812616020441055
multi_comm,0,wind,2,"0,3",8,82-75-94-59,0.06103938817977905
multi_comm,0,wind,2,"0,3",9,90-92-63-62,0.10796801745891571
multi_comm,0,wind,2,"0,3",10,57-89-99-55,0.11775939166545868
multi_comm,0,wind,2,"0,3",11,64-79-91-83,0.09401024878025055
multi_comm,0,wind,2,"1,2",0,68-73-86-54,-0.02389650046825409
multi_comm,0,wind,2,"1,2",1,52-53-84-74,0.0044361287727952
multi_comm,0,wind,2,"1,2",2,70-76-51-61,0.04079866036772728
multi_comm,0,wind,2,"1,2",3,97-72-60-95,-0.0015559634193778038
multi_comm,0,wind,2,"1,2",4,80-77-56-71,0.14273415505886078
multi_comm,0,wind,2,"1,2",5,88-69-93-66,0.004689572844654322
multi_comm,0,wind,2,"1,2",6,87-85-78-50,0.0692342072725296
multi_comm,0,wind,2,"1,2",7,58-96-98-67,0.051659226417541504
multi_comm,0,wind,2,"1,2",8,82-75-94-59,0.03725093603134155
multi_comm,0,wind,2,"1,2",9,90-92-63-62,0.04883936420083046
multi_comm,0,wind,2,"1,2",10,57-89-99-55,0.08446487039327621
multi_comm,0,wind,2,"1,2",11,64-79-91-83,0.04325483739376068
multi_comm,0,wind,2,"1,3",0,68-73-86-54,-0.013612556271255016
multi_comm,0,wind,2,"1,3",1,52-53-84-74,0.0035535043571144342
multi_comm,0,wind,2,"1,3",2,70-76-51-61,0.02473893016576767
multi_comm,0,wind,2,"1,3",3,97-72-60-95,0.012237603776156902
multi_comm,0,wind,2,"1,3",4,80-77-56-71,0.09192375838756561
multi_comm,0,wind,2,"1,3",5,88-69-93-66,0.016744503751397133
multi_comm,0,wind,2,"1,3",6,87-85-78-50,0.05938855931162834
multi_comm,0,wind,2,"1,3",7,58-96-98-67,0.05239669978618622
multi_comm,0,wind,2,"1,3",8,82-75-94-59,0.05285315215587616
multi_comm,0,wind,2,"1,3",9,90-92-63-62,0.06840578466653824
multi_comm,0,wind,2,"1,3",10,57-89-99-55,0.07033292204141617
multi_comm,0,wind,2,"1,3",11,64-79-91-83,0.04888234660029411
multi_comm,0,wind,2,"2,3",0,68-73-86-54,0.15284672379493713
multi_comm,0,wind,2,"2,3",1,52-53-84-74,0.008702973835170269
multi_comm,0,wind,2,"2,3",2,70-76-51-61,0.17076313495635986
multi_comm,0,wind,2,"2,3",3,97-72-60-95,0.09621915966272354
multi_comm,0,wind,2,"2,3",4,80-77-56-71,0.19215001165866852
multi_comm,0,wind,2,"2,3",5,88-69-93-66,0.05033612251281738
multi_comm,0,wind,2,"2,3",6,87-85-78-50,0.10771610587835312
multi_comm,0,wind,2,"2,3",7,58-96-98-67,0.10019703954458237
multi_comm,0,wind,2,"2,3",8,82-75-94-59,0.05247931182384491
multi_comm,0,wind,2,"2,3",9,90-92-63-62,0.05358292907476425
multi_comm,0,wind,2,"2,3",10,57-89-99-55,0.1692705601453781
multi_comm,0,wind,2,"2,3",11,64-79-91-83,0.058963317424058914
multi_comm,0,wind,3,"0,1,2",0,68-73-86-54,-0.012139936909079552
multi_comm,0,wind,3,"0,1,2",1,52-53-84-74,0.01685154438018799
multi_comm,0,wind,3,"0,1,2",2,70-76-51-61,0.01207970641553402
multi_comm,0,wind,3,"0,1,2",3,97-72-60-95,-0.02097894251346588
multi_comm,0,wind,3,"0,1,2",4,80-77-56-71,0.10566622018814087
multi_comm,0,wind,3,"0,1,2",5,88-69-93-66,-0.007348486687988043
multi_comm,0,wind,3,"0,1,2",6,87-85-78-50,0.06715089082717896
multi_comm,0,wind,3,"0,1,2",7,58-96-98-67,0.011057284660637379
multi_comm,0,wind,3,"0,1,2",8,82-75-94-59,0.034003183245658875
multi_comm,0,wind,3,"0,1,2",9,90-92-63-62,0.04038228094577789
multi_comm,0,wind,3,"0,1,2",10,57-89-99-55,0.031164446845650673
multi_comm,0,wind,3,"0,1,2",11,64-79-91-83,0.016957612708210945
multi_comm,0,wind,3,"0,1,3",0,68-73-86-54,0.010370706208050251
multi_comm,0,wind,3,"0,1,3",1,52-53-84-74,0.02855512872338295
multi_comm,0,wind,3,"0,1,3",2,70-76-51-61,-0.009615558199584484
multi_comm,0,wind,3,"0,1,3",3,97-72-60-95,-0.019816730171442032
multi_comm,0,wind,3,"0,1,3",4,80-77-56-71,0.07769414782524109
multi_comm,0,wind,3,"0,1,3",5,88-69-93-66,0.006062124390155077
multi_comm,0,wind,3,"0,1,3",6,87-85-78-50,0.037584494799375534
multi_comm,0,wind,3,"0,1,3",7,58-96-98-67,0.02261633239686489
multi_comm,0,wind,3,"0,1,3",8,82-75-94-59,0.03846942260861397
multi_comm,0,wind,3,"0,1,3",9,90-92-63-62,0.037179768085479736
multi_comm,0,wind,3,"0,1,3",10,57-89-99-55,0.027259916067123413
multi_comm,0,wind,3,"0,1,3",11,64-79-91-83,0.03517618775367737
multi_comm,0,wind,3,"0,2,3",0,68-73-86-54,0.00891407672315836
multi_comm,0,wind,3,"0,2,3",1,52-53-84-74,0.011362110264599323
multi_comm,0,wind,3,"0,2,3",2,70-76-51-61,0.028960134834051132
multi_comm,0,wind,3,"0,2,3",3,97-72-60-95,0.006426125764846802
multi_comm,0,wind,3,"0,2,3",4,80-77-56-71,0.09382209181785583
multi_comm,0,wind,3,"0,2,3",5,88-69-93-66,0.0002352527662878856
multi_comm,0,wind,3,"0,2,3",6,87-85-78-50,0.015100352466106415
multi_comm,0,wind,3,"0,2,3",7,58-96-98-67,0.009308289736509323
multi_comm,0,wind,3,"0,2,3",8,82-75-94-59,0.023702869191765785
multi_comm,0,wind,3,"0,2,3",9,90-92-63-62,0.020983008667826653
multi_comm,0,wind,3,"0,2,3",10,57-89-99-55,0.03222509101033211
multi_comm,0,wind,3,"0,2,3",11,64-79-91-83,0.017058152705430984
multi_comm,0,wind,3,"1,2,3",0,68-73-86-54,-0.008114009164273739
multi_comm,0,wind,3,"1,2,3",1,52-53-84-74,-0.001163082430139184
multi_comm,0,wind,3,"1,2,3",2,70-76-51-61,0.04790126159787178
multi_comm,0,wind,3,"1,2,3",3,97-72-60-95,0.025291161611676216
multi_comm,0,wind,3,"1,2,3",4,80-77-56-71,0.11351661384105682
multi_comm,0,wind,3,"1,2,3",5,88-69-93-66,0.03023071214556694
multi_comm,0,wind,3,"1,2,3",6,87-85-78-50,0.03866347298026085
multi_comm,0,wind,3,"1,2,3",7,58-96-98-67,0.031033983454108238
multi_comm,0,wind,3,"1,2,3",8,82-75-94-59,0.02789561077952385
multi_comm,0,wind,3,"1,2,3",9,90-92-63-62,0.03616824373602867
multi_comm,0,wind,3,"1,2,3",10,57-89-99-55,0.06586722284555435
multi_comm,0,wind,3,"1,2,3",11,64-79-91-83,0.04458563029766083
multi_comm,0,wind,4,"0,1,2,3",0,68-73-86-54,-0.008960984647274017
multi_comm,0,wind,4,"0,1,2,3",1,52-53-84-74,0.01631752960383892
multi_comm,0,wind,4,"0,1,2,3",2,70-76-51-61,0.02202492021024227
multi_comm,0,wind,4,"0,1,2,3",3,97-72-60-95,0.008200466632843018
multi_comm,0,wind,4,"0,1,2,3",4,80-77-56-71,0.06950921565294266
multi_comm,0,wind,4,"0,1,2,3",5,88-69-93-66,0.013506396673619747
multi_comm,0,wind,4,"0,1,2,3",6,87-85-78-50,0.03227847069501877
multi_comm,0,wind,4,"0,1,2,3",7,58-96-98-67,-0.0057365368120372295
multi_comm,0,wind,4,"0,1,2,3",8,82-75-94-59,0.017688604071736336
multi_comm,0,wind,4,"0,1,2,3",9,90-92-63-62,0.01328391395509243
multi_comm,0,wind,4,"0,1,2,3",10,57-89-99-55,0.021503617987036705
multi_comm,0,wind,4,"0,1,2,3",11,64-79-91-83,0.01551017165184021
multi_comm,0,sand,0,,0,68-73-86-54,0.3079213500022888
multi_comm,0,sand,0,,1,52-53-84-74,0.19748662412166595
multi_comm,0,sand,0,,2,70-76-51-61,0.15813560783863068
multi_comm,0,sand,0,,3,97-72-60-95,0.23450791835784912
multi_comm,0,sand,0,,4,80-77-56-71,0.28353220224380493
multi_comm,0,sand,0,,5,88-69-93-66,0.44036832451820374
multi_comm,0,sand,0,,6,87-85-78-50,0.23292648792266846
multi_comm,0,sand,0,,7,58-96-98-67,0.0572587326169014
multi_comm,0,sand,0,,8,82-75-94-59,0.3538391888141632
multi_comm,0,sand,0,,9,90-92-63-62,0.19258646667003632
multi_comm,0,sand,0,,10,57-89-99-55,0.3266739249229431
multi_comm,0,sand,0,,11,64-79-91-83,0.28036487102508545
multi_comm,0,sand,1,0,0,68-73-86-54,0.15479469299316406
multi_comm,0,sand,1,0,1,52-53-84-74,0.0731935054063797
multi_comm,0,sand,1,0,2,70-76-51-61,0.127219557762146
multi_comm,0,sand,1,0,3,97-72-60-95,0.1463536024093628
multi_comm,0,sand,1,0,4,80-77-56-71,0.16181959211826324
multi_comm,0,sand,1,0,5,88-69-93-66,0.17039723694324493
multi_comm,0,sand,1,0,6,87-85-78-50,0.09565719217061996
multi_comm,0,sand,1,0,7,58-96-98-67,0.12267152965068817
multi_comm,0,sand,1,0,8,82-75-94-59,0.18408817052841187
multi_comm,0,sand,1,0,9,90-92-63-62,0.10146205127239227
multi_comm,0,sand,1,0,10,57-89-99-55,0.21636518836021423
multi_comm,0,sand,1,0,11,64-79-91-83,0.02514336071908474
multi_comm,0,sand,1,1,0,68-73-86-54,0.15287095308303833
multi_comm,0,sand,1,1,1,52-53-84-74,0.1807265281677246
multi_comm,0,sand,1,1,2,70-76-51-61,0.08663111925125122
multi_comm,0,sand,1,1,3,97-72-60-95,0.18017791211605072
multi_comm,0,sand,1,1,4,80-77-56-71,0.11900855600833893
multi_comm,0,sand,1,1,5,88-69-93-66,0.05119951814413071
multi_comm,0,sand,1,1,6,87-85-78-50,0.03166719898581505
multi_comm,0,sand,1,1,7,58-96-98-67,0.21422302722930908
multi_comm,0,sand,1,1,8,82-75-94-59,0.06888619810342789
multi_comm,0,sand,1,1,9,90-92-63-62,0.14637120068073273
multi_comm,0,sand,1,1,10,57-89-99-55,0.18997426331043243
multi_comm,0,sand,1,1,11,64-79-91-83,0.05980614200234413
multi_comm,0,sand,1,2,0,68-73-86-54,0.07854015380144119
multi_comm,0,sand,1,2,1,52-53-84-74,0.04734865203499794
multi_comm,0,sand,1,2,2,70-76-51-61,0.08027434349060059
multi_comm,0,sand,1,2,3,97-72-60-95,0.007311776280403137
multi_comm,0,sand,1,2,4,80-77-56-71,0.08454806357622147
multi_comm,0,sand,1,2,5,88-69-93-66,0.05879611894488335
multi_comm,0,sand,1,2,6,87-85-78-50,0.03377309441566467
multi_comm,0,sand,1,2,7,58-96-98-67,0.023416731506586075
multi_comm,0,sand,1,2,8,82-75-94-59,0.023866508156061172
multi_comm,0,sand,1,2,9,90-92-63-62,0.01580403558909893
multi_comm,0,sand,1,2,10,57-89-99-55,0.12946049869060516
multi_comm,0,sand,1,2,11,64-79-91-83,0.06550057232379913
multi_comm,0,sand,1,3,0,68-73-86-54,0.08277706056833267
multi_comm,0,sand,1,3,1,52-53-84-74,0.07912620157003403
multi_comm,0,sand,1,3,2,70-76-51-61,0.05220704898238182
multi_comm,0,sand,1,3,3,97-72-60-95,0.01960921846330166
multi_comm,0,sand,1,3,4,80-77-56-71,0.14382044970989227
multi_comm,0,sand,1,3,5,88-69-93-66,0.0863555371761322
multi_comm,0,sand,1,3,6,87-85-78-50,0.09662927687168121
multi_comm,0,sand,1,3,7,58-96-98-67,0.060102175921201706
multi_comm,0,sand,1,3,8,82-75-94-59,0.07154184579849243
multi_comm,0,sand,1,3,9,90-92-63-62,0.1303274929523468
multi_comm,0,sand,1,3,10,57-89-99-55,0.09412487596273422
multi_comm,0,sand,1,3,11,64-79-91-83,0.0995117574930191
multi_comm,0,sand,2,"0,1",0,68-73-86-54,0.10522346198558807
multi_comm,0,sand,2,"0,1",1,52-53-84-74,0.08556368201971054
multi_comm,0,sand,2,"0,1",2,70-76-51-61,0.08755743503570557
multi_comm,0,sand,2,"0,1",3,97-72-60-95,0.10153734683990479
multi_comm,0,sand,2,"0,1",4,80-77-56-71,0.09727782011032104
multi_comm,0,sand,2,"0,1",5,88-69-93-66,0.036114029586315155
multi_comm,0,sand,2,"0,1",6,87-85-78-50,0.03089233487844467
multi_comm,0,sand,2,"0,1",7,58-96-98-67,0.1311071217060089
multi_comm,0,sand,2,"0,1",8,82-75-94-59,0.0692083090543747
multi_comm,0,sand,2,"0,1",9,90-92-63-62,0.15697747468948364
multi_comm,0,sand,2,"0,1",10,57-89-99-55,0.09155299514532089
multi_comm,0,sand,2,"0,1",11,64-79-91-83,0.03680542856454849
multi_comm,0,sand,2,"0,2",0,68-73-86-54,0.014909343793988228
multi_comm,0,sand,2,"0,2",1,52-53-84-74,0.02280624955892563
multi_comm,0,sand,2,"0,2",2,70-76-51-61,0.0379558727145195
multi_comm,0,sand,2,"0,2",3,97-72-60-95,0.02658035419881344
multi_comm,0,sand,2,"0,2",4,80-77-56-71,0.032794881612062454
multi_comm,0,sand,2,"0,2",5,88-69-93-66,0.010482022538781166
multi_comm,0,sand,2,"0,2",6,87-85-78-50,0.009165956638753414
multi_comm,0,sand,2,"0,2",7,58-96-98-67,0.010119061917066574
multi_comm,0,sand,2,"0,2",8,82-75-94-59,0.016426853835582733
multi_comm,0,sand,2,"0,2",9,90-92-63-62,0.009981692768633366
multi_comm,0,sand,2,"0,2",10,57-89-99-55,0.043454550206661224
multi_comm,0,sand,2,"0,2",11,64-79-91-83,0.031214497983455658
multi_comm,0,sand,2,"0,3",0,68-73-86-54,0.030340949073433876
multi_comm,0,sand,2,"0,3",1,52-53-84-74,0.012201499193906784
multi_comm,0,sand,2,"0,3",2,70-76-51-61,0.03845808655023575
multi_comm,0,sand,2,"0,3",3,97-72-60-95,0.02274819277226925
multi_comm,0,sand,2,"0,3",4,80-77-56-71,0.04540717974305153
multi_comm,0,sand,2,"0,3",5,88-69-93-66,0.02081713080406189
multi_comm,0,sand,2,"0,3",6,87-85-78-50,0.10297910869121552
multi_comm,0,sand,2,"0,3",7,58-96-98-67,0.032733019441366196
multi_comm,0,sand,2,"0,3",8,82-75-94-59,0.014033867977559566
multi_comm,0,sand,2,"0,3",9,90-92-63-62,0.024978403002023697
multi_comm,0,sand,2,"0,3",10,57-89-99-55,0.033386535942554474
multi_comm,0,sand,2,"0,3",11,64-79-91-83,-0.011629159562289715
multi_comm,0,sand,2,"1,2",0,68-73-86-54,0.012842454016208649
multi_comm,0,sand,2,"1,2",1,52-53-84-74,0.037376709282398224
multi_comm,0,sand,2,"1,2",2,70-76-51-61,0.02851983532309532
multi_comm,0,sand,2,"1,2",3,97-72-60-95,0.02450195513665676
multi_comm,0,sand,2,"1,2",4,80-77-56-71,0.02394779957830906
multi_comm,0,sand,2,"1,2",5,88-69-93-66,0.007847610861063004
multi_comm,0,sand,2,"1,2",6,87-85-78-50,0.007567888125777245
multi_comm,0,sand,2,"1,2",7,58-96-98-67,0.007074370514601469
multi_comm,0,sand,2,"1,2",8,82-75-94-59,0.006623474415391684
multi_comm,0,sand,2,"1,2",9,90-92-63-62,0.013674299232661724
multi_comm,0,sand,2,"1,2",10,57-89-99-55,0.03135798126459122
multi_comm,0,sand,2,"1,2",11,64-79-91-83,0.011286891996860504
multi_comm,0,sand,2,"1,3",0,68-73-86-54,0.014928529970347881
multi_comm,0,sand,2,"1,3",1,52-53-84-74,0.02371474914252758
multi_comm,0,sand,2,"1,3",2,70-76-51-61,0.015412217006087303
multi_comm,0,sand,2,"1,3",3,97-72-60-95,0.003835476003587246
multi_comm,0,sand,2,"1,3",4,80-77-56-71,0.014175236225128174
multi_comm,0,sand,2,"1,3",5,88-69-93-66,0.0047466084361076355
multi_comm,0,sand,2,"1,3",6,87-85-78-50,0.03676609694957733
multi_comm,0,sand,2,"1,3",7,58-96-98-67,0.0061660585924983025
multi_comm,0,sand,2,"1,3",8,82-75-94-59,-0.005939569789916277
multi_comm,0,sand,2,"1,3",9,90-92-63-62,-0.01293180137872696
multi_comm,0,sand,2,"1,3",10,57-89-99-55,0.0254278052598238
multi_comm,0,sand,2,"1,3",11,64-79-91-83,-0.005215878132730722
multi_comm,0,sand,2,"2,3",0,68-73-86-54,0.07140511274337769
multi_comm,0,sand,2,"2,3",1,52-53-84-74,0.028017472475767136
multi_comm,0,sand,2,"2,3",2,70-76-51-61,0.09708432853221893
multi_comm,0,sand,2,"2,3",3,97-72-60-95,-0.023332463577389717
multi_comm,0,sand,2,"2,3",4,80-77-56-71,0.0621117539703846
multi_comm,0,sand,2,"2,3",5,88-69-93-66,0.037104375660419464
multi_comm,0,sand,2,"2,3",6,87-85-78-50,0.038203876465559006
multi_comm,0,sand,2,"2,3",7,58-96-98-67,-0.006184111349284649
multi_comm,0,sand,2,"2,3",8,82-75-94-59,0.0049761137925088406
multi_comm,0,sand,2,"2,3",9,90-92-63-62,-0.006151896435767412
multi_comm,0,sand,2,"2,3",10,57-89-99-55,0.07515616714954376
multi_comm,0,sand,2,"2,3",11,64-79-91-83,0.028210895135998726
multi_comm,0,sand,3,"0,1,2",0,68-73-86-54,0.005395857151597738
multi_comm,0,sand,3,"0,1,2",1,52-53-84-74,0.01079783495515585
multi_comm,0,sand,3,"0,1,2",2,70-76-51-61,0.01412734854966402
multi_comm,0,sand,3,"0,1,2",3,97-72-60-95,0.011787458322942257
multi_comm,0,sand,3,"0,1,2",4,80-77-56-71,0.005914849694818258
multi_comm,0,sand,3,"0,1,2",5,88-69-93-66,0.007376345340162516
multi_comm,0,sand,3,"0,1,2",6,87-85-78-50,0.004438637290149927
multi_comm,0,sand,3,"0,1,2",7,58-96-98-67,0.0038252901285886765
multi_comm,0,sand,3,"0,1,2",8,82-75-94-59,0.010957983322441578
multi_comm,0,sand,3,"0,1,2",9,90-92-63-62,0.008101183921098709
multi_comm,0,sand,3,"0,1,2",10,57-89-99-55,0.009886832907795906
multi_comm,0,sand,3,"0,1,2",11,64-79-91-83,0.0063001434318721294
multi_comm,0,sand,3,"0,1,3",0,68-73-86-54,0.006909063085913658
multi_comm,0,sand,3,"0,1,3",1,52-53-84-74,0.0065302010625600815
multi_comm,0,sand,3,"0,1,3",2,70-76-51-61,0.0025309587363153696
multi_comm,0,sand,3,"0,1,3",3,97-72-60-95,-0.0020314722787588835
multi_comm,0,sand,3,"0,1,3",4,80-77-56-71,0.007784296292811632
multi_comm,0,sand,3,"0,1,3",5,88-69-93-66,0.006083550862967968
multi_comm,0,sand,3,"0,1,3",6,87-85-78-50,0.028942780569195747
multi_comm,0,sand,3,"0,1,3",7,58-96-98-67,0.0045387339778244495
multi_comm,0,sand,3,"0,1,3",8,82-75-94-59,0.007721857167780399
multi_comm,0,sand,3,"0,1,3",9,90-92-63-62,0.0015707829734310508
multi_comm,0,sand,3,"0,1,3",10,57-89-99-55,0.011945840902626514
multi_comm,0,sand,3,"0,1,3",11,64-79-91-83,-0.0017998359398916364
multi_comm,0,sand,3,"0,2,3",0,68-73-86-54,0.004021186847239733
multi_comm,0,sand,3,"0,2,3",1,52-53-84-74,-0.0013398034498095512
multi_comm,0,sand,3,"0,2,3",2,70-76-51-61,0.007762916386127472
multi_comm,0,sand,3,"0,2,3",3,97-72-60-95,0.007633024360984564
multi_comm,0,sand,3,"0,2,3",4,80-77-56-71,0.014903463423252106
multi_comm,0,sand,3,"0,2,3",5,88-69-93-66,-0.0023953234776854515
multi_comm,0,sand,3,"0,2,3",6,87-85-78-50,0.0011653425171971321
multi_comm,0,sand,3,"0,2,3",7,58-96-98-67,0.001174647593870759
multi_comm,0,sand,3,"0,2,3",8,82-75-94-59,-0.004647782072424889
multi_comm,0,sand,3,"0,2,3",9,90-92-63-62,0.00025709447800181806
multi_comm,0,sand,3,"0,2,3",10,57-89-99-55,0.00987886730581522
multi_comm,0,sand,3,"0,2,3",11,64-79-91-83,0.00595835130661726
multi_comm,0,sand,3,"1,2,3",0,68-73-86-54,0.005455831531435251
multi_comm,0,sand,3,"1,2,3",1,52-53-84-74,0.007478613406419754
multi_comm,0,sand,3,"1,2,3",2,70-76-51-61,0.007661598734557629
multi_comm,0,sand,3,"1,2,3",3,97-72-60-95,0.006238952279090881
multi_comm,0,sand,3,"1,2,3",4,80-77-56-71,0.008220531046390533
multi_comm,0,sand,3,"1,2,3",5,88-69-93-66,0.0003644682001322508
multi_comm,0,sand,3,"1,2,3",6,87-85-78-50,0.004381073173135519
multi_comm,0,sand,3,"1,2,3",7,58-96-98-67,0.003686445765197277
multi_comm,0,sand,3,"1,2,3",8,82-75-94-59,-0.003403033595532179
multi_comm,0,sand,3,"1,2,3",9,90-92-63-62,0.003401396796107292
multi_comm,0,sand,3,"1,2,3",10,57-89-99-55,0.010733428411185741
multi_comm,0,sand,3,"1,2,3",11,64-79-91-83,0.003743385896086693
multi_comm,0,sand,4,"0,1,2,3",0,68-73-86-54,0.0021815267391502857
multi_comm,0,sand,4,"0,1,2,3",1,52-53-84-74,0.0018198834732174873
multi_comm,0,sand,4,"0,1,2,3",2,70-76-51-61,0.003081370610743761
multi_comm,0,sand,4,"0,1,2,3",3,97-72-60-95,0.00241345283575356
multi_comm,0,sand,4,"0,1,2,3",4,80-77-56-71,0.001988549018278718
multi_comm,0,sand,4,"0,1,2,3",5,88-69-93-66,0.0018632266437634826
multi_comm,0,sand,4,"0,1,2,3",6,87-85-78-50,0.002592146396636963
multi_comm,0,sand,4,"0,1,2,3",7,58-96-98-67,0.0019885485526174307
multi_comm,0,sand,4,"0,1,2,3",8,82-75-94-59,0.0017542216228321195
multi_comm,0,sand,4,"0,1,2,3",9,90-92-63-62,0.001817568321712315
multi_comm,0,sand,4,"0,1,2,3",10,57-89-99-55,0.0029809889383614063
multi_comm,0,sand,4,"0,1,2,3",11,64-79-91-83,0.0017870668089017272
multi_comm,0,slope_up,0,,0,68-73-86-54,0.36140742897987366
multi_comm,0,slope_up,0,,1,52-53-84-74,0.19396370649337769
multi_comm,0,slope_up,0,,2,70-76-51-61,0.2214352786540985
multi_comm,0,slope_up,0,,3,97-72-60-95,0.2137606143951416
multi_comm,0,slope_up,0,,4,80-77-56-71,0.32900533080101013
multi_comm,0,slope_up,0,,5,88-69-93-66,0.3909916877746582
multi_comm,0,slope_up,0,,6,87-85-78-50,0.27510717511177063
multi_comm,0,slope_up,0,,7,58-96-98-67,0.15986919403076172
multi_comm,0,slope_up,0,,8,82-75-94-59,0.29390355944633484
multi_comm,0,slope_up,0,,9,90-92-63-62,0.22692283987998962
multi_comm,0,slope_up,0,,10,57-89-99-55,0.3945620357990265
multi_comm,0,slope_up,0,,11,64-79-91-83,0.318586528301239
multi_comm,0,slope_up,1,0,0,68-73-86-54,0.12704162299633026
multi_comm,0,slope_up,1,0,1,52-53-84-74,0.05225003883242607
multi_comm,0,slope_up,1,0,2,70-76-51-61,0.12270689010620117
multi_comm,0,slope_up,1,0,3,97-72-60-95,0.10981365293264389
multi_comm,0,slope_up,1,0,4,80-77-56-71,0.1245134025812149
multi_comm,0,slope_up,1,0,5,88-69-93-66,0.11849643290042877
multi_comm,0,slope_up,1,0,6,87-85-78-50,0.07057865709066391
multi_comm,0,slope_up,1,0,7,58-96-98-67,0.10329502820968628
multi_comm,0,slope_up,1,0,8,82-75-94-59,0.13290520012378693
multi_comm,0,slope_up,1,0,9,90-92-63-62,0.1171896904706955
multi_comm,0,slope_up,1,0,10,57-89-99-55,0.1394951194524765
multi_comm,0,slope_up,1,0,11,64-79-91-83,0.03819519281387329
multi_comm,0,slope_up,1,1,0,68-73-86-54,0.12760967016220093
multi_comm,0,slope_up,1,1,1,52-53-84-74,0.13031257688999176
multi_comm,0,slope_up,1,1,2,70-76-51-61,0.0737336277961731
multi_comm,0,slope_up,1,1,3,97-72-60-95,0.1509263813495636
multi_comm,0,slope_up,1,1,4,80-77-56-71,0.11725098639726639
multi_comm,0,slope_up,1,1,5,88-69-93-66,0.0474863238632679
multi_comm,0,slope_up,1,1,6,87-85-78-50,0.03926747664809227
multi_comm,0,slope_up,1,1,7,58-96-98-67,0.19337676465511322
multi_comm,0,slope_up,1,1,8,82-75-94-59,0.07837698608636856
multi_comm,0,slope_up,1,1,9,90-92-63-62,0.08814489841461182
multi_comm,0,slope_up,1,1,10,57-89-99-55,0.17817457020282745
multi_comm,0,slope_up,1,1,11,64-79-91-83,0.056895703077316284
multi_comm,0,slope_up,1,2,0,68-73-86-54,0.06306256353855133
multi_comm,0,slope_up,1,2,1,52-53-84-74,0.03969448432326317
multi_comm,0,slope_up,1,2,2,70-76-51-61,0.08200188726186752
multi_comm,0,slope_up,1,2,3,97-72-60-95,-0.003772641997784376
multi_comm,0,slope_up,1,2,4,80-77-56-71,0.1409912109375
multi_comm,0,slope_up,1,2,5,88-69-93-66,0.06397108733654022
multi_comm,0,slope_up,1,2,6,87-85-78-50,0.017108643427491188
multi_comm,0,slope_up,1,2,7,58-96-98-67,0.03184948116540909
multi_comm,0,slope_up,1,2,8,82-75-94-59,-0.026634594425559044
multi_comm,0,slope_up,1,2,9,90-92-63-62,-0.030752453953027725
multi_comm,0,slope_up,1,2,10,57-89-99-55,0.11918563395738602
multi_comm,0,slope_up,1,2,11,64-79-91-83,0.05041608586907387
multi_comm,0,slope_up,1,3,0,68-73-86-54,0.09684711694717407
multi_comm,0,slope_up,1,3,1,52-53-84-74,0.026614364236593246
multi_comm,0,slope_up,1,3,2,70-76-51-61,0.05907449498772621
multi_comm,0,slope_up,1,3,3,97-72-60-95,0.02010384202003479
multi_comm,0,slope_up,1,3,4,80-77-56-71,0.13786783814430237
multi_comm,0,slope_up,1,3,5,88-69-93-66,0.10323558747768402
multi_comm,0,slope_up,1,3,6,87-85-78-50,0.111968994140625
multi_comm,0,slope_up,1,3,7,58-96-98-67,0.07316974550485611
multi_comm,0,slope_up,1,3,8,82-75-94-59,0.07419037818908691
multi_comm,0,slope_up,1,3,9,90-92-63-62,0.0976894274353981
multi_comm,0,slope_up,1,3,10,57-89-99-55,0.13547445833683014
multi_comm,0,slope_up,1,3,11,64-79-91-83,0.11553071439266205
multi_comm,0,slope_up,2,"0,1",0,68-73-86-54,0.07666443288326263
multi_comm,0,slope_up,2,"0,1",1,52-53-84-74,0.036825552582740784
multi_comm,0,slope_up,2,"0,1",2,70-76-51-61,0.08695027232170105
multi_comm,0,slope_up,2,"0,1",3,97-72-60-95,0.06788825243711472
multi_comm,0,slope_up,2,"0,1",4,80-77-56-71,0.06422934681177139
multi_comm,0,slope_up,2,"0,1",5,88-69-93-66,0.03518166393041611
multi_comm,0,slope_up,2,"0,1",6,87-85-78-50,0.03327120095491409
multi_comm,0,slope_up,2,"0,1",7,58-96-98-67,0.08462721109390259
multi_comm,0,slope_up,2,"0,1",8,82-75-94-59,0.12372037768363953
multi_comm,0,slope_up,2,"0,1",9,90-92-63-62,0.08343707770109177
multi_comm,0,slope_up,2,"0,1",10,57-89-99-55,0.06568390130996704
multi_comm,0,slope_up,2,"0,1",11,64-79-91-83,0.023102395236492157
multi_comm,0,slope_up,2,"0,2",0,68-73-86-54,0.004217858426272869
multi_comm,0,slope_up,2,"0,2",1,52-53-84-74,0.005942206829786301
multi_comm,0,slope_up,2,"0,2",2,70-76-51-61,0.04361667484045029
multi_comm,0,slope_up,2,"0,2",3,97-72-60-95,0.0162480678409338
multi_comm,0,slope_up,2,"0,2",4,80-77-56-71,0.025231502950191498
multi_comm,0,slope_up,2,"0,2",5,88-69-93-66,0.006751401349902153
multi_comm,0,slope_up,2,"0,2",6,87-85-78-50,0.006799332331866026
multi_comm,0,slope_up,2,"0,2",7,58-96-98-67,0.01308123767375946
multi_comm,0,slope_up,2,"0,2",8,82-75-94-59,0.009934410452842712
multi_comm,0,slope_up,2,"0,2",9,90-92-63-62,0.009481975808739662
multi_comm,0,slope_up,2,"0,2",10,57-89-99-55,0.04409220069646835
multi_comm,0,slope_up,2,"0,2",11,64-79-91-83,0.017203902825713158
multi_comm,0,slope_up,2,"0,3",0,68-73-86-54,0.02693529985845089
multi_comm,0,slope_up,2,"0,3",1,52-53-84-74,0.007878268137574196
multi_comm,0,slope_up,2,"0,3",2,70-76-51-61,0.033053863793611526
multi_comm,0,slope_up,2,"0,3",3,97-72-60-95,0.023155979812145233
multi_comm,0,slope_up,2,"0,3",4,80-77-56-71,0.022472741082310677
multi_comm,0,slope_up,2,"0,3",5,88-69-93-66,0.03600233048200607
multi_comm,0,slope_up,2,"0,3",6,87-85-78-50,0.10248148441314697
multi_comm,0,slope_up,2,"0,3",7,58-96-98-67,0.0347503125667572
multi_comm,0,slope_up,2,"0,3",8,82-75-94-59,-0.009781550616025925
multi_comm,0,slope_up,2,"0,3",9,90-92-63-62,0.01410866342484951
multi_comm,0,slope_up,2,"0,3",10,57-89-99-55,0.012435573153197765
multi_comm,0,slope_up,2,"0,3",11,64-79-91-83,-0.0031213213223963976
multi_comm,0,slope_up,2,"1,2",0,68-73-86-54,0.009209130890667439
multi_comm,0,slope_up,2,"1,2",1,52-53-84-74,0.03386812284588814
multi_comm,0,slope_up,2,"1,2",2,70-76-51-61,0.03264303505420685
multi_comm,0,slope_up,2,"1,2",3,97-72-60-95,0.019452806562185287
multi_comm,0,slope_up,2,"1,2",4,80-77-56-71,0.021158671006560326
multi_comm,0,slope_up,2,"1,2",5,88-69-93-66,0.0018155123107135296
multi_comm,0,slope_up,2,"1,2",6,87-85-78-50,0.0024177650921046734
multi_comm,0,slope_up,2,"1,2",7,58-96-98-67,0.0037571322172880173
multi_comm,0,slope_up,2,"1,2",8,82-75-94-59,0.005203739739954472
multi_comm,0,slope_up,2,"1,2",9,90-92-63-62,0.010226787067949772
multi_comm,0,slope_up,2,"1,2",10,57-89-99-55,0.04508116841316223
multi_comm,0,slope_up,2,"1,2",11,64-79-91-83,0.011914020404219627
multi_comm,0,slope_up,2,"1,3",0,68-73-86-54,0.01634608395397663
multi_comm,0,slope_up,2,"1,3",1,52-53-84-74,0.017291611060500145
multi_comm,0,slope_up,2,"1,3",2,70-76-51-61,0.016940580680966377
multi_comm,0,slope_up,2,"1,3",3,97-72-60-95,0.018436385318636894
multi_comm,0,slope_up,2,"1,3",4,80-77-56-71,0.007064078003168106
multi_comm,0,slope_up,2,"1,3",5,88-69-93-66,0.003048852551728487
multi_comm,0,slope_up,2,"1,3",6,87-85-78-50,0.025783738121390343
multi_comm,0,slope_up,2,"1,3",7,58-96-98-67,0.007773492950946093
multi_comm,0,slope_up,2,"1,3",8,82-75-94-59,-0.0014458037912845612
multi_comm,0,slope_up,2,"1,3",9,90-92-63-62,-0.013500897213816643
multi_comm,0,slope_up,2,"1,3",10,57-89-99-55,0.03632253035902977
multi_comm,0,slope_up,2,"1,3",11,64-79-91-83,0.003775613382458687
multi_comm,0,slope_up,2,"2,3",0,68-73-86-54,0.06279033422470093
multi_comm,0,slope_up,2,"2,3",1,52-53-84-74,0.04186531901359558
multi_comm,0,slope_up,2,"2,3",2,70-76-51-61,0.07831055670976639
multi_comm,0,slope_up,2,"2,3",3,97-72-60-95,0.032896872609853745
multi_comm,0,slope_up,2,"2,3",4,80-77-56-71,0.14508654177188873
multi_comm,0,slope_up,2,"2,3",5,88-69-93-66,0.03068971261382103
multi_comm,0,slope_up,2,"2,3",6,87-85-78-50,0.04443634673953056
multi_comm,0,slope_up,2,"2,3",7,58-96-98-67,-0.013170386664569378
multi_comm,0,slope_up,2,"2,3",8,82-75-94-59,-0.024909114465117455
multi_comm,0,slope_up,2,"2,3",9,90-92-63-62,-0.03406074643135071
multi_comm,0,slope_up,2,"2,3",10,57-89-99-55,0.058344703167676926
multi_comm,0,slope_up,2,"2,3",11,64-79-91-83,0.014093277975916862
multi_comm,0,slope_up,3,"0,1,2",0,68-73-86-54,0.003277616808190942
multi_comm,0,slope_up,3,"0,1,2",1,52-53-84-74,0.004883355926722288
multi_comm,0,slope_up,3,"0,1,2",2,70-76-51-61,0.007130756974220276
multi_comm,0,slope_up,3,"0,1,2",3,97-72-60-95,0.005030571483075619
multi_comm,0,slope_up,3,"0,1,2",4,80-77-56-71,0.003645088989287615
multi_comm,0,slope_up,3,"0,1,2",5,88-69-93-66,0.00165813066996634
multi_comm,0,slope_up,3,"0,1,2",6,87-85-78-50,0.0017351537244394422
multi_comm,0,slope_up,3,"0,1,2",7,58-96-98-67,0.0017704276833683252
multi_comm,0,slope_up,3,"0,1,2",8,82-75-94-59,0.004613361321389675
multi_comm,0,slope_up,3,"0,1,2",9,90-92-63-62,0.004383719060570002
multi_comm,0,slope_up,3,"0,1,2",10,57-89-99-55,0.005912293214350939
multi_comm,0,slope_up,3,"0,1,2",11,64-79-91-83,0.0025817991700023413
multi_comm,0,slope_up,3,"0,1,3",0,68-73-86-54,0.004589021671563387
multi_comm,0,slope_up,3,"0,1,3",1,52-53-84-74,0.003299194388091564
multi_comm,0,slope_up,3,"0,1,3",2,70-76-51-61,0.005427279509603977
multi_comm,0,slope_up,3,"0,1,3",3,97-72-60-95,0.003331382991746068
multi_comm,0,slope_up,3,"0,1,3",4,80-77-56-71,0.004737356677651405
multi_comm,0,slope_up,3,"0,1,3",5,88-69-93-66,0.0021790461614727974
multi_comm,0,slope_up,3,"0,1,3",6,87-85-78-50,0.01052192971110344
multi_comm,0,slope_up,3,"0,1,3",7,58-96-98-67,0.004677192308008671
multi_comm,0,slope_up,3,"0,1,3",8,82-75-94-59,0.005404398776590824
multi_comm,0,slope_up,3,"0,1,3",9,90-92-63-62,-0.0002555109094828367
multi_comm,0,slope_up,3,"0,1,3",10,57-89-99-55,0.007601326331496239
multi_comm,0,slope_up,3,"0,1,3",11,64-79-91-83,0.002453035907819867
multi_comm,0,slope_up,3,"0,2,3",0,68-73-86-54,0.0009511379175819457
multi_comm,0,slope_up,3,"0,2,3",1,52-53-84-74,0.0008414221811108291
multi_comm,0,slope_up,3,"0,2,3",2,70-76-51-61,0.006967486348003149
multi_comm,0,slope_up,3,"0,2,3",3,97-72-60-95,0.0033643837086856365
multi_comm,0,slope_up,3,"0,2,3",4,80-77-56-71,0.007065095938742161
multi_comm,0,slope_up,3,"0,2,3",5,88-69-93-66,0.00016283243894577026
multi_comm,0,slope_up,3,"0,2,3",6,87-85-78-50,0.005194367375224829
multi_comm,0,slope_up,3,"0,2,3",7,58-96-98-67,0.0009522585896775126
multi_comm,0,slope_up,3,"0,2,3",8,82-75-94-59,-0.0026164294686168432
multi_comm,0,slope_up,3,"0,2,3",9,90-92-63-62,0.0008723666542209685
multi_comm,0,slope_up,3,"0,2,3",10,57-89-99-55,0.0056538935750722885
multi_comm,0,slope_up,3,"0,2,3",11,64-79-91-83,0.003566549625247717
multi_comm,0,slope_up,3,"1,2,3",0,68-73-86-54,0.002151134656742215
multi_comm,0,slope_up,3,"1,2,3",1,52-53-84-74,0.004356306046247482
multi_comm,0,slope_up,3,"1,2,3",2,70-76-51-61,0.005577683448791504
multi_comm,0,slope_up,3,"1,2,3",3,97-72-60-95,0.00430593267083168
multi_comm,0,slope_up,3,"1,2,3",4,80-77-56-71,0.004075895994901657
multi_comm,0,slope_up,3,"1,2,3",5,88-69-93-66,0.0014924234710633755
multi_comm,0,slope_up,3,"1,2,3",6,87-85-78-50,0.002240612171590328
multi_comm,0,slope_up,3,"1,2,3",7,58-96-98-67,0.002938251243904233
multi_comm,0,slope_up,3,"1,2,3",8,82-75-94-59,-2.8990718419663608e-05
multi_comm,0,slope_up,3,"1,2,3",9,90-92-63-62,0.001993889920413494
multi_comm,0,slope_up,3,"1,2,3",10,57-89-99-55,0.007083189208060503
multi_comm,0,slope_up,3,"1,2,3",11,64-79-91-83,0.0029639913700520992
multi_comm,0,slope_up,4,"0,1,2,3",0,68-73-86-54,0.001923093805089593
multi_comm,0,slope_up,4,"0,1,2,3",1,52-53-84-74,0.0014634417602792382
multi_comm,0,slope_up,4,"0,1,2,3",2,70-76-51-61,0.0027208670508116484
multi_comm,0,slope_up,4,"0,1,2,3",3,97-72-60-95,0.0019979083444923162
multi_comm,0,slope_up,4,"0,1,2,3",4,80-77-56-71,0.001732625998556614
multi_comm,0,slope_up,4,"0,1,2,3",5,88-69-93-66,0.001481982646510005
multi_comm,0,slope_up,4,"0,1,2,3",6,87-85-78-50,0.0022291261702775955
multi_comm,0,slope_up,4,"0,1,2,3",7,58-96-98-67,0.0016741963336244226
multi_comm,0,slope_up,4,"0,1,2,3",8,82-75-94-59,0.0013357679126784205
multi_comm,0,slope_up,4,"0,1,2,3",9,90-92-63-62,0.0014162983279675245
multi_comm,0,slope_up,4,"0,1,2,3",10,57-89-99-55,0.002589103765785694
multi_comm,0,slope_up,4,"0,1,2,3",11,64-79-91-83,0.0013807963114231825
multi_comm,0,low_gravity,0,,0,68-73-86-54,0.049667418003082275
multi_comm,0,low_gravity,0,,1,52-53-84-74,0.03464091569185257
multi_comm,0,low_gravity,0,,2,70-76-51-61,0.04987068846821785
multi_comm,0,low_gravity,0,,3,97-72-60-95,0.02905198559165001
multi_comm,0,low_gravity,0,,4,80-77-56-71,0.058636803179979324
multi_comm,0,low_gravity,0,,5,88-69-93-66,0.04890965297818184
multi_comm,0,low_gravity,0,,6,87-85-78-50,0.05324055626988411
multi_comm,0,low_gravity,0,,7,58-96-98-67,0.03450433164834976
multi_comm,0,low_gravity,0,,8,82-75-94-59,0.030097361654043198
multi_comm,0,low_gravity,0,,9,90-92-63-62,0.050222013145685196
multi_comm,0,low_gravity,0,,10,57-89-99-55,0.051765911281108856
multi_comm,0,low_gravity,0,,11,64-79-91-83,0.055308837443590164
multi_comm,0,low_gravity,1,0,0,68-73-86-54,0.055655114352703094
multi_comm,0,low_gravity,1,0,1,52-53-84-74,0.03254173323512077
multi_comm,0,low_gravity,1,0,2,70-76-51-61,0.04447805881500244
multi_comm,0,low_gravity,1,0,3,97-72-60-95,0.03419779986143112
multi_comm,0,low_gravity,1,0,4,80-77-56-71,0.0593920573592186
multi_comm,0,low_gravity,1,0,5,88-69-93-66,0.03776365891098976
multi_comm,0,low_gravity,1,0,6,87-85-78-50,0.05768433213233948
multi_comm,0,low_gravity,1,0,7,58-96-98-67,0.06566934287548065
multi_comm,0,low_gravity,1,0,8,82-75-94-59,0.04783305898308754
multi_comm,0,low_gravity,1,0,9,90-92-63-62,0.07358220964670181
multi_comm,0,low_gravity,1,0,10,57-89-99-55,0.05941397696733475
multi_comm,0,low_gravity,1,0,11,64-79-91-83,0.05621332675218582
multi_comm,0,low_gravity,1,1,0,68-73-86-54,0.02646876871585846
multi_comm,0,low_gravity,1,1,1,52-53-84-74,0.019401753321290016
multi_comm,0,low_gravity,1,1,2,70-76-51-61,0.007105370983481407
multi_comm,0,low_gravity,1,1,3,97-72-60-95,0.032222945243120193
multi_comm,0,low_gravity,1,1,4,80-77-56-71,0.07234545052051544
multi_comm,0,low_gravity,1,1,5,88-69-93-66,0.04115143418312073
multi_comm,0,low_gravity,1,1,6,87-85-78-50,0.044174451380968094
multi_comm,0,low_gravity,1,1,7,58-96-98-67,0.022693196311593056
multi_comm,0,low_gravity,1,1,8,82-75-94-59,0.04871637374162674
multi_comm,0,low_gravity,1,1,9,90-92-63-62,0.03180280327796936
multi_comm,0,low_gravity,1,1,10,57-89-99-55,0.04165571182966232
multi_comm,0,low_gravity,1,1,11,64-79-91-83,0.020989909768104553
multi_comm,0,low_gravity,1,2,0,68-73-86-54,0.03992079943418503
multi_comm,0,low_gravity,1,2,1,52-53-84-74,0.0373726561665535
multi_comm,0,low_gravity,1,2,2,70-76-51-61,0.030357033014297485
multi_comm,0,low_gravity,1,2,3,97-72-60-95,0.03041207417845726
multi_comm,0,low_gravity,1,2,4,80-77-56-71,0.029807021841406822
multi_comm,0,low_gravity,1,2,5,88-69-93-66,0.032117076218128204
multi_comm,0,low_gravity,1,2,6,87-85-78-50,0.04084065556526184
multi_comm,0,low_gravity,1,2,7,58-96-98-67,0.021376634016633034
multi_comm,0,low_gravity,1,2,8,82-75-94-59,0.009244843386113644
multi_comm,0,low_gravity,1,2,9,90-92-63-62,0.024459123611450195
multi_comm,0,low_gravity,1,2,10,57-89-99-55,0.025697438046336174
multi_comm,0,low_gravity,1,2,11,64-79-91-83,0.04799409583210945
multi_comm,0,low_gravity,1,3,0,68-73-86-54,0.020850753411650658
multi_comm,0,low_gravity,1,3,1,52-53-84-74,0.028211019933223724
multi_comm,0,low_gravity,1,3,2,70-76-51-61,0.0319303534924984
multi_comm,0,low_gravity,1,3,3,97-72-60-95,0.015548290684819221
multi_comm,0,low_gravity,1,3,4,80-77-56-71,0.05117285996675491
multi_comm,0,low_gravity,1,3,5,88-69-93-66,0.05707548186182976
multi_comm,0,low_gravity,1,3,6,87-85-78-50,0.037235159426927567
multi_comm,0,low_gravity,1,3,7,58-96-98-67,0.019738592207431793
multi_comm,0,low_gravity,1,3,8,82-75-94-59,0.025304686278104782
multi_comm,0,low_gravity,1,3,9,90-92-63-62,0.05615783855319023
multi_comm,0,low_gravity,1,3,10,57-89-99-55,0.03992461413145065
multi_comm,0,low_gravity,1,3,11,64-79-91-83,0.0371711403131485
multi_comm,0,low_gravity,2,"0,1",0,68-73-86-54,0.03969154506921768
multi_comm,0,low_gravity,2,"0,1",1,52-53-84-74,0.026201855391263962
multi_comm,0,low_gravity,2,"0,1",2,70-76-51-61,0.02206140197813511
multi_comm,0,low_gravity,2,"0,1",3,97-72-60-95,0.02575930953025818
multi_comm,0,low_gravity,2,"0,1",4,80-77-56-71,0.07299550622701645
multi_comm,0,low_gravity,2,"0,1",5,88-69-93-66,0.03295079618692398
multi_comm,0,low_gravity,2,"0,1",6,87-85-78-50,0.04635730758309364
multi_comm,0,low_gravity,2,"0,1",7,58-96-98-67,0.033402688801288605
multi_comm,0,low_gravity,2,"0,1",8,82-75-94-59,0.05414118245244026
multi_comm,0,low_gravity,2,"0,1",9,90-92-63-62,0.0325772650539875
multi_comm,0,low_gravity,2,"0,1",10,57-89-99-55,0.055025503039360046
multi_comm,0,low_gravity,2,"0,1",11,64-79-91-83,0.015086840838193893
multi_comm,0,low_gravity,2,"0,2",0,68-73-86-54,0.00652255117893219
multi_comm,0,low_gravity,2,"0,2",1,52-53-84-74,0.024864787235856056
multi_comm,0,low_gravity,2,"0,2",2,70-76-51-61,0.019480014219880104
multi_comm,0,low_gravity,2,"0,2",3,97-72-60-95,0.03345200791954994
multi_comm,0,low_gravity,2,"0,2",4,80-77-56-71,0.023350650444626808
multi_comm,0,low_gravity,2,"0,2",5,88-69-93-66,0.029948227107524872
multi_comm,0,low_gravity,2,"0,2",6,87-85-78-50,0.031657323241233826
multi_comm,0,low_gravity,2,"0,2",7,58-96-98-67,0.02026803232729435
multi_comm,0,low_gravity,2,"0,2",8,82-75-94-59,0.006885437294840813
multi_comm,0,low_gravity,2,"0,2",9,90-92-63-62,0.005919452756643295
multi_comm,0,low_gravity,2,"0,2",10,57-89-99-55,0.00830559991300106
multi_comm,0,low_gravity,2,"0,2",11,64-79-91-83,0.04198862984776497
multi_comm,0,low_gravity,2,"0,3",0,68-73-86-54,0.041083164513111115
multi_comm,0,low_gravity,2,"0,3",1,52-53-84-74,0.01684509590268135
multi_comm,0,low_gravity,2,"0,3",2,70-76-51-61,0.04363818094134331
multi_comm,0,low_gravity,2,"0,3",3,97-72-60-95,-0.0080528873950243
multi_comm,0,low_gravity,2,"0,3",4,80-77-56-71,0.04741378501057625
multi_comm,0,low_gravity,2,"0,3",5,88-69-93-66,0.053477343171834946
multi_comm,0,low_gravity,2,"0,3",6,87-85-78-50,0.012302902527153492
multi_comm,0,low_gravity,2,"0,3",7,58-96-98-67,0.025535523891448975
multi_comm,0,low_gravity,2,"0,3",8,82-75-94-59,0.014373133890330791
multi_comm,0,low_gravity,2,"0,3",9,90-92-63-62,0.06369715929031372
multi_comm,0,low_gravity,2,"0,3",10,57-89-99-55,0.015100452117621899
multi_comm,0,low_gravity,2,"0,3",11,64-79-91-83,0.027913574129343033
multi_comm,0,low_gravity,2,"1,2",0,68-73-86-54,0.008796967566013336
multi_comm,0,low_gravity,2,"1,2",1,52-53-84-74,0.013419048860669136
multi_comm,0,low_gravity,2,"1,2",2,70-76-51-61,0.0019117947667837143
multi_comm,0,low_gravity,2,"1,2",3,97-72-60-95,0.010145770385861397
multi_comm,0,low_gravity,2,"1,2",4,80-77-56-71,0.018154043704271317
multi_comm,0,low_gravity,2,"1,2",5,88-69-93-66,0.015553077682852745
multi_comm,0,low_gravity,2,"1,2",6,87-85-78-50,0.021503308787941933
multi_comm,0,low_gravity,2,"1,2",7,58-96-98-67,0.007813735865056515
multi_comm,0,low_gravity,2,"1,2",8,82-75-94-59,-0.004702970385551453
multi_comm,0,low_gravity,2,"1,2",9,90-92-63-62,0.02335800789296627
multi_comm,0,low_gravity,2,"1,2",10,57-89-99-55,0.0008372964221052825
multi_comm,0,low_gravity,2,"1,2",11,64-79-91-83,0.02523992955684662
multi_comm,0,low_gravity,2,"1,3",0,68-73-86-54,0.0001475113385822624
multi_comm,0,low_gravity,2,"1,3",1,52-53-84-74,0.021349631249904633
multi_comm,0,low_gravity,2,"1,3",2,70-76-51-61,0.0011507017770782113
multi_comm,0,low_gravity,2,"1,3",3,97-72-60-95,0.008497335016727448
multi_comm,0,low_gravity,2,"1,3",4,80-77-56-71,0.0026096580550074577
multi_comm,0,low_gravity,2,"1,3",5,88-69-93-66,0.011876540258526802
multi_comm,0,low_gravity,2,"1,3",6,87-85-78-50,0.02089654840528965
multi_comm,0,low_gravity,2,"1,3",7,58-96-98-67,0.026371583342552185
multi_comm,0,low_gravity,2,"1,3",8,82-75-94-59,-0.0069969408214092255
multi_comm,0,low_gravity,2,"1,3",9,90-92-63-62,-0.002652642549946904
multi_comm,0,low_gravity,2,"1,3",10,57-89-99-55,0.0038527636788785458
multi_comm,0,low_gravity,2,"1,3",11,64-79-91-83,-0.004204604774713516
multi_comm,0,low_gravity,2,"2,3",0,68-73-86-54,0.0403016023337841
multi_comm,0,low_gravity,2,"2,3",1,52-53-84-74,0.027831360697746277
multi_comm,0,low_gravity,2,"2,3",2,70-76-51-61,0.03441539406776428
multi_comm,0,low_gravity,2,"2,3",3,97-72-60-95,0.018227621912956238
multi_comm,0,low_gravity,2,"2,3",4,80-77-56-71,0.02535472996532917
multi_comm,0,low_gravity,2,"2,3",5,88-69-93-66,0.019391417503356934
multi_comm,0,low_gravity,2,"2,3",6,87-85-78-50,0.019417086616158485
multi_comm,0,low_gravity,2,"2,3",7,58-96-98-67,0.022832827642560005
multi_comm,0,low_gravity,2,"2,3",8,82-75-94-59,0.010275278240442276
multi_comm,0,low_gravity,2,"2,3",9,90-92-63-62,0.022533481940627098
multi_comm,0,low_gravity,2,"2,3",10,57-89-99-55,0.03458312526345253
multi_comm,0,low_gravity,2,"2,3",11,64-79-91-83,0.019536219537258148
multi_comm,0,low_gravity,3,"0,1,2",0,68-73-86-54,0.010786841623485088
multi_comm,0,low_gravity,3,"0,1,2",1,52-53-84-74,0.010921592824161053
multi_comm,0,low_gravity,3,"0,1,2",2,70-76-51-61,0.01461144257336855
multi_comm,0,low_gravity,3,"0,1,2",3,97-72-60-95,0.004597987048327923
multi_comm,0,low_gravity,3,"0,1,2",4,80-77-56-71,0.016313929110765457
multi_comm,0,low_gravity,3,"0,1,2",5,88-69-93-66,0.01293674111366272
multi_comm,0,low_gravity,3,"0,1,2",6,87-85-78-50,0.010953637771308422
multi_comm,0,low_gravity,3,"0,1,2",7,58-96-98-67,0.006566103547811508
multi_comm,0,low_gravity,3,"0,1,2",8,82-75-94-59,0.0043711550533771515
multi_comm,0,low_gravity,3,"0,1,2",9,90-92-63-62,0.008144866675138474
multi_comm,0,low_gravity,3,"0,1,2",10,57-89-99-55,0.008495678193867207
multi_comm,0,low_gravity,3,"0,1,2",11,64-79-91-83,0.021464034914970398
multi_comm,0,low_gravity,3,"0,1,3",0,68-73-86-54,-0.00666425283998251
multi_comm,0,low_gravity,3,"0,1,3",1,52-53-84-74,0.023470407351851463
multi_comm,0,low_gravity,3,"0,1,3",2,70-76-51-61,0.0029887757264077663
multi_comm,0,low_gravity,3,"0,1,3",3,97-72-60-95,0.008116576820611954
multi_comm,0,low_gravity,3,"0,1,3",4,80-77-56-71,0.002664424479007721
multi_comm,0,low_gravity,3,"0,1,3",5,88-69-93-66,-0.000939268502406776
multi_comm,0,low_gravity,3,"0,1,3",6,87-85-78-50,0.005103603005409241
multi_comm,0,low_gravity,3,"0,1,3",7,58-96-98-67,0.026523487642407417
multi_comm,0,low_gravity,3,"0,1,3",8,82-75-94-59,0.006567389704287052
multi_comm,0,low_gravity,3,"0,1,3",9,90-92-63-62,0.007066459394991398
multi_comm,0,low_gravity,3,"0,1,3",10,57-89-99-55,0.014567619189620018
multi_comm,0,low_gravity,3,"0,1,3",11,64-79-91-83,0.006407714914530516
multi_comm,0,low_gravity,3,"0,2,3",0,68-73-86-54,0.007379929069429636
multi_comm,0,low_gravity,3,"0,2,3",1,52-53-84-74,0.017809154465794563
multi_comm,0,low_gravity,3,"0,2,3",2,70-76-51-61,0.015532493591308594
multi_comm,0,low_gravity,3,"0,2,3",3,97-72-60-95,0.01894879899919033
multi_comm,0,low_gravity,3,"0,2,3",4,80-77-56-71,0.01991482824087143
multi_comm,0,low_gravity,3,"0,2,3",5,88-69-93-66,0.009803598746657372
multi_comm,0,low_gravity,3,"0,2,3",6,87-85-78-50,0.0128499586135149
multi_comm,0,low_gravity,3,"0,2,3",7,58-96-98-67,0.0111969830468297
multi_comm,0,low_gravity,3,"0,2,3",8,82-75-94-59,0.0035370190162211657
multi_comm,0,low_gravity,3,"0,2,3",9,90-92-63-62,-0.0007404471980407834
multi_comm,0,low_gravity,3,"0,2,3",10,57-89-99-55,0.01748507097363472
multi_comm,0,low_gravity,3,"0,2,3",11,64-79-91-83,0.020761093124747276
multi_comm,0,low_gravity,3,"1,2,3",0,68-73-86-54,0.0077863032929599285
multi_comm,0,low_gravity,3,"1,2,3",1,52-53-84-74,0.01052253507077694
multi_comm,0,low_gravity,3,"1,2,3",2,70-76-51-61,0.006192596163600683
multi_comm,0,low_gravity,3,"1,2,3",3,97-72-60-95,0.0108213871717453
multi_comm,0,low_gravity,3,"1,2,3",4,80-77-56-71,0.009795811958611012
multi_comm,0,low_gravity,3,"1,2,3",5,88-69-93-66,0.010186336934566498
multi_comm,0,low_gravity,3,"1,2,3",6,87-85-78-50,0.012125768698751926
multi_comm,0,low_gravity,3,"1,2,3",7,58-96-98-67,0.010281701572239399
multi_comm,0,low_gravity,3,"1,2,3",8,82-75-94-59,0.009204418398439884
multi_comm,0,low_gravity,3,"1,2,3",9,90-92-63-62,0.013204564340412617
multi_comm,0,low_gravity,3,"1,2,3",10,57-89-99-55,0.0067455642856657505
multi_comm,0,low_gravity,3,"1,2,3",11,64-79-91-83,0.005842968821525574
multi_comm,0,low_gravity,4,"0,1,2,3",0,68-73-86-54,0.0075510344468057156
multi_comm,0,low_gravity,4,"0,1,2,3",1,52-53-84-74,0.007781503722071648
multi_comm,0,low_gravity,4,"0,1,2,3",2,70-76-51-61,0.007622758392244577
multi_comm,0,low_gravity,4,"0,1,2,3",3,97-72-60-95,0.007556071504950523
multi_comm,0,low_gravity,4,"0,1,2,3",4,80-77-56-71,0.007693327963352203
multi_comm,0,low_gravity,4,"0,1,2,3",5,88-69-93-66,0.007831369526684284
multi_comm,0,low_gravity,4,"0,1,2,3",6,87-85-78-50,0.007403514813631773
multi_comm,0,low_gravity,4,"0,1,2,3",7,58-96-98-67,0.007767195347696543
multi_comm,0,low_gravity,4,"0,1,2,3",8,82-75-94-59,0.007768856827169657
multi_comm,0,low_gravity,4,"0,1,2,3",9,90-92-63-62,0.007821324281394482
multi_comm,0,low_gravity,4,"0,1,2,3",10,57-89-99-55,0.007623663172125816
multi_comm,0,low_gravity,4,"0,1,2,3",11,64-79-91-83,0.007803594693541527
flat,1,in_dist,0,,0,65-75-87-73,0.21289360523223877
flat,1,in_dist,0,,1,80-56-77-99,0.08525893837213516
flat,1,in_dist,0,,2,53-78-59-83,0.42243221402168274
flat,1,in_dist,0,,3,66-74-50-70,0.16896823048591614
flat,1,in_dist,0,,4,72-57-98-85,0.43130308389663696
flat,1,in_dist,0,,5,67-69-97-79,0.43366876244544983
flat,1,in_dist,0,,6,81-71-94-51,0.10153907537460327
flat,1,in_dist,0,,7,61-89-64-54,0.44673943519592285
flat,1,in_dist,0,,8,92-90-93-76,0.29770782589912415
flat,1,in_dist,0,,9,95-84-52-62,0.5080648064613342
flat,1,in_dist,0,,10,60-86-55-58,0.5430648922920227
flat,1,in_dist,0,,11,82-91-96-68,0.48092120885849
flat,1,in_dist,1,0,0,65-75-87-73,0.041018109768629074
flat,1,in_dist,1,0,1,80-56-77-99,0.04453982040286064
flat,1,in_dist,1,0,2,53-78-59-83,0.044208817183971405
flat,1,in_dist,1,0,3,66-74-50-70,0.020734334364533424
flat,1,in_dist,1,0,4,72-57-98-85,0.016926616430282593
flat,1,in_dist,1,0,5,67-69-97-79,-0.03718021884560585
flat,1,in_dist,1,0,6,81-71-94-51,0.03611455112695694
flat,1,in_dist,1,0,7,61-89-64-54,0.3068139851093292
flat,1,in_dist,1,0,8,92-90-93-76,0.25592392683029175
flat,1,in_dist,1,0,9,95-84-52-62,0.1215592622756958
flat,1,in_dist,1,0,10,60-86-55-58,0.20007388293743134
flat,1,in_dist,1,0,11,82-91-96-68,0.016907695680856705
flat,1,in_dist,1,1,0,65-75-87-73,0.023840181529521942
flat,1,in_dist,1,1,1,80-56-77-99,0.0039563546888530254
flat,1,in_dist,1,1,2,53-78-59-83,0.023376885801553726
flat,1,in_dist,1,1,3,66-74-50-70,0.004170621279627085
flat,1,in_dist,1,1,4,72-57-98-85,0.024959608912467957
flat,1,in_dist,1,1,5,67-69-97-79,-0.008045434020459652
flat,1,in_dist,1,1,6,81-71-94-51,0.02785290777683258
flat,1,in_dist,1,1,7,61-89-64-54,-0.007416593376547098
flat,1,in_dist,1,1,8,92-90-93-76,0.00021686575200874358
flat,1,in_dist,1,1,9,95-84-52-62,0.023991471156477928
flat,1,in_dist,1,1,10,60-86-55-58,0.0017534593353047967
flat,1,in_dist,1,1,11,82-91-96-68,0.011837255209684372
flat,1,in_dist,1,2,0,65-75-87-73,-0.0009259693324565887
flat,1,in_dist,1,2,1,80-56-77-99,0.002210774691775441
flat,1,in_dist,1,2,2,53-78-59-83,0.039336927235126495
flat,1,in_dist,1,2,3,66-74-50-70,0.010738755576312542
flat,1,in_dist,1,2,4,72-57-98-85,0.046843525022268295
flat,1,in_dist,1,2,5,67-69-97-79,-0.03103775903582573
flat,1,in_dist,1,2,6,81-71-94-51,0.01850181072950363
flat,1,in_dist,1,2,7,61-89-64-54,0.023734012618660927
flat,1,in_dist,1,2,8,92-90-93-76,0.02634386718273163
flat,1,in_dist,1,2,9,95-84-52-62,0.12084497511386871
flat,1,in_dist,1,2,10,60-86-55-58,0.045552097260951996
flat,1,in_dist,1,2,11,82-91-96-68,0.046863362193107605
flat,1,in_dist,1,3,0,65-75-87-73,0.005779738072305918
flat,1,in_dist,1,3,1,80-56-77-99,0.06313971430063248
flat,1,in_dist,1,3,2,53-78-59-83,0.15467329323291779
flat,1,in_dist,1,3,3,66-74-50-70,0.0005102062714286149
flat,1,in_dist,1,3,4,72-57-98-85,0.12023216485977173
flat,1,in_dist,1,3,5,67-69-97-79,0.014946612529456615
flat,1,in_dist,1,3,6,81-71-94-51,0.03946695476770401
flat,1,in_dist,1,3,7,61-89-64-54,0.07519683986902237
flat,1,in_dist,1,3,8,92-90-93-76,0.056031763553619385
flat,1,in_dist,1,3,9,95-84-52-62,0.1092151626944542
flat,1,in_dist,1,3,10,60-86-55-58,0.0824289470911026
flat,1,in_dist,1,3,11,82-91-96-68,0.27813243865966797
flat,1,in_dist,2,"0,1",0,65-75-87-73,0.020559556782245636
flat,1,in_dist,2,"0,1",1,80-56-77-99,0.00330576510168612
flat,1,in_dist,2,"0,1",2,53-78-59-83,0.023051956668496132
flat,1,in_dist,2,"0,1",3,66-74-50-70,0.004736522678285837
flat,1,in_dist,2,"0,1",4,72-57-98-85,0.026466142386198044
flat,1,in_dist,2,"0,1",5,67-69-97-79,-0.008567476645112038
flat,1,in_dist,2,"0,1",6,81-71-94-51,0.025959840044379234
flat,1,in_dist,2,"0,1",7,61-89-64-54,-0.006475659552961588
flat,1,in_dist,2,"0,1",8,92-90-93-76,0.0007678057299926877
flat,1,in_dist,2,"0,1",9,95-84-52-62,0.022876838222146034
flat,1,in_dist,2,"0,1",10,60-86-55-58,0.0016547616105526686
flat,1,in_dist,2,"0,1",11,82-91-96-68,0.012902890332043171
flat,1,in_dist,2,"0,2",0,65-75-87-73,0.003225727705284953
flat,1,in_dist,2,"0,2",1,80-56-77-99,0.0009077711729332805
flat,1,in_dist,2,"0,2",2,53-78-59-83,0.0032712589018046856
flat,1,in_dist,2,"0,2",3,66-74-50-70,0.0012029719073325396
flat,1,in_dist,2,"0,2",4,72-57-98-85,0.0007873887079767883
flat,1,in_dist,2,"0,2",5,67-69-97-79,0.0017290461109951138
flat,1,in_dist,2,"0,2",6,81-71-94-51,0.0024360197130590677
flat,1,in_dist,2,"0,2",7,61-89-64-54,0.002273766789585352
flat,1,in_dist,2,"0,2",8,92-90-93-76,0.002149188192561269
flat,1,in_dist,2,"0,2",9,95-84-52-62,0.0028319135308265686
flat,1,in_dist,2,"0,2",10,60-86-55-58,0.0016270650085061789
flat,1,in_dist,2,"0,2",11,82-91-96-68,0.002604355104267597
flat,1,in_dist,2,"0,3",0,65-75-87-73,0.0054732137359678745
flat,1,in_dist,2,"0,3",1,80-56-77-99,0.04123722389340401
flat,1,in_dist,2,"0,3",2,53-78-59-83,0.015910351648926735
flat,1,in_dist,2,"0,3",3,66-74-50-70,0.015067043714225292
flat,1,in_dist,2,"0,3",4,72-57-98-85,-0.008274050429463387
flat,1,in_dist,2,"0,3",5,67-69-97-79,-0.01957305520772934
flat,1,in_dist,2,"0,3",6,81-71-94-51,0.0041838521137833595
flat,1,in_dist,2,"0,3",7,61-89-64-54,0.04127390682697296
flat,1,in_dist,2,"0,3",8,92-90-93-76,0.0044122482649981976
flat,1,in_dist,2,"0,3",9,95-84-52-62,0.0031018732115626335
flat,1,in_dist,2,"0,3",10,60-86-55-58,0.04137445241212845
flat,1,in_dist,2,"0,3",11,82-91-96-68,0.002937450772151351
flat,1,in_dist,2,"1,2",0,65-75-87-73,0.002401856007054448
flat,1,in_dist,2,"1,2",1,80-56-77-99,0.0019077982287853956
flat,1,in_dist,2,"1,2",2,53-78-59-83,0.0024290133733302355
flat,1,in_dist,2,"1,2",3,66-74-50-70,0.002829642267897725
flat,1,in_dist,2,"1,2",4,72-57-98-85,0.0012521094176918268
flat,1,in_dist,2,"1,2",5,67-69-97-79,0.002699547912925482
flat,1,in_dist,2,"1,2",6,81-71-94-51,0.002333708805963397
flat,1,in_dist,2,"1,2",7,61-89-64-54,0.0028328963089734316
flat,1,in_dist,2,"1,2",8,92-90-93-76,0.0016324713360518217
flat,1,in_dist,2,"1,2",9,95-84-52-62,0.0038535557687282562
flat,1,in_dist,2,"1,2",10,60-86-55-58,0.0024587088264524937
flat,1,in_dist,2,"1,2",11,82-91-96-68,0.0019800541922450066
flat,1,in_dist,2,"1,3",0,65-75-87-73,0.002077610231935978
flat,1,in_dist,2,"1,3",1,80-56-77-99,0.002496984787285328
flat,1,in_dist,2,"1,3",2,53-78-59-83,0.001929414109326899
flat,1,in_dist,2,"1,3",3,66-74-50-70,0.003384316572919488
flat,1,in_dist,2,"1,3",4,72-57-98-85,0.0023483631666749716
flat,1,in_dist,2,"1,3",5,67-69-97-79,0.0019921630155295134
flat,1,in_dist,2,"1,3",6,81-71-94-51,0.002900540828704834
flat,1,in_dist,2,"1,3",7,61-89-64-54,0.002010821830481291
flat,1,in_dist,2,"1,3",8,92-90-93-76,0.0015905946493148804
flat,1,in_dist,2,"1,3",9,95-84-52-62,0.002814727369695902
flat,1,in_dist,2,"1,3",10,60-86-55-58,0.002072697039693594
flat,1,in_dist,2,"1,3",11,82-91-96-68,0.0014154399977996945
flat,1,in_dist,2,"2,3",0,65-75-87-73,-0.0010243516881018877
flat,1,in_dist,2,"2,3",1,80-56-77-99,0.002364546526223421
flat,1,in_dist,2,"2,3",2,53-78-59-83,0.03897007182240486
flat,1,in_dist,2,"2,3",3,66-74-50-70,0.01035243272781372
flat,1,in_dist,2,"2,3",4,72-57-98-85,0.047808486968278885
flat,1,in_dist,2,"2,3",5,67-69-97-79,-0.03327340632677078
flat,1,in_dist,2,"2,3",6,81-71-94-51,0.01870061084628105
flat,1,in_dist,2,"2,3",7,61-89-64-54,0.021635722368955612
flat,1,in_dist,2,"2,3",8,92-90-93-76,0.026596317067742348
flat,1,in_dist,2,"2,3",9,95-84-52-62,0.12221843749284744
flat,1,in_dist,2,"2,3",10,60-86-55-58,0.045424140989780426
flat,1,in_dist,2,"2,3",11,82-91-96-68,0.04071856662631035
flat,1,in_dist,3,"0,1,2",0,65-75-87-73,0.002159257186576724
flat,1,in_dist,3,"0,1,2",1,80-56-77-99,0.001170767704024911
flat,1,in_dist,3,"0,1,2",2,53-78-59-83,0.002218307228758931
flat,1,in_dist,3,"0,1,2",3,66-74-50-70,0.0020675223786383867
flat,1,in_dist,3,"0,1,2",4,72-57-98-85,0.0018548286752775311
flat,1,in_dist,3,"0,1,2",5,67-69-97-79,0.0017643911996856332
flat,1,in_dist,3,"0,1,2",6,81-71-94-51,0.0010808660881593823
flat,1,in_dist,3,"0,1,2",7,61-89-64-54,0.00241128820925951
flat,1,in_dist,3,"0,1,2",8,92-90-93-76,0.0015774263301864266
flat,1,in_dist,3,"0,1,2",9,95-84-52-62,0.0033446624875068665
flat,1,in_dist,3,"0,1,2",10,60-86-55-58,0.001988063333556056
flat,1,in_dist,3,"0,1,2",11,82-91-96-68,0.0022124890238046646
flat,1,in_dist,3,"0,1,3",0,65-75-87-73,0.0018278242787346244
flat,1,in_dist,3,"0,1,3",1,80-56-77-99,0.00174204062204808
flat,1,in_dist,3,"0,1,3",2,53-78-59-83,0.0017169221537187696
flat,1,in_dist,3,"0,1,3",3,66-74-50-70,0.002439499367028475
flat,1,in_dist,3,"0,1,3",4,72-57-98-85,0.0029486864805221558
flat,1,in_dist,3,"0,1,3",5,67-69-97-79,0.0010827842634171247
flat,1,in_dist,3,"0,1,3",6,81-71-94-51,0.0016350963851436973
flat,1,in_dist,3,"0,1,3",7,61-89-64-54,0.0015811804914847016
flat,1,in_dist,3,"0,1,3",8,92-90-93-76,0.0015555090503767133
flat,1,in_dist,3,"0,1,3",9,95-84-52-62,0.0020240312442183495
flat,1,in_dist,3,"0,1,3",10,60-86-55-58,0.001550561166368425
flat,1,in_dist,3,"0,1,3",11,82-91-96-68,0.0016677103703841567
flat,1,in_dist,3,"0,2,3",0,65-75-87-73,0.0028440114110708237
flat,1,in_dist,3,"0,2,3",1,80-56-77-99,0.0012624680530279875
flat,1,in_dist,3,"0,2,3",2,53-78-59-83,0.002565252361819148
flat,1,in_dist,3,"0,2,3",3,66-74-50-70,0.0010738803539425135
flat,1,in_dist,3,"0,2,3",4,72-57-98-85,0.00133474578615278
flat,1,in_dist,3,"0,2,3",5,67-69-97-79,0.0017314221477136016
flat,1,in_dist,3,"0,2,3",6,81-71-94-51,0.003262607380747795
flat,1,in_dist,3,"0,2,3",7,61-89-64-54,0.0015184596413746476
flat,1,in_dist,3,"0,2,3",8,92-90-93-76,0.002142882440239191
flat,1,in_dist,3,"0,2,3",9,95-84-52-62,0.001081201247870922
flat,1,in_dist,3,"0,2,3",10,60-86-55-58,0.0012535604182630777
flat,1,in_dist,3,"0,2,3",11,82-91-96-68,0.001949378289282322
flat,1,in_dist,3,"1,2,3",0,65-75-87-73,0.0019904193468391895
flat,1,in_dist,3,"1,2,3",1,80-56-77-99,0.0022563007660210133
flat,1,in_dist,3,"1,2,3",2,53-78-59-83,0.0017326369415968657
flat,1,in_dist,3,"1,2,3",3,66-74-50-70,0.0027254472952336073
flat,1,in_dist,3,"1,2,3",4,72-57-98-85,0.0022352496162056923
flat,1,in_dist,3,"1,2,3",5,67-69-97-79,0.002681368961930275
flat,1,in_dist,3,"1,2,3",6,81-71-94-51,0.003058869857341051
flat,1,in_dist,3,"1,2,3",7,61-89-64-54,0.002034795703366399
flat,1,in_dist,3,"1,2,3",8,92-90-93-76,0.0015965207712724805
flat,1,in_dist,3,"1,2,3",9,95-84-52-62,0.002067446941509843
flat,1,in_dist,3,"1,2,3",10,60-86-55-58,0.0022047944366931915
flat,1,in_dist,3,"1,2,3",11,82-91-96-68,0.0014147305628284812
flat,1,in_dist,4,"0,1,2,3",0,65-75-87-73,0.001775077311322093
flat,1,in_dist,4,"0,1,2,3",1,80-56-77-99,0.001527880784124136
flat,1,in_dist,4,"0,1,2,3",2,53-78-59-83,0.0015200026100501418
flat,1,in_dist,4,"0,1,2,3",3,66-74-50-70,0.001980078872293234
flat,1,in_dist,4,"0,1,2,3",4,72-57-98-85,0.0028364763129502535
flat,1,in_dist,4,"0,1,2,3",5,67-69-97-79,0.0017374394228681922
flat,1,in_dist,4,"0,1,2,3",6,81-71-94-51,0.0018086095806211233
flat,1,in_dist,4,"0,1,2,3",7,61-89-64-54,0.0016327820485457778
flat,1,in_dist,4,"0,1,2,3",8,92-90-93-76,0.001523459330201149
flat,1,in_dist,4,"0,1,2,3",9,95-84-52-62,0.0015582444611936808
flat,1,in_dist,4,"0,1,2,3",10,60-86-55-58,0.0016708100447431207
flat,1,in_dist,4,"0,1,2,3",11,82-91-96-68,0.0016581944655627012
flat,1,wind,0,,0,65-75-87-73,0.05820927396416664
flat,1,wind,0,,1,80-56-77-99,0.18098251521587372
flat,1,wind,0,,2,53-78-59-83,0.22456702589988708
flat,1,wind,0,,3,66-74-50-70,0.07717271894216537
flat,1,wind,0,,4,72-57-98-85,0.24963025748729706
flat,1,wind,0,,5,67-69-97-79,0.3077092170715332
flat,1,wind,0,,6,81-71-94-51,0.3520503044128418
flat,1,wind,0,,7,61-89-64-54,0.3401830196380615
flat,1,wind,0,,8,92-90-93-76,0.2768193483352661
flat,1,wind,0,,9,95-84-52-62,0.3210756480693817
flat,1,wind,0,,10,60-86-55-58,0.34144869446754456
flat,1,wind,0,,11,82-91-96-68,0.23867915570735931
flat,1,wind,1,0,0,65-75-87-73,0.057249970734119415
flat,1,wind,1,0,1,80-56-77-99,0.12531554698944092
flat,1,wind,1,0,2,53-78-59-83,0.07744748145341873
flat,1,wind,1,0,3,66-74-50-70,0.10183512419462204
flat,1,wind,1,0,4,72-57-98-85,0.1313081979751587
flat,1,wind,1,0,5,67-69-97-79,-0.04436962679028511
flat,1,wind,1,0,6,81-71-94-51,0.29301825165748596
flat,1,wind,1,0,7,61-89-64-54,0.18289627134799957
flat,1,wind,1,0,8,92-90-93-76,0.2545687258243561
flat,1,wind,1,0,9,95-84-52-62,-0.08298478275537491
flat,1,wind,1,0,10,60-86-55-58,0.1512630432844162
flat,1,wind,1,0,11,82-91-96-68,-0.008872647769749165
flat,1,wind,1,1,0,65-75-87-73,0.0032687250059098005
flat,1,wind,1,1,1,80-56-77-99,0.04754665866494179
flat,1,wind,1,1,2,53-78-59-83,0.013770436868071556
flat,1,wind,1,1,3,66-74-50-70,0.055361125618219376
flat,1,wind,1,1,4,72-57-98-85,0.14240141212940216
flat,1,wind,1,1,5,67-69-97-79,0.09375660121440887
flat,1,wind,1,1,6,81-71-94-51,0.11265053600072861
flat,1,wind,1,1,7,61-89-64-54,-0.0492621473968029
flat,1,wind,1,1,8,92-90-93-76,-0.028009602800011635
flat,1,wind,1,1,9,95-84-52-62,0.10521609336137772
flat,1,wind,1,1,10,60-86-55-58,0.12515586614608765
flat,1,wind,1,1,11,82-91-96-68,0.026353424414992332
flat,1,wind,1,2,0,65-75-87-73,0.161777064204216
flat,1,wind,1,2,1,80-56-77-99,0.050393566489219666
flat,1,wind,1,2,2,53-78-59-83,0.11421381682157516
flat,1,wind,1,2,3,66-74-50-70,0.03564301133155823
flat,1,wind,1,2,4,72-57-98-85,0.04704640433192253
flat,1,wind,1,2,5,67-69-97-79,0.06645767390727997
flat,1,wind,1,2,6,81-71-94-51,0.06339468061923981
flat,1,wind,1,2,7,61-89-64-54,0.07922160625457764
flat,1,wind,1,2,8,92-90-93-76,0.04927992448210716
flat,1,wind,1,2,9,95-84-52-62,0.08918670564889908
flat,1,wind,1,2,10,60-86-55-58,0.1449664980173111
flat,1,wind,1,2,11,82-91-96-68,0.0767001062631607
flat,1,wind,1,3,0,65-75-87-73,0.11808006465435028
flat,1,wind,1,3,1,80-56-77-99,0.10414689779281616
flat,1,wind,1,3,2,53-78-59-83,0.19069702923297882
flat,1,wind,1,3,3,66-74-50-70,0.043113213032484055
flat,1,wind,1,3,4,72-57-98-85,0.04115178436040878
flat,1,wind,1,3,5,67-69-97-79,0.010488773696124554
flat,1,wind,1,3,6,81-71-94-51,0.10762667655944824
flat,1,wind,1,3,7,61-89-64-54,0.14156179130077362
flat,1,wind,1,3,8,92-90-93-76,0.07894903421401978
flat,1,wind,1,3,9,95-84-52-62,0.3166351914405823
flat,1,wind,1,3,10,60-86-55-58,0.37845057249069214
flat,1,wind,1,3,11,82-91-96-68,0.31777825951576233
flat,1,wind,2,"0,1",0,65-75-87-73,0.010788463056087494
flat,1,wind,2,"0,1",1,80-56-77-99,0.0395013652741909
flat,1,wind,2,"0,1",2,53-78-59-83,0.01632729172706604
flat,1,wind,2,"0,1",3,66-74-50-70,0.05528128147125244
flat,1,wind,2,"0,1",4,72-57-98-85,0.14497211575508118
flat,1,wind,2,"0,1",5,67-69-97-79,0.07420168071985245
flat,1,wind,2,"0,1",6,81-71-94-51,0.10080260038375854
flat,1,wind,2,"0,1",7,61-89-64-54,-0.030966361984610558
flat,1,wind,2,"0,1",8,92-90-93-76,-0.030932359397411346
flat,1,wind,2,"0,1",9,95-84-52-62,0.08458936959505081
flat,1,wind,2,"0,1",10,60-86-55-58,0.12006663531064987
flat,1,wind,2,"0,1",11,82-91-96-68,0.030538439750671387
flat,1,wind,2,"0,2",0,65-75-87-73,0.011164515279233456
flat,1,wind,2,"0,2",1,80-56-77-99,0.012988613918423653
flat,1,wind,2,"0,2",2,53-78-59-83,0.01006033830344677
flat,1,wind,2,"0,2",3,66-74-50-70,0.055933065712451935
flat,1,wind,2,"0,2",4,72-57-98-85,-0.005308032967150211
flat,1,wind,2,"0,2",5,67-69-97-79,0.014806371182203293
flat,1,wind,2,"0,2",6,81-71-94-51,0.011473127640783787
flat,1,wind,2,"0,2",7,61-89-64-54,0.02133309282362461
flat,1,wind,2,"0,2",8,92-90-93-76,0.016535809263586998
flat,1,wind,2,"0,2",9,95-84-52-62,0.022344941273331642
flat,1,wind,2,"0,2",10,60-86-55-58,0.012750961817800999
flat,1,wind,2,"0,2",11,82-91-96-68,0.037092797458171844
flat,1,wind,2,"0,3",0,65-75-87-73,0.017893046140670776
flat,1,wind,2,"0,3",1,80-56-77-99,0.11386507749557495
flat,1,wind,2,"0,3",2,53-78-59-83,0.017798462882637978
flat,1,wind,2,"0,3",3,66-74-50-70,-0.028275644406676292
flat,1,wind,2,"0,3",4,72-57-98-85,0.07030568271875381
flat,1,wind,2,"0,3",5,67-69-97-79,-0.15466029942035675
flat,1,wind,2,"0,3",6,81-71-94-51,0.05106091499328613
flat,1,wind,2,"0,3",7,61-89-64-54,0.1629798412322998
flat,1,wind,2,"0,3",8,92-90-93-76,0.09057503193616867
flat,1,wind,2,"0,3",9,95-84-52-62,0.053963858634233475
flat,1,wind,2,"0,3",10,60-86-55-58,-0.0031677447259426117
flat,1,wind,2,"0,3",11,82-91-96-68,0.01827792450785637
flat,1,wind,2,"1,2",0,65-75-87-73,0.009619161486625671
flat,1,wind,2,"1,2",1,80-56-77-99,0.019909605383872986
flat,1,wind,2,"1,2",2,53-78-59-83,0.020090749487280846
flat,1,wind,2,"1,2",3,66-74-50-70,0.0487237311899662
flat,1,wind,2,"1,2",4,72-57-98-85,0.0030640331096947193
flat,1,wind,2,"1,2",5,67-69-97-79,0.0356326550245285
flat,1,wind,2,"1,2",6,81-71-94-51,0.019362086430191994
flat,1,wind,2,"1,2",7,61-89-64-54,0.021052589640021324
flat,1,wind,2,"1,2",8,92-90-93-76,0.008137362077832222
flat,1,wind,2,"1,2",9,95-84-52-62,0.09158515930175781
flat,1,wind,2,"1,2",10,60-86-55-58,0.015612880699336529
flat,1,wind,2,"1,2",11,82-91-96-68,0.032570067793130875
flat,1,wind,2,"1,3",0,65-75-87-73,0.019963495433330536
flat,1,wind,2,"1,3",1,80-56-77-99,0.024269893765449524
flat,1,wind,2,"1,3",2,53-78-59-83,0.017608242109417915
flat,1,wind,2,"1,3",3,66-74-50-70,0.0443459078669548
flat,1,wind,2,"1,3",4,72-57-98-85,0.018981948494911194
flat,1,wind,2,"1,3",5,67-69-97-79,0.043014395982027054
flat,1,wind,2,"1,3",6,81-71-94-51,0.022727087140083313
flat,1,wind,2,"1,3",7,61-89-64-54,0.016441509127616882
flat,1,wind,2,"1,3",8,92-90-93-76,0.010770237073302269
flat,1,wind,2,"1,3",9,95-84-52-62,0.06986109167337418
flat,1,wind,2,"1,3",10,60-86-55-58,0.03242090344429016
flat,1,wind,2,"1,3",11,82-91-96-68,0.009495945647358894
flat,1,wind,2,"2,3",0,65-75-87-73,0.15187691152095795
flat,1,wind,2,"2,3",1,80-56-77-99,0.05021149665117264
flat,1,wind,2,"2,3",2,53-78-59-83,0.11406657099723816
flat,1,wind,2,"2,3",3,66-74-50-70,0.033408790826797485
flat,1,wind,2,"2,3",4,72-57-98-85,0.05410927161574364
flat,1,wind,2,"2,3",5,67-69-97-79,0.06818190962076187
flat,1,wind,2,"2,3",6,81-71-94-51,0.06523778289556503
flat,1,wind,2,"2,3",7,61-89-64-54,0.06950673460960388
flat,1,wind,2,"2,3",8,92-90-93-76,0.051204048097133636
flat,1,wind,2,"2,3",9,95-84-52-62,0.1038348376750946
flat,1,wind,2,"2,3",10,60-86-55-58,0.1497955173254013
flat,1,wind,2,"2,3",11,82-91-96-68,0.07148119807243347
flat,1,wind,3,"0,1,2",0,65-75-87-73,0.008367100730538368
flat,1,wind,3,"0,1,2",1,80-56-77-99,0.013181555084884167
flat,1,wind,3,"0,1,2",2,53-78-59-83,0.019585032016038895
flat,1,wind,3,"0,1,2",3,66-74-50-70,0.06081505864858627
flat,1,wind,3,"0,1,2",4,72-57-98-85,0.011721028946340084
flat,1,wind,3,"0,1,2",5,67-69-97-79,0.011860384605824947
flat,1,wind,3,"0,1,2",6,81-71-94-51,0.009544788859784603
flat,1,wind,3,"0,1,2",7,61-89-64-54,0.018973110243678093
flat,1,wind,3,"0,1,2",8,92-90-93-76,0.009723293595016003
flat,1,wind,3,"0,1,2",9,95-84-52-62,0.05617137625813484
flat,1,wind,3,"0,1,2",10,60-86-55-58,0.015874672681093216
flat,1,wind,3,"0,1,2",11,82-91-96-68,0.036115143448114395
flat,1,wind,3,"0,1,3",0,65-75-87-73,0.017397210001945496
flat,1,wind,3,"0,1,3",1,80-56-77-99,0.01929253712296486
flat,1,wind,3,"0,1,3",2,53-78-59-83,0.019604334607720375
flat,1,wind,3,"0,1,3",3,66-74-50-70,0.057208865880966187
flat,1,wind,3,"0,1,3",4,72-57-98-85,0.02807907946407795
flat,1,wind,3,"0,1,3",5,67-69-97-79,0.014821111224591732
flat,1,wind,3,"0,1,3",6,81-71-94-51,0.008979575708508492
flat,1,wind,3,"0,1,3",7,61-89-64-54,0.013796086423099041
flat,1,wind,3,"0,1,3",8,92-90-93-76,0.009360983967781067
flat,1,wind,3,"0,1,3",9,95-84-52-62,0.03359207510948181
flat,1,wind,3,"0,1,3",10,60-86-55-58,0.026888707652688026
flat,1,wind,3,"0,1,3",11,82-91-96-68,0.012920635752379894
flat,1,wind,3,"0,2,3",0,65-75-87-73,0.00971185602247715
flat,1,wind,3,"0,2,3",1,80-56-77-99,0.015628857538104057
flat,1,wind,3,"0,2,3",2,53-78-59-83,0.007046564482152462
flat,1,wind,3,"0,2,3",3,66-74-50-70,0.049903806298971176
flat,1,wind,3,"0,2,3",4,72-57-98-85,-0.004834487568587065
flat,1,wind,3,"0,2,3",5,67-69-97-79,0.010869967751204967
flat,1,wind,3,"0,2,3",6,81-71-94-51,0.014653580263257027
flat,1,wind,3,"0,2,3",7,61-89-64-54,0.015809664502739906
flat,1,wind,3,"0,2,3",8,92-90-93-76,0.01667996495962143
flat,1,wind,3,"0,2,3",9,95-84-52-62,-0.016758091747760773
flat,1,wind,3,"0,2,3",10,60-86-55-58,0.02149130031466484
flat,1,wind,3,"0,2,3",11,82-91-96-68,0.01872853934764862
flat,1,wind,3,"1,2,3",0,65-75-87-73,0.003944871015846729
flat,1,wind,3,"1,2,3",1,80-56-77-99,0.023276887834072113
flat,1,wind,3,"1,2,3",2,53-78-59-83,0.016494551673531532
flat,1,wind,3,"1,2,3",3,66-74-50-70,0.04323847219347954
flat,1,wind,3,"1,2,3",4,72-57-98-85,0.007636209484189749
flat,1,wind,3,"1,2,3",5,67-69-97-79,0.03452489152550697
flat,1,wind,3,"1,2,3",6,81-71-94-51,0.023570844903588295
flat,1,wind,3,"1,2,3",7,61-89-64-54,0.017846211791038513
flat,1,wind,3,"1,2,3",8,92-90-93-76,0.00909037422388792
flat,1,wind,3,"1,2,3",9,95-84-52-62,0.05752954259514809
flat,1,wind,3,"1,2,3",10,60-86-55-58,0.028331344947218895
flat,1,wind,3,"1,2,3",11,82-91-96-68,0.012201731093227863
flat,1,wind,4,"0,1,2,3",0,65-75-87-73,0.0011374391615390778
flat,1,wind,4,"0,1,2,3",1,80-56-77-99,0.016670450568199158
flat,1,wind,4,"0,1,2,3",2,53-78-59-83,0.016107434406876564
flat,1,wind,4,"0,1,2,3",3,66-74-50-70,0.05455314740538597
flat,1,wind,4,"0,1,2,3",4,72-57-98-85,0.016562484204769135
flat,1,wind,4,"0,1,2,3",5,67-69-97-79,0.009325593709945679
flat,1,wind,4,"0,1,2,3",6,81-71-94-51,0.013548056595027447
flat,1,wind,4,"0,1,2,3",7,61-89-64-54,0.014514423906803131
flat,1,wind,4,"0,1,2,3",8,92-90-93-76,0.010034277103841305
flat,1,wind,4,"0,1,2,3",9,95-84-52-62,0.016476653516292572
flat,1,wind,4,"0,1,2,3",10,60-86-55-58,0.026826797053217888
flat,1,wind,4,"0,1,2,3",11,82-91-96-68,0.015492748469114304
flat,1,sand,0,,0,65-75-87-73,0.18033520877361298
flat,1,sand,0,,1,80-56-77-99,0.07548894733190536
flat,1,sand,0,,2,53-78-59-83,0.32516026496887207
flat,1,sand,0,,3,66-74-50-70,0.14673948287963867
flat,1,sand,0,,4,72-57-98-85,0.36724066734313965
flat,1,sand,0,,5,67-69-97-79,0.35391807556152344
flat,1,sand,0,,6,81-71-94-51,0.09447073936462402
flat,1,sand,0,,7,61-89-64-54,0.39784789085388184
flat,1,sand,0,,8,92-90-93-76,0.23757237195968628
flat,1,sand,0,,9,95-84-52-62,0.41992202401161194
flat,1,sand,0,,10,60-86-55-58,0.4302406907081604
flat,1,sand,0,,11,82-91-96-68,0.3750532567501068
flat,1,sand,1,0,0,65-75-87-73,0.04306649789214134
flat,1,sand,1,0,1,80-56-77-99,0.0408625490963459
flat,1,sand,1,0,2,53-78-59-83,0.04664229229092598
flat,1,sand,1,0,3,66-74-50-70,0.01831362210214138
flat,1,sand,1,0,4,72-57-98-85,0.024568667635321617
flat,1,sand,1,0,5,67-69-97-79,-0.020462969318032265
flat,1,sand,1,0,6,81-71-94-51,0.037340160459280014
flat,1,sand,1,0,7,61-89-64-54,0.25694170594215393
flat,1,sand,1,0,8,92-90-93-76,0.16828417778015137
flat,1,sand,1,0,9,95-84-52-62,0.11103378981351852
flat,1,sand,1,0,10,60-86-55-58,0.18205207586288452
flat,1,sand,1,0,11,82-91-96-68,0.016595156863331795
flat,1,sand,1,1,0,65-75-87-73,0.02880340814590454
flat,1,sand,1,1,1,80-56-77-99,0.004634526092559099
flat,1,sand,1,1,2,53-78-59-83,0.024520695209503174
flat,1,sand,1,1,3,66-74-50-70,0.0007427087984979153
flat,1,sand,1,1,4,72-57-98-85,0.02942163310945034
flat,1,sand,1,1,5,67-69-97-79,-0.009950319305062294
flat,1,sand,1,1,6,81-71-94-51,0.03231029212474823
flat,1,sand,1,1,7,61-89-64-54,-0.0009689683793112636
flat,1,sand,1,1,8,92-90-93-76,0.0033514252863824368
flat,1,sand,1,1,9,95-84-52-62,0.01793118752539158
flat,1,sand,1,1,10,60-86-55-58,0.0019848451483994722
flat,1,sand,1,1,11,82-91-96-68,0.012158220633864403
flat,1,sand,1,2,0,65-75-87-73,-0.0031190707813948393
flat,1,sand,1,2,1,80-56-77-99,0.0022441658657044172
flat,1,sand,1,2,2,53-78-59-83,0.03687060996890068
flat,1,sand,1,2,3,66-74-50-70,0.014605283737182617
flat,1,sand,1,2,4,72-57-98-85,0.05990287661552429
flat,1,sand,1,2,5,67-69-97-79,-0.031249240040779114
flat,1,sand,1,2,6,81-71-94-51,0.016322191804647446
flat,1,sand,1,2,7,61-89-64-54,0.022576425224542618
flat,1,sand,1,2,8,92-90-93-76,0.02446194924414158
flat,1,sand,1,2,9,95-84-52-62,0.06866107136011124
flat,1,sand,1,2,10,60-86-55-58,0.04020538181066513
flat,1,sand,1,2,11,82-91-96-68,0.03134385123848915
flat,1,sand,1,3,0,65-75-87-73,0.008910724893212318
flat,1,sand,1,3,1,80-56-77-99,0.057921476662158966
flat,1,sand,1,3,2,53-78-59-83,0.2586625814437866
flat,1,sand,1,3,3,66-74-50-70,0.005798604339361191
flat,1,sand,1,3,4,72-57-98-85,0.12951038777828217
flat,1,sand,1,3,5,67-69-97-79,-0.00940810889005661
flat,1,sand,1,3,6,81-71-94-51,0.03703835606575012
flat,1,sand,1,3,7,61-89-64-54,0.0680796355009079
flat,1,sand,1,3,8,92-90-93-76,0.04648268222808838
flat,1,sand,1,3,9,95-84-52-62,0.08890626579523087
flat,1,sand,1,3,10,60-86-55-58,0.23603756725788116
flat,1,sand,1,3,11,82-91-96-68,0.2806306481361389
flat,1,sand,2,"0,1",0,65-75-87-73,0.027656173333525658
flat,1,sand,2,"0,1",1,80-56-77-99,0.004491967149078846
flat,1,sand,2,"0,1",2,53-78-59-83,0.023088548332452774
flat,1,sand,2,"0,1",3,66-74-50-70,0.0035263642203062773
flat,1,sand,2,"0,1",4,72-57-98-85,0.03027714416384697
flat,1,sand,2,"0,1",5,67-69-97-79,-0.00873038824647665
flat,1,sand,2,"0,1",6,81-71-94-51,0.02857356332242489
flat,1,sand,2,"0,1",7,61-89-64-54,-0.0009482171153649688
flat,1,sand,2,"0,1",8,92-90-93-76,0.0025712645146995783
flat,1,sand,2,"0,1",9,95-84-52-62,0.018146494403481483
flat,1,sand,2,"0,1",10,60-86-55-58,0.0017902362160384655
flat,1,sand,2,"0,1",11,82-91-96-68,0.012396719306707382
flat,1,sand,2,"0,2",0,65-75-87-73,0.0033284833189100027
flat,1,sand,2,"0,2",1,80-56-77-99,0.0015216676983982325
flat,1,sand,2,"0,2",2,53-78-59-83,0.0033343795221298933
flat,1,sand,2,"0,2",3,66-74-50-70,0.0020572305656969547
flat,1,sand,2,"0,2",4,72-57-98-85,0.0002766967809293419
flat,1,sand,2,"0,2",5,67-69-97-79,0.0020568575710058212
flat,1,sand,2,"0,2",6,81-71-94-51,0.0032550315372645855
flat,1,sand,2,"0,2",7,61-89-64-54,0.002280582906678319
flat,1,sand,2,"0,2",8,92-90-93-76,0.0024575332645326853
flat,1,sand,2,"0,2",9,95-84-52-62,0.0029094659257680178
flat,1,sand,2,"0,2",10,60-86-55-58,0.0014259930467233062
flat,1,sand,2,"0,2",11,82-91-96-68,0.0027707447297871113
flat,1,sand,2,"0,3",0,65-75-87-73,0.009458963759243488
flat,1,sand,2,"0,3",1,80-56-77-99,0.03736679255962372
flat,1,sand,2,"0,3",2,53-78-59-83,0.013300053775310516
flat,1,sand,2,"0,3",3,66-74-50-70,0.011804779060184956
flat,1,sand,2,"0,3",4,72-57-98-85,-0.00419637281447649
flat,1,sand,2,"0,3",5,67-69-97-79,-0.033936936408281326
flat,1,sand,2,"0,3",6,81-71-94-51,0.005536392331123352
flat,1,sand,2,"0,3",7,61-89-64-54,0.03412286937236786
flat,1,sand,2,"0,3",8,92-90-93-76,0.0019038025056943297
flat,1,sand,2,"0,3",9,95-84-52-62,0.008288559503853321
flat,1,sand,2,"0,3",10,60-86-55-58,0.04417213052511215
flat,1,sand,2,"0,3",11,82-91-96-68,0.002601226093247533
flat,1,sand,2,"1,2",0,65-75-87-73,0.0027071062941104174
flat,1,sand,2,"1,2",1,80-56-77-99,0.0022001510951668024
flat,1,sand,2,"1,2",2,53-78-59-83,0.0026202488224953413
flat,1,sand,2,"1,2",3,66-74-50-70,0.003726054448634386
flat,1,sand,2,"1,2",4,72-57-98-85,0.0018185600638389587
flat,1,sand,2,"1,2",5,67-69-97-79,0.002911676187068224
flat,1,sand,2,"1,2",6,81-71-94-51,0.00256120297126472
flat,1,sand,2,"1,2",7,61-89-64-54,0.0029088829178363085
flat,1,sand,2,"1,2",8,92-90-93-76,0.002116783522069454
flat,1,sand,2,"1,2",9,95-84-52-62,0.0038632131181657314
flat,1,sand,2,"1,2",10,60-86-55-58,0.0023563203867524862
flat,1,sand,2,"1,2",11,82-91-96-68,0.001830869005061686
flat,1,sand,2,"1,3",0,65-75-87-73,0.0018408818868920207
flat,1,sand,2,"1,3",1,80-56-77-99,0.0025661438703536987
flat,1,sand,2,"1,3",2,53-78-59-83,0.0020685733761638403
flat,1,sand,2,"1,3",3,66-74-50-70,0.00375783140771091
flat,1,sand,2,"1,3",4,72-57-98-85,0.002214185195043683
flat,1,sand,2,"1,3",5,67-69-97-79,0.001854363246820867
flat,1,sand,2,"1,3",6,81-71-94-51,0.0033021827694028616
flat,1,sand,2,"1,3",7,61-89-64-54,0.002375352429226041
flat,1,sand,2,"1,3",8,92-90-93-76,0.0022669867612421513
flat,1,sand,2,"1,3",9,95-84-52-62,0.0032794694416224957
flat,1,sand,2,"1,3",10,60-86-55-58,0.002632919931784272
flat,1,sand,2,"1,3",11,82-91-96-68,0.00202239491045475
flat,1,sand,2,"2,3",0,65-75-87-73,-0.003217729739844799
flat,1,sand,2,"2,3",1,80-56-77-99,0.0020978874526917934
flat,1,sand,2,"2,3",2,53-78-59-83,0.0359354168176651
flat,1,sand,2,"2,3",3,66-74-50-70,0.01380718220025301
flat,1,sand,2,"2,3",4,72-57-98-85,0.05400955677032471
flat,1,sand,2,"2,3",5,67-69-97-79,-0.03378112241625786
flat,1,sand,2,"2,3",6,81-71-94-51,0.015807924792170525
flat,1,sand,2,"2,3",7,61-89-64-54,0.020676666870713234
flat,1,sand,2,"2,3",8,92-90-93-76,0.025371357798576355
flat,1,sand,2,"2,3",9,95-84-52-62,0.06704295426607132
flat,1,sand,2,"2,3",10,60-86-55-58,0.03990364819765091
flat,1,sand,2,"2,3",11,82-91-96-68,0.025118278339505196
flat,1,sand,3,"0,1,2",0,65-75-87-73,0.002587612485513091
flat,1,sand,3,"0,1,2",1,80-56-77-99,0.0016405008500441909
flat,1,sand,3,"0,1,2",2,53-78-59-83,0.002296187449246645
flat,1,sand,3,"0,1,2",3,66-74-50-70,0.0025659643579274416
flat,1,sand,3,"0,1,2",4,72-57-98-85,0.0023110604379326105
flat,1,sand,3,"0,1,2",5,67-69-97-79,0.0019596456550061703
flat,1,sand,3,"0,1,2",6,81-71-94-51,0.001413297955878079
flat,1,sand,3,"0,1,2",7,61-89-64-54,0.0023474518675357103
flat,1,sand,3,"0,1,2",8,92-90-93-76,0.0019866260699927807
flat,1,sand,3,"0,1,2",9,95-84-52-62,0.0031718641985207796
flat,1,sand,3,"0,1,2",10,60-86-55-58,0.001867357175797224
flat,1,sand,3,"0,1,2",11,82-91-96-68,0.0019677565433084965
flat,1,sand,3,"0,1,3",0,65-75-87-73,0.001861383905634284
flat,1,sand,3,"0,1,3",1,80-56-77-99,0.0019953970331698656
flat,1,sand,3,"0,1,3",2,53-78-59-83,0.0018918787827715278
flat,1,sand,3,"0,1,3",3,66-74-50-70,0.0023144111037254333
flat,1,sand,3,"0,1,3",4,72-57-98-85,0.002785430522635579
flat,1,sand,3,"0,1,3",5,67-69-97-79,0.0013414914719760418
flat,1,sand,3,"0,1,3",6,81-71-94-51,0.002024763496592641
flat,1,sand,3,"0,1,3",7,61-89-64-54,0.001873475150205195
flat,1,sand,3,"0,1,3",8,92-90-93-76,0.002018414670601487
flat,1,sand,3,"0,1,3",9,95-84-52-62,0.002377863973379135
flat,1,sand,3,"0,1,3",10,60-86-55-58,0.0019499316113069654
flat,1,sand,3,"0,1,3",11,82-91-96-68,0.0021625682711601257
flat,1,sand,3,"0,2,3",0,65-75-87-73,0.0029336009174585342
flat,1,sand,3,"0,2,3",1,80-56-77-99,0.0016314464155584574
flat,1,sand,3,"0,2,3",2,53-78-59-83,0.0028154978062957525
flat,1,sand,3,"0,2,3",3,66-74-50-70,0.00186921376734972
flat,1,sand,3,"0,2,3",4,72-57-98-85,0.0009400181006640196
flat,1,sand,3,"0,2,3",5,67-69-97-79,0.002049516886472702
flat,1,sand,3,"0,2,3",6,81-71-94-51,0.004377442412078381
flat,1,sand,3,"0,2,3",7,61-89-64-54,0.0018626360688358545
flat,1,sand,3,"0,2,3",8,92-90-93-76,0.002448615152388811
flat,1,sand,3,"0,2,3",9,95-84-52-62,0.001556247123517096
flat,1,sand,3,"0,2,3",10,60-86-55-58,0.0017349711852148175
flat,1,sand,3,"0,2,3",11,82-91-96-68,0.0023659253492951393
flat,1,sand,3,"1,2,3",0,65-75-87-73,0.0021261696238070726
flat,1,sand,3,"1,2,3",1,80-56-77-99,0.0023477752692997456
flat,1,sand,3,"1,2,3",2,53-78-59-83,0.002088580746203661
flat,1,sand,3,"1,2,3",3,66-74-50-70,0.003517209319397807
flat,1,sand,3,"1,2,3",4,72-57-98-85,0.002580089494585991
flat,1,sand,3,"1,2,3",5,67-69-97-79,0.0029074056074023247
flat,1,sand,3,"1,2,3",6,81-71-94-51,0.0031985347159206867
flat,1,sand,3,"1,2,3",7,61-89-64-54,0.0023174036759883165
flat,1,sand,3,"1,2,3",8,92-90-93-76,0.00201981607824564
flat,1,sand,3,"1,2,3",9,95-84-52-62,0.002429753541946411
flat,1,sand,3,"1,2,3",10,60-86-55-58,0.002535399980843067
flat,1,sand,3,"1,2,3",11,82-91-96-68,0.0017848486313596368
flat,1,sand,4,"0,1,2,3",0,65-75-87-73,0.0020081624388694763
flat,1,sand,4,"0,1,2,3",1,80-56-77-99,0.0018143821507692337
flat,1,sand,4,"0,1,2,3",2,53-78-59-83,0.001820345874875784
flat,1,sand,4,"0,1,2,3",3,66-74-50-70,0.002431932371109724
flat,1,sand,4,"0,1,2,3",4,72-57-98-85,0.003072404535487294
flat,1,sand,4,"0,1,2,3",5,67-69-97-79,0.0019292524084448814
flat,1,sand,4,"0,1,2,3",6,81-71-94-51,0.002116059884428978
flat,1,sand,4,"0,1,2,3",7,61-89-64-54,0.001912518055178225
flat,1,sand,4,"0,1,2,3",8,92-90-93-76,0.0018775055650621653
flat,1,sand,4,"0,1,2,3",9,95-84-52-62,0.0018267137929797173
flat,1,sand,4,"0,1,2,3",10,60-86-55-58,0.001906504388898611
flat,1,sand,4,"0,1,2,3",11,82-91-96-68,0.0019306059693917632
flat,1,slope_up,0,,0,65-75-87-73,0.2132195681333542
flat,1,slope_up,0,,1,80-56-77-99,0.08525892347097397
flat,1,slope_up,0,,2,53-78-59-83,0.41627413034439087
flat,1,slope_up,0,,3,66-74-50-70,0.1603548675775528
flat,1,slope_up,0,,4,72-57-98-85,0.3941821753978729
flat,1,slope_up,0,,5,67-69-97-79,0.42718228697776794
flat,1,slope_up,0,,6,81-71-94-51,0.0691307932138443
flat,1,slope_up,0,,7,61-89-64-54,0.42655524611473083
flat,1,slope_up,0,,8,92-90-93-76,0.2316969335079193
flat,1,slope_up,0,,9,95-84-52-62,0.4999906122684479
flat,1,slope_up,0,,10,60-86-55-58,0.5344264507293701
flat,1,slope_up,0,,11,82-91-96-68,0.4663603603839874
flat,1,slope_up,1,0,0,65-75-87-73,0.040666256099939346
flat,1,slope_up,1,0,1,80-56-77-99,0.04453971982002258
flat,1,slope_up,1,0,2,53-78-59-83,0.04400722309947014
flat,1,slope_up,1,0,3,66-74-50-70,0.02059759758412838
flat,1,slope_up,1,0,4,72-57-98-85,0.0169266015291214
flat,1,slope_up,1,0,5,67-69-97-79,-0.03718017414212227
flat,1,slope_up,1,0,6,81-71-94-51,0.03572642803192139
flat,1,slope_up,1,0,7,61-89-64-54,0.2956523299217224
flat,1,slope_up,1,0,8,92-90-93-76,0.2053104192018509
flat,1,slope_up,1,0,9,95-84-52-62,0.1212909072637558
flat,1,slope_up,1,0,10,60-86-55-58,0.19999372959136963
flat,1,slope_up,1,0,11,82-91-96-68,0.016652850434184074
flat,1,slope_up,1,1,0,65-75-87-73,0.022613704204559326
flat,1,slope_up,1,1,1,80-56-77-99,0.003956328146159649
flat,1,slope_up,1,1,2,53-78-59-83,0.023293517529964447
flat,1,slope_up,1,1,3,66-74-50-70,0.0041705709882080555
flat,1,slope_up,1,1,4,72-57-98-85,0.02495969459414482
flat,1,slope_up,1,1,5,67-69-97-79,-0.008045298047363758
flat,1,slope_up,1,1,6,81-71-94-51,0.027852889150381088
flat,1,slope_up,1,1,7,61-89-64-54,-0.007487539667636156
flat,1,slope_up,1,1,8,92-90-93-76,0.00018670986173674464
flat,1,slope_up,1,1,9,95-84-52-62,0.024151483550667763
flat,1,slope_up,1,1,10,60-86-55-58,0.0011112084612250328
flat,1,slope_up,1,1,11,82-91-96-68,0.011309178546071053
flat,1,slope_up,1,2,0,65-75-87-73,-0.0008798949420452118
flat,1,slope_up,1,2,1,80-56-77-99,0.0022106675896793604
flat,1,slope_up,1,2,2,53-78-59-83,0.03934517875313759
flat,1,slope_up,1,2,3,66-74-50-70,0.010738780722022057
flat,1,slope_up,1,2,4,72-57-98-85,0.03908439353108406
flat,1,slope_up,1,2,5,67-69-97-79,-0.031037645414471626
flat,1,slope_up,1,2,6,81-71-94-51,0.01304496731609106
flat,1,slope_up,1,2,7,61-89-64-54,0.015561285428702831
flat,1,slope_up,1,2,8,92-90-93-76,0.01896834746003151
flat,1,slope_up,1,2,9,95-84-52-62,0.1180214062333107
flat,1,slope_up,1,2,10,60-86-55-58,0.04524128511548042
flat,1,slope_up,1,2,11,82-91-96-68,0.046437084674835205
flat,1,slope_up,1,3,0,65-75-87-73,0.005728018935769796
flat,1,slope_up,1,3,1,80-56-77-99,0.06313972175121307
flat,1,slope_up,1,3,2,53-78-59-83,0.15444980561733246
flat,1,slope_up,1,3,3,66-74-50-70,0.0005100989365018904
flat,1,slope_up,1,3,4,72-57-98-85,0.11292869597673416
flat,1,slope_up,1,3,5,67-69-97-79,0.014946754090487957
flat,1,slope_up,1,3,6,81-71-94-51,0.026352332904934883
flat,1,slope_up,1,3,7,61-89-64-54,0.05287516117095947
flat,1,slope_up,1,3,8,92-90-93-76,0.04196101054549217
flat,1,slope_up,1,3,9,95-84-52-62,0.10913113504648209
flat,1,slope_up,1,3,10,60-86-55-58,0.0816381573677063
flat,1,slope_up,1,3,11,82-91-96-68,0.26896968483924866
flat,1,slope_up,2,"0,1",0,65-75-87-73,0.020317748188972473
flat,1,slope_up,2,"0,1",1,80-56-77-99,0.0033057457767426968
flat,1,slope_up,2,"0,1",2,53-78-59-83,0.02286783792078495
flat,1,slope_up,2,"0,1",3,66-74-50-70,0.004494561348110437
flat,1,slope_up,2,"0,1",4,72-57-98-85,0.026466121897101402
flat,1,slope_up,2,"0,1",5,67-69-97-79,-0.00856746919453144
flat,1,slope_up,2,"0,1",6,81-71-94-51,0.02595977485179901
flat,1,slope_up,2,"0,1",7,61-89-64-54,-0.006658931728452444
flat,1,slope_up,2,"0,1",8,92-90-93-76,0.0007077211630530655
flat,1,slope_up,2,"0,1",9,95-84-52-62,0.02256632223725319
flat,1,slope_up,2,"0,1",10,60-86-55-58,0.001530426205135882
flat,1,slope_up,2,"0,1",11,82-91-96-68,0.012569022364914417
flat,1,slope_up,2,"0,2",0,65-75-87-73,0.0028240266256034374
flat,1,slope_up,2,"0,2",1,80-56-77-99,0.0009077765862457454
flat,1,slope_up,2,"0,2",2,53-78-59-83,0.003128710901364684
flat,1,slope_up,2,"0,2",3,66-74-50-70,0.001070850295946002
flat,1,slope_up,2,"0,2",4,72-57-98-85,0.000787361990660429
flat,1,slope_up,2,"0,2",5,67-69-97-79,0.0017290750984102488
flat,1,slope_up,2,"0,2",6,81-71-94-51,0.002436016919091344
flat,1,slope_up,2,"0,2",7,61-89-64-54,0.002008424373343587
flat,1,slope_up,2,"0,2",8,92-90-93-76,0.002035801764577627
flat,1,slope_up,2,"0,2",9,95-84-52-62,0.0026268213987350464
flat,1,slope_up,2,"0,2",10,60-86-55-58,0.0015450563514605165
flat,1,slope_up,2,"0,2",11,82-91-96-68,0.002445477992296219
flat,1,slope_up,2,"0,3",0,65-75-87-73,0.005224774591624737
flat,1,slope_up,2,"0,3",1,80-56-77-99,0.04123719781637192
flat,1,slope_up,2,"0,3",2,53-78-59-83,0.016063278540968895
flat,1,slope_up,2,"0,3",3,66-74-50-70,0.014941784553229809
flat,1,slope_up,2,"0,3",4,72-57-98-85,-0.008274095132946968
flat,1,slope_up,2,"0,3",5,67-69-97-79,-0.019573204219341278
flat,1,slope_up,2,"0,3",6,81-71-94-51,0.00291224243119359
flat,1,slope_up,2,"0,3",7,61-89-64-54,0.03787858784198761
flat,1,slope_up,2,"0,3",8,92-90-93-76,0.0011827746639028192
flat,1,slope_up,2,"0,3",9,95-84-52-62,0.0028104912489652634
flat,1,slope_up,2,"0,3",10,60-86-55-58,0.0412556454539299
flat,1,slope_up,2,"0,3",11,82-91-96-68,0.0028034246060997248
flat,1,slope_up,2,"1,2",0,65-75-87-73,0.0020253690890967846
flat,1,slope_up,2,"1,2",1,80-56-77-99,0.0019078298937529325
flat,1,slope_up,2,"1,2",2,53-78-59-83,0.0024373282212764025
flat,1,slope_up,2,"1,2",3,66-74-50-70,0.002829652512446046
flat,1,slope_up,2,"1,2",4,72-57-98-85,0.0012521311873570085
flat,1,slope_up,2,"1,2",5,67-69-97-79,0.002699539065361023
flat,1,slope_up,2,"1,2",6,81-71-94-51,0.002333712996914983
flat,1,slope_up,2,"1,2",7,61-89-64-54,0.0027930843643844128
flat,1,slope_up,2,"1,2",8,92-90-93-76,0.001596809714101255
flat,1,slope_up,2,"1,2",9,95-84-52-62,0.003876981558278203
flat,1,slope_up,2,"1,2",10,60-86-55-58,0.001950910547748208
flat,1,slope_up,2,"1,2",11,82-91-96-68,0.0017944782739505172
flat,1,slope_up,2,"1,3",0,65-75-87-73,0.0017540521221235394
flat,1,slope_up,2,"1,3",1,80-56-77-99,0.002496992936357856
flat,1,slope_up,2,"1,3",2,53-78-59-83,0.0019323885207995772
flat,1,slope_up,2,"1,3",3,66-74-50-70,0.00338429631665349
flat,1,slope_up,2,"1,3",4,72-57-98-85,0.0023483717814087868
flat,1,slope_up,2,"1,3",5,67-69-97-79,0.001992169301956892
flat,1,slope_up,2,"1,3",6,81-71-94-51,0.0029005466494709253
flat,1,slope_up,2,"1,3",7,61-89-64-54,0.0019680047407746315
flat,1,slope_up,2,"1,3",8,92-90-93-76,0.001548981643281877
flat,1,slope_up,2,"1,3",9,95-84-52-62,0.002835853025317192
flat,1,slope_up,2,"1,3",10,60-86-55-58,0.0015730079030618072
flat,1,slope_up,2,"1,3",11,82-91-96-68,0.001177306054159999
flat,1,slope_up,2,"2,3",0,65-75-87-73,-0.0009857763070613146
flat,1,slope_up,2,"2,3",1,80-56-77-99,0.002364556072279811
flat,1,slope_up,2,"2,3",2,53-78-59-83,0.038982175290584564
flat,1,slope_up,2,"2,3",3,66-74-50-70,0.010352395474910736
flat,1,slope_up,2,"2,3",4,72-57-98-85,0.03908069431781769
flat,1,slope_up,2,"2,3",5,67-69-97-79,-0.03327324241399765
flat,1,slope_up,2,"2,3",6,81-71-94-51,0.014023135416209698
flat,1,slope_up,2,"2,3",7,61-89-64-54,0.013883690349757671
flat,1,slope_up,2,"2,3",8,92-90-93-76,0.0197385773062706
flat,1,slope_up,2,"2,3",9,95-84-52-62,0.11905361711978912
flat,1,slope_up,2,"2,3",10,60-86-55-58,0.04516734182834625
flat,1,slope_up,2,"2,3",11,82-91-96-68,0.03986206650733948
flat,1,slope_up,3,"0,1,2",0,65-75-87-73,0.0020554140210151672
flat,1,slope_up,3,"0,1,2",1,80-56-77-99,0.001170771080069244
flat,1,slope_up,3,"0,1,2",2,53-78-59-83,0.002091423375532031
flat,1,slope_up,3,"0,1,2",3,66-74-50-70,0.00194230442866683
flat,1,slope_up,3,"0,1,2",4,72-57-98-85,0.0018548087682574987
flat,1,slope_up,3,"0,1,2",5,67-69-97-79,0.0017643831670284271
flat,1,slope_up,3,"0,1,2",6,81-71-94-51,0.0010808786610141397
flat,1,slope_up,3,"0,1,2",7,61-89-64-54,0.0022886863444000483
flat,1,slope_up,3,"0,1,2",8,92-90-93-76,0.0014703121269121766
flat,1,slope_up,3,"0,1,2",9,95-84-52-62,0.003224607091397047
flat,1,slope_up,3,"0,1,2",10,60-86-55-58,0.001897528301924467
flat,1,slope_up,3,"0,1,2",11,82-91-96-68,0.002134181559085846
flat,1,slope_up,3,"0,1,3",0,65-75-87-73,0.001746100839227438
flat,1,slope_up,3,"0,1,3",1,80-56-77-99,0.0017420548247173429
flat,1,slope_up,3,"0,1,3",2,53-78-59-83,0.0015862591098994017
flat,1,slope_up,3,"0,1,3",3,66-74-50-70,0.002331256167963147
flat,1,slope_up,3,"0,1,3",4,72-57-98-85,0.002948685782030225
flat,1,slope_up,3,"0,1,3",5,67-69-97-79,0.001082784147001803
flat,1,slope_up,3,"0,1,3",6,81-71-94-51,0.0016350980149582028
flat,1,slope_up,3,"0,1,3",7,61-89-64-54,0.001447637565433979
flat,1,slope_up,3,"0,1,3",8,92-90-93-76,0.0014659063890576363
flat,1,slope_up,3,"0,1,3",9,95-84-52-62,0.0018817525124177337
flat,1,slope_up,3,"0,1,3",10,60-86-55-58,0.0014662122121080756
flat,1,slope_up,3,"0,1,3",11,82-91-96-68,0.0015777929220348597
flat,1,slope_up,3,"0,2,3",0,65-75-87-73,0.0024513492826372385
flat,1,slope_up,3,"0,2,3",1,80-56-77-99,0.0012624887749552727
flat,1,slope_up,3,"0,2,3",2,53-78-59-83,0.002417338080704212
flat,1,slope_up,3,"0,2,3",3,66-74-50-70,0.0009365632431581616
flat,1,slope_up,3,"0,2,3",4,72-57-98-85,0.0013347520725801587
flat,1,slope_up,3,"0,2,3",5,67-69-97-79,0.001731421798467636
flat,1,slope_up,3,"0,2,3",6,81-71-94-51,0.0032626076135784388
flat,1,slope_up,3,"0,2,3",7,61-89-64-54,0.0012417808175086975
flat,1,slope_up,3,"0,2,3",8,92-90-93-76,0.0020233907271176577
flat,1,slope_up,3,"0,2,3",9,95-84-52-62,0.000890455674380064
flat,1,slope_up,3,"0,2,3",10,60-86-55-58,0.0011698469752445817
flat,1,slope_up,3,"0,2,3",11,82-91-96-68,0.0018075710395351052
flat,1,slope_up,3,"1,2,3",0,65-75-87-73,0.001638582325540483
flat,1,slope_up,3,"1,2,3",1,80-56-77-99,0.0022563228849321604
flat,1,slope_up,3,"1,2,3",2,53-78-59-83,0.0017393140587955713
flat,1,slope_up,3,"1,2,3",3,66-74-50-70,0.002725442172959447
flat,1,slope_up,3,"1,2,3",4,72-57-98-85,0.0022352461237460375
flat,1,slope_up,3,"1,2,3",5,67-69-97-79,0.0026813787408173084
flat,1,slope_up,3,"1,2,3",6,81-71-94-51,0.003058855887502432
flat,1,slope_up,3,"1,2,3",7,61-89-64-54,0.0019943006336688995
flat,1,slope_up,3,"1,2,3",8,92-90-93-76,0.0015578638995066285
flat,1,slope_up,3,"1,2,3",9,95-84-52-62,0.002089005196467042
flat,1,slope_up,3,"1,2,3",10,60-86-55-58,0.001710793236270547
flat,1,slope_up,3,"1,2,3",11,82-91-96-68,0.0012205397943034768
flat,1,slope_up,4,"0,1,2,3",0,65-75-87-73,0.00167056021746248
flat,1,slope_up,4,"0,1,2,3",1,80-56-77-99,0.0015278846258297563
flat,1,slope_up,4,"0,1,2,3",2,53-78-59-83,0.0013916785828769207
flat,1,slope_up,4,"0,1,2,3",3,66-74-50-70,0.0018388224998489022
flat,1,slope_up,4,"0,1,2,3",4,72-57-98-85,0.0028364823665469885
flat,1,slope_up,4,"0,1,2,3",5,67-69-97-79,0.0017374410526826978
flat,1,slope_up,4,"0,1,2,3",6,81-71-94-51,0.0018086021300405264
flat,1,slope_up,4,"0,1,2,3",7,61-89-64-54,0.0015115453861653805
flat,1,slope_up,4,"0,1,2,3",8,92-90-93-76,0.0014174372190609574
flat,1,slope_up,4,"0,1,2,3",9,95-84-52-62,0.001437394879758358
flat,1,slope_up,4,"0,1,2,3",10,60-86-55-58,0.0015803482383489609
flat,1,slope_up,4,"0,1,2,3",11,82-91-96-68,0.0015809886390343308
flat,1,low_gravity,0,,0,65-75-87-73,0.0392071008682251
flat,1,low_gravity,0,,1,80-56-77-99,0.03302422910928726
flat,1,low_gravity,0,,2,53-78-59-83,0.07605499774217606
flat,1,low_gravity,0,,3,66-74-50-70,0.011871491558849812
flat,1,low_gravity,0,,4,72-57-98-85,0.020581716671586037
flat,1,low_gravity,0,,5,67-69-97-79,0.060688454657793045
flat,1,low_gravity,0,,6,81-71-94-51,0.0714537501335144
flat,1,low_gravity,0,,7,61-89-64-54,0.1030869409441948
flat,1,low_gravity,0,,8,92-90-93-76,0.07119745761156082
flat,1,low_gravity,0,,9,95-84-52-62,0.07048982381820679
flat,1,low_gravity,0,,10,60-86-55-58,0.05122929811477661
flat,1,low_gravity,0,,11,82-91-96-68,0.055275313556194305
flat,1,low_gravity,1,0,0,65-75-87-73,0.01984625682234764
flat,1,low_gravity,1,0,1,80-56-77-99,0.04048993065953255
flat,1,low_gravity,1,0,2,53-78-59-83,0.030056526884436607
flat,1,low_gravity,1,0,3,66-74-50-70,0.0076349880546331406
flat,1,low_gravity,1,0,4,72-57-98-85,-0.001298544812016189
flat,1,low_gravity,1,0,5,67-69-97-79,0.04648600146174431
flat,1,low_gravity,1,0,6,81-71-94-51,0.05096956342458725
flat,1,low_gravity,1,0,7,61-89-64-54,0.0736437439918518
flat,1,low_gravity,1,0,8,92-90-93-76,0.05290953442454338
flat,1,low_gravity,1,0,9,95-84-52-62,0.04829346016049385
flat,1,low_gravity,1,0,10,60-86-55-58,0.0308860931545496
flat,1,low_gravity,1,0,11,82-91-96-68,0.06051649525761604
flat,1,low_gravity,1,1,0,65-75-87-73,0.022869156673550606
flat,1,low_gravity,1,1,1,80-56-77-99,0.0032396584283560514
flat,1,low_gravity,1,1,2,53-78-59-83,0.02680172771215439
flat,1,low_gravity,1,1,3,66-74-50-70,0.011290322057902813
flat,1,low_gravity,1,1,4,72-57-98-85,0.020395850762724876
flat,1,low_gravity,1,1,5,67-69-97-79,0.01334438007324934
flat,1,low_gravity,1,1,6,81-71-94-51,0.019556116312742233
flat,1,low_gravity,1,1,7,61-89-64-54,0.00712390523403883
flat,1,low_gravity,1,1,8,92-90-93-76,0.023197099566459656
flat,1,low_gravity,1,1,9,95-84-52-62,0.030822157859802246
flat,1,low_gravity,1,1,10,60-86-55-58,0.027103662490844727
flat,1,low_gravity,1,1,11,82-91-96-68,0.008846040815114975
flat,1,low_gravity,1,2,0,65-75-87-73,0.02621258981525898
flat,1,low_gravity,1,2,1,80-56-77-99,0.0213974267244339
flat,1,low_gravity,1,2,2,53-78-59-83,-0.008431421592831612
flat,1,low_gravity,1,2,3,66-74-50-70,-0.0018745901761576533
flat,1,low_gravity,1,2,4,72-57-98-85,0.007861911319196224
flat,1,low_gravity,1,2,5,67-69-97-79,0.010832278057932854
flat,1,low_gravity,1,2,6,81-71-94-51,0.0007045581005513668
flat,1,low_gravity,1,2,7,61-89-64-54,0.025122838094830513
flat,1,low_gravity,1,2,8,92-90-93-76,0.02494555152952671
flat,1,low_gravity,1,2,9,95-84-52-62,0.0017352334689348936
flat,1,low_gravity,1,2,10,60-86-55-58,-0.008308516815304756
flat,1,low_gravity,1,2,11,82-91-96-68,-0.005157890729606152
flat,1,low_gravity,1,3,0,65-75-87-73,0.029600536450743675
flat,1,low_gravity,1,3,1,80-56-77-99,0.028519490733742714
flat,1,low_gravity,1,3,2,53-78-59-83,0.04992273822426796
flat,1,low_gravity,1,3,3,66-74-50-70,0.0019398819422349334
flat,1,low_gravity,1,3,4,72-57-98-85,-0.007148889359086752
flat,1,low_gravity,1,3,5,67-69-97-79,-0.0062303077429533005
flat,1,low_gravity,1,3,6,81-71-94-51,0.02956806868314743
flat,1,low_gravity,1,3,7,61-89-64-54,0.0983557477593422
flat,1,low_gravity,1,3,8,92-90-93-76,0.08641219139099121
flat,1,low_gravity,1,3,9,95-84-52-62,0.052383217960596085
flat,1,low_gravity,1,3,10,60-86-55-58,0.050359468907117844
flat,1,low_gravity,1,3,11,82-91-96-68,0.05839020758867264
flat,1,low_gravity,2,"0,1",0,65-75-87-73,0.02422713302075863
flat,1,low_gravity,2,"0,1",1,80-56-77-99,0.002465826692059636
flat,1,low_gravity,2,"0,1",2,53-78-59-83,0.02777206152677536
flat,1,low_gravity,2,"0,1",3,66-74-50-70,0.014043300412595272
flat,1,low_gravity,2,"0,1",4,72-57-98-85,0.02019391767680645
flat,1,low_gravity,2,"0,1",5,67-69-97-79,0.01916647143661976
flat,1,low_gravity,2,"0,1",6,81-71-94-51,0.019726447761058807
flat,1,low_gravity,2,"0,1",7,61-89-64-54,0.0066115520894527435
flat,1,low_gravity,2,"0,1",8,92-90-93-76,0.021200554445385933
flat,1,low_gravity,2,"0,1",9,95-84-52-62,0.02990972064435482
flat,1,low_gravity,2,"0,1",10,60-86-55-58,0.02472046948969364
flat,1,low_gravity,2,"0,1",11,82-91-96-68,0.007942663505673409
flat,1,low_gravity,2,"0,2",0,65-75-87-73,0.007236835081130266
flat,1,low_gravity,2,"0,2",1,80-56-77-99,0.00609342148527503
flat,1,low_gravity,2,"0,2",2,53-78-59-83,0.008362412452697754
flat,1,low_gravity,2,"0,2",3,66-74-50-70,0.007637099362909794
flat,1,low_gravity,2,"0,2",4,72-57-98-85,0.006437310483306646
flat,1,low_gravity,2,"0,2",5,67-69-97-79,0.00716831348836422
flat,1,low_gravity,2,"0,2",6,81-71-94-51,0.008245076052844524
flat,1,low_gravity,2,"0,2",7,61-89-64-54,0.008404948748648167
flat,1,low_gravity,2,"0,2",8,92-90-93-76,0.007047505583614111
flat,1,low_gravity,2,"0,2",9,95-84-52-62,0.005469811614602804
flat,1,low_gravity,2,"0,2",10,60-86-55-58,0.005202299449592829
flat,1,low_gravity,2,"0,2",11,82-91-96-68,0.008766296319663525
flat,1,low_gravity,2,"0,3",0,65-75-87-73,0.020160363987088203
flat,1,low_gravity,2,"0,3",1,80-56-77-99,0.07175805419683456
flat,1,low_gravity,2,"0,3",2,53-78-59-83,-0.003860560478642583
flat,1,low_gravity,2,"0,3",3,66-74-50-70,0.009648283012211323
flat,1,low_gravity,2,"0,3",4,72-57-98-85,-0.04394004866480827
flat,1,low_gravity,2,"0,3",5,67-69-97-79,0.008111772127449512
flat,1,low_gravity,2,"0,3",6,81-71-94-51,0.007525102701038122
flat,1,low_gravity,2,"0,3",7,61-89-64-54,0.07853955030441284
flat,1,low_gravity,2,"0,3",8,92-90-93-76,0.049776360392570496
flat,1,low_gravity,2,"0,3",9,95-84-52-62,-0.00033404611167497933
flat,1,low_gravity,2,"0,3",10,60-86-55-58,-0.0005624422919936478
flat,1,low_gravity,2,"0,3",11,82-91-96-68,0.00844557024538517
flat,1,low_gravity,2,"1,2",0,65-75-87-73,0.007313440088182688
flat,1,low_gravity,2,"1,2",1,80-56-77-99,0.0078935157507658
flat,1,low_gravity,2,"1,2",2,53-78-59-83,0.007650468964129686
flat,1,low_gravity,2,"1,2",3,66-74-50-70,0.009020430967211723
flat,1,low_gravity,2,"1,2",4,72-57-98-85,0.006662067491561174
flat,1,low_gravity,2,"1,2",5,67-69-97-79,0.006850042846053839
flat,1,low_gravity,2,"1,2",6,81-71-94-51,0.0055104829370975494
flat,1,low_gravity,2,"1,2",7,61-89-64-54,0.007567264139652252
flat,1,low_gravity,2,"1,2",8,92-90-93-76,0.007985124364495277
flat,1,low_gravity,2,"1,2",9,95-84-52-62,0.008638568222522736
flat,1,low_gravity,2,"1,2",10,60-86-55-58,0.006181077100336552
flat,1,low_gravity,2,"1,2",11,82-91-96-68,0.007811062969267368
flat,1,low_gravity,2,"1,3",0,65-75-87-73,0.005983875598758459
flat,1,low_gravity,2,"1,3",1,80-56-77-99,0.00822187028825283
flat,1,low_gravity,2,"1,3",2,53-78-59-83,0.007527951616793871
flat,1,low_gravity,2,"1,3",3,66-74-50-70,0.010184437036514282
flat,1,low_gravity,2,"1,3",4,72-57-98-85,0.007412351202219725
flat,1,low_gravity,2,"1,3",5,67-69-97-79,0.00462469132617116
flat,1,low_gravity,2,"1,3",6,81-71-94-51,0.0075702122412621975
flat,1,low_gravity,2,"1,3",7,61-89-64-54,0.006775433663278818
flat,1,low_gravity,2,"1,3",8,92-90-93-76,0.007801257073879242
flat,1,low_gravity,2,"1,3",9,95-84-52-62,0.010914837010204792
flat,1,low_gravity,2,"1,3",10,60-86-55-58,0.006010363344103098
flat,1,low_gravity,2,"1,3",11,82-91-96-68,0.006949227768927813
flat,1,low_gravity,2,"2,3",0,65-75-87-73,0.0251819659024477
flat,1,low_gravity,2,"2,3",1,80-56-77-99,0.021062033250927925
flat,1,low_gravity,2,"2,3",2,53-78-59-83,-0.011484002694487572
flat,1,low_gravity,2,"2,3",3,66-74-50-70,-0.00018841908604372293
flat,1,low_gravity,2,"2,3",4,72-57-98-85,0.0046591074205935
flat,1,low_gravity,2,"2,3",5,67-69-97-79,0.007971720770001411
flat,1,low_gravity,2,"2,3",6,81-71-94-51,0.0033282374497503042
flat,1,low_gravity,2,"2,3",7,61-89-64-54,0.02809927985072136
flat,1,low_gravity,2,"2,3",8,92-90-93-76,0.025166455656290054
flat,1,low_gravity,2,"2,3",9,95-84-52-62,-0.0012494034599512815
flat,1,low_gravity,2,"2,3",10,60-86-55-58,-0.007426661904901266
flat,1,low_gravity,2,"2,3",11,82-91-96-68,-0.006510726176202297
flat,1,low_gravity,3,"0,1,2",0,65-75-87-73,0.007776747457683086
flat,1,low_gravity,3,"0,1,2",1,80-56-77-99,0.007462864276021719
flat,1,low_gravity,3,"0,1,2",2,53-78-59-83,0.007335430011153221
flat,1,low_gravity,3,"0,1,2",3,66-74-50-70,0.007917322218418121
flat,1,low_gravity,3,"0,1,2",4,72-57-98-85,0.0066041103564202785
flat,1,low_gravity,3,"0,1,2",5,67-69-97-79,0.007807206828147173
flat,1,low_gravity,3,"0,1,2",6,81-71-94-51,0.00680053373798728
flat,1,low_gravity,3,"0,1,2",7,61-89-64-54,0.007887521758675575
flat,1,low_gravity,3,"0,1,2",8,92-90-93-76,0.007512190379202366
flat,1,low_gravity,3,"0,1,2",9,95-84-52-62,0.007397005800157785
flat,1,low_gravity,3,"0,1,2",10,60-86-55-58,0.006567408796399832
flat,1,low_gravity,3,"0,1,2",11,82-91-96-68,0.007784330286085606
flat,1,low_gravity,3,"0,1,3",0,65-75-87-73,0.005859247874468565
flat,1,low_gravity,3,"0,1,3",1,80-56-77-99,0.006836961954832077
flat,1,low_gravity,3,"0,1,3",2,53-78-59-83,0.007642049342393875
flat,1,low_gravity,3,"0,1,3",3,66-74-50-70,0.008986751548945904
flat,1,low_gravity,3,"0,1,3",4,72-57-98-85,0.008082881569862366
flat,1,low_gravity,3,"0,1,3",5,67-69-97-79,0.006008177530020475
flat,1,low_gravity,3,"0,1,3",6,81-71-94-51,0.007536416873335838
flat,1,low_gravity,3,"0,1,3",7,61-89-64-54,0.007105169352144003
flat,1,low_gravity,3,"0,1,3",8,92-90-93-76,0.007130707148462534
flat,1,low_gravity,3,"0,1,3",9,95-84-52-62,0.009592813439667225
flat,1,low_gravity,3,"0,1,3",10,60-86-55-58,0.0073869433254003525
flat,1,low_gravity,3,"0,1,3",11,82-91-96-68,0.00704009598121047
flat,1,low_gravity,3,"0,2,3",0,65-75-87-73,0.007487856782972813
flat,1,low_gravity,3,"0,2,3",1,80-56-77-99,0.006657758262008429
flat,1,low_gravity,3,"0,2,3",2,53-78-59-83,0.008550136350095272
flat,1,low_gravity,3,"0,2,3",3,66-74-50-70,0.007238490507006645
flat,1,low_gravity,3,"0,2,3",4,72-57-98-85,0.008111202158033848
flat,1,low_gravity,3,"0,2,3",5,67-69-97-79,0.007289591245353222
flat,1,low_gravity,3,"0,2,3",6,81-71-94-51,0.00853845663368702
flat,1,low_gravity,3,"0,2,3",7,61-89-64-54,0.007864718325436115
flat,1,low_gravity,3,"0,2,3",8,92-90-93-76,0.00706272991374135
flat,1,low_gravity,3,"0,2,3",9,95-84-52-62,0.006185547448694706
flat,1,low_gravity,3,"0,2,3",10,60-86-55-58,0.006002265959978104
flat,1,low_gravity,3,"0,2,3",11,82-91-96-68,0.006537932902574539
flat,1,low_gravity,3,"1,2,3",0,65-75-87-73,0.007545209489762783
flat,1,low_gravity,3,"1,2,3",1,80-56-77-99,0.008212522603571415
flat,1,low_gravity,3,"1,2,3",2,53-78-59-83,0.007723189890384674
flat,1,low_gravity,3,"1,2,3",3,66-74-50-70,0.00834866613149643
flat,1,low_gravity,3,"1,2,3",4,72-57-98-85,0.00754188746213913
flat,1,low_gravity,3,"1,2,3",5,67-69-97-79,0.006478048861026764
flat,1,low_gravity,3,"1,2,3",6,81-71-94-51,0.00719883106648922
flat,1,low_gravity,3,"1,2,3",7,61-89-64-54,0.007394223473966122
flat,1,low_gravity,3,"1,2,3",8,92-90-93-76,0.007873188704252243
flat,1,low_gravity,3,"1,2,3",9,95-84-52-62,0.0077121504582464695
flat,1,low_gravity,3,"1,2,3",10,60-86-55-58,0.007713622879236937
flat,1,low_gravity,3,"1,2,3",11,82-91-96-68,0.00761095667257905
flat,1,low_gravity,4,"0,1,2,3",0,65-75-87-73,0.007748195435851812
flat,1,low_gravity,4,"0,1,2,3",1,80-56-77-99,0.007818943820893764
flat,1,low_gravity,4,"0,1,2,3",2,53-78-59-83,0.007722578011453152
flat,1,low_gravity,4,"0,1,2,3",3,66-74-50-70,0.007666316349059343
flat,1,low_gravity,4,"0,1,2,3",4,72-57-98-85,0.00752108171582222
flat,1,low_gravity,4,"0,1,2,3",5,67-69-97-79,0.007829531095921993
flat,1,low_gravity,4,"0,1,2,3",6,81-71-94-51,0.007681409362703562
flat,1,low_gravity,4,"0,1,2,3",7,61-89-64-54,0.007792007643729448
flat,1,low_gravity,4,"0,1,2,3",8,92-90-93-76,0.007802588399499655
flat,1,low_gravity,4,"0,1,2,3",9,95-84-52-62,0.007765508722513914
flat,1,low_gravity,4,"0,1,2,3",10,60-86-55-58,0.007672027684748173
flat,1,low_gravity,4,"0,1,2,3",11,82-91-96-68,0.007830115035176277
multi,1,in_dist,0,,0,65-75-87-73,0.27601510286331177
multi,1,in_dist,0,,1,80-56-77-99,0.33568641543388367
multi,1,in_dist,0,,2,53-78-59-83,0.21525004506111145
multi,1,in_dist,0,,3,66-74-50-70,0.2897215485572815
multi,1,in_dist,0,,4,72-57-98-85,0.3103957772254944
multi,1,in_dist,0,,5,67-69-97-79,0.3353230953216553
multi,1,in_dist,0,,6,81-71-94-51,0.35151907801628113
multi,1,in_dist,0,,7,61-89-64-54,0.41876301169395447
multi,1,in_dist,0,,8,92-90-93-76,0.349132239818573
multi,1,in_dist,0,,9,95-84-52-62,0.33973076939582825
multi,1,in_dist,0,,10,60-86-55-58,0.30734601616859436
multi,1,in_dist,0,,11,82-91-96-68,0.10839247703552246
multi,1,in_dist,1,0,0,65-75-87-73,0.13448046147823334
multi,1,in_dist,1,0,1,80-56-77-99,0.13069871068000793
multi,1,in_dist,1,0,2,53-78-59-83,0.004998229444026947
multi,1,in_dist,1,0,3,66-74-50-70,0.17308466136455536
multi,1,in_dist,1,0,4,72-57-98-85,0.08407557010650635
multi,1,in_dist,1,0,5,67-69-97-79,0.13009405136108398
multi,1,in_dist,1,0,6,81-71-94-51,0.09347512573003769
multi,1,in_dist,1,0,7,61-89-64-54,0.14714573323726654
multi,1,in_dist,1,0,8,92-90-93-76,0.015306462533771992
multi,1,in_dist,1,0,9,95-84-52-62,0.15513168275356293
multi,1,in_dist,1,0,10,60-86-55-58,0.07975958287715912
multi,1,in_dist,1,0,11,82-91-96-68,0.08744329959154129
multi,1,in_dist,1,1,0,65-75-87-73,0.11718710511922836
multi,1,in_dist,1,1,1,80-56-77-99,0.10712126642465591
multi,1,in_dist,1,1,2,53-78-59-83,0.015453214757144451
multi,1,in_dist,1,1,3,66-74-50-70,0.028736881911754608
multi,1,in_dist,1,1,4,72-57-98-85,0.15575557947158813
multi,1,in_dist,1,1,5,67-69-97-79,0.09732813388109207
multi,1,in_dist,1,1,6,81-71-94-51,0.199729323387146
multi,1,in_dist,1,1,7,61-89-64-54,0.1627674698829651
multi,1,in_dist,1,1,8,92-90-93-76,0.026064150035381317
multi,1,in_dist,1,1,9,95-84-52-62,0.1827220469713211
multi,1,in_dist,1,1,10,60-86-55-58,0.14503946900367737
multi,1,in_dist,1,1,11,82-91-96-68,-0.021828489378094673
multi,1,in_dist,1,2,0,65-75-87-73,0.045575663447380066
multi,1,in_dist,1,2,1,80-56-77-99,0.06378524005413055
multi,1,in_dist,1,2,2,53-78-59-83,0.014816381968557835
multi,1,in_dist,1,2,3,66-74-50-70,0.030590519309043884
multi,1,in_dist,1,2,4,72-57-98-85,0.0214084479957819
multi,1,in_dist,1,2,5,67-69-97-79,0.14917734265327454
multi,1,in_dist,1,2,6,81-71-94-51,0.024306977167725563
multi,1,in_dist,1,2,7,61-89-64-54,0.062099456787109375
multi,1,in_dist,1,2,8,92-90-93-76,0.08486788719892502
multi,1,in_dist,1,2,9,95-84-52-62,0.017576467245817184
multi,1,in_dist,1,2,10,60-86-55-58,-0.002135118469595909
multi,1,in_dist,1,2,11,82-91-96-68,0.06531721353530884
multi,1,in_dist,1,3,0,65-75-87-73,0.09477755427360535
multi,1,in_dist,1,3,1,80-56-77-99,0.10205165296792984
multi,1,in_dist,1,3,2,53-78-59-83,0.07224010676145554
multi,1,in_dist,1,3,3,66-74-50-70,0.16805458068847656
multi,1,in_dist,1,3,4,72-57-98-85,0.05773964896798134
multi,1,in_dist,1,3,5,67-69-97-79,0.05339644476771355
multi,1,in_dist,1,3,6,81-71-94-51,0.17331314086914062
multi,1,in_dist,1,3,7,61-89-64-54,0.07459507137537003
multi,1,in_dist,1,3,8,92-90-93-76,0.10800261050462723
multi,1,in_dist,1,3,9,95-84-52-62,0.17281301319599152
multi,1,in_dist,1,3,10,60-86-55-58,0.10473841428756714
multi,1,in_dist,1,3,11,82-91-96-68,0.08218363672494888
multi,1,in_dist,2,"0,1",0,65-75-87-73,0.053869687020778656
multi,1,in_dist,2,"0,1",1,80-56-77-99,0.026804327964782715
multi,1,in_dist,2,"0,1",2,53-78-59-83,0.018235305324196815
multi,1,in_dist,2,"0,1",3,66-74-50-70,0.09339975565671921
multi,1,in_dist,2,"0,1",4,72-57-98-85,0.08705649524927139
multi,1,in_dist,2,"0,1",5,67-69-97-79,0.03856827691197395
multi,1,in_dist,2,"0,1",6,81-71-94-51,0.12958557903766632
multi,1,in_dist,2,"0,1",7,61-89-64-54,0.08351442217826843
multi,1,in_dist,2,"0,1",8,92-90-93-76,0.01892087422311306
multi,1,in_dist,2,"0,1",9,95-84-52-62,0.06753185391426086
multi,1,in_dist,2,"0,1",10,60-86-55-58,0.08844133466482162
multi,1,in_dist,2,"0,1",11,82-91-96-68,0.022161634638905525
multi,1,in_dist,2,"0,2",0,65-75-87-73,-0.0006594255100935698
multi,1,in_dist,2,"0,2",1,80-56-77-99,-0.005549455527216196
multi,1,in_dist,2,"0,2",2,53-78-59-83,0.044449660927057266
multi,1,in_dist,2,"0,2",3,66-74-50-70,0.04334990307688713
multi,1,in_dist,2,"0,2",4,72-57-98-85,0.015533330850303173
multi,1,in_dist,2,"0,2",5,67-69-97-79,-0.004995021969079971
multi,1,in_dist,2,"0,2",6,81-71-94-51,0.0188716072589159
multi,1,in_dist,2,"0,2",7,61-89-64-54,0.026123350486159325
multi,1,in_dist,2,"0,2",8,92-90-93-76,0.04351748153567314
multi,1,in_dist,2,"0,2",9,95-84-52-62,0.01679050736129284
multi,1,in_dist,2,"0,2",10,60-86-55-58,0.007422968279570341
multi,1,in_dist,2,"0,2",11,82-91-96-68,-0.0026485021226108074
multi,1,in_dist,2,"0,3",0,65-75-87-73,0.027304569259285927
multi,1,in_dist,2,"0,3",1,80-56-77-99,0.04661253094673157
multi,1,in_dist,2,"0,3",2,53-78-59-83,-0.01767536625266075
multi,1,in_dist,2,"0,3",3,66-74-50-70,0.08826848119497299
multi,1,in_dist,2,"0,3",4,72-57-98-85,0.03058934211730957
multi,1,in_dist,2,"0,3",5,67-69-97-79,0.024106144905090332
multi,1,in_dist,2,"0,3",6,81-71-94-51,0.009042374789714813
multi,1,in_dist,2,"0,3",7,61-89-64-54,0.01557809580117464
multi,1,in_dist,2,"0,3",8,92-90-93-76,-0.00575870368629694
multi,1,in_dist,2,"0,3",9,95-84-52-62,0.05985932797193527
multi,1,in_dist,2,"0,3",10,60-86-55-58,0.09656023234128952
multi,1,in_dist,2,"0,3",11,82-91-96-68,0.00417409697547555
multi,1,in_dist,2,"1,2",0,65-75-87-73,0.02294965647161007
multi,1,in_dist,2,"1,2",1,80-56-77-99,0.022974232211709023
multi,1,in_dist,2,"1,2",2,53-78-59-83,0.0040480890311300755
multi,1,in_dist,2,"1,2",3,66-74-50-70,0.0013326635817065835
multi,1,in_dist,2,"1,2",4,72-57-98-85,0.01677449233829975
multi,1,in_dist,2,"1,2",5,67-69-97-79,0.011055029928684235
multi,1,in_dist,2,"1,2",6,81-71-94-51,0.014216190204024315
multi,1,in_dist,2,"1,2",7,61-89-64-54,0.02643398568034172
multi,1,in_dist,2,"1,2",8,92-90-93-76,0.003692375496029854
multi,1,in_dist,2,"1,2",9,95-84-52-62,0.01282086968421936
multi,1,in_dist,2,"1,2",10,60-86-55-58,0.0007511528092436492
multi,1,in_dist,2,"1,2",11,82-91-96-68,0.0011938631068915129
multi,1,in_dist,2,"1,3",0,65-75-87-73,0.023268600925803185
multi,1,in_dist,2,"1,3",1,80-56-77-99,0.031488120555877686
multi,1,in_dist,2,"1,3",2,53-78-59-83,0.01369776576757431
multi,1,in_dist,2,"1,3",3,66-74-50-70,0.007834576070308685
multi,1,in_dist,2,"1,3",4,72-57-98-85,0.017682814970612526
multi,1,in_dist,2,"1,3",5,67-69-97-79,0.005799791309982538
multi,1,in_dist,2,"1,3",6,81-71-94-51,0.022558217868208885
multi,1,in_dist,2,"1,3",7,61-89-64-54,0.029545621946454048
multi,1,in_dist,2,"1,3",8,92-90-93-76,0.0027187608648091555
multi,1,in_dist,2,"1,3",9,95-84-52-62,0.02670801244676113
multi,1,in_dist,2,"1,3",10,60-86-55-58,-0.008355490863323212
multi,1,in_dist,2,"1,3",11,82-91-96-68,-0.0017331447452306747
multi,1,in_dist,2,"2,3",0,65-75-87-73,0.018705010414123535
multi,1,in_dist,2,"2,3",1,80-56-77-99,0.022362690418958664
multi,1,in_dist,2,"2,3",2,53-78-59-83,-0.006236146204173565
multi,1,in_dist,2,"2,3",3,66-74-50-70,0.0050061652436852455
multi,1,in_dist,2,"2,3",4,72-57-98-85,0.0001415725564584136
multi,1,in_dist,2,"2,3",5,67-69-97-79,0.06583796441555023
multi,1,in_dist,2,"2,3",6,81-71-94-51,0.006215573288500309
multi,1,in_dist,2,"2,3",7,61-89-64-54,0.01760891079902649
multi,1,in_dist,2,"2,3",8,92-90-93-76,0.0592656135559082
multi,1,in_dist,2,"2,3",9,95-84-52-62,-0.0001967344433069229
multi,1,in_dist,2,"2,3",10,60-86-55-58,-0.02943863719701767
multi,1,in_dist,2,"2,3",11,82-91-96-68,0.029858587309718132
multi,1,in_dist,3,"0,1,2",0,65-75-87-73,0.002829740522429347
multi,1,in_dist,3,"0,1,2",1,80-56-77-99,0.0060189105570316315
multi,1,in_dist,3,"0,1,2",2,53-78-59-83,0.0024507734924554825
multi,1,in_dist,3,"0,1,2",3,66-74-50-70,0.0037540977355092764
multi,1,in_dist,3,"0,1,2",4,72-57-98-85,0.005258845631033182
multi,1,in_dist,3,"0,1,2",5,67-69-97-79,0.002023533685132861
multi,1,in_dist,3,"0,1,2",6,81-71-94-51,0.004325938411056995
multi,1,in_dist,3,"0,1,2",7,61-89-64-54,0.002825138857588172
multi,1,in_dist,3,"0,1,2",8,92-90-93-76,0.0031067354138940573
multi,1,in_dist,3,"0,1,2",9,95-84-52-62,0.003916516900062561
multi,1,in_dist,3,"0,1,2",10,60-86-55-58,0.0014807104598730803
multi,1,in_dist,3,"0,1,2",11,82-91-96-68,0.0019267217721790075
multi,1,in_dist,3,"0,1,3",0,65-75-87-73,0.0026173817459493876
multi,1,in_dist,3,"0,1,3",1,80-56-77-99,0.005392994731664658
multi,1,in_dist,3,"0,1,3",2,53-78-59-83,0.005439341068267822
multi,1,in_dist,3,"0,1,3",3,66-74-50-70,0.00450086547061801
multi,1,in_dist,3,"0,1,3",4,72-57-98-85,0.006273624952882528
multi,1,in_dist,3,"0,1,3",5,67-69-97-79,0.002186804311349988
multi,1,in_dist,3,"0,1,3",6,81-71-94-51,0.004486451856791973
multi,1,in_dist,3,"0,1,3",7,61-89-64-54,0.00448737945407629
multi,1,in_dist,3,"0,1,3",8,92-90-93-76,0.0024987012147903442
multi,1,in_dist,3,"0,1,3",9,95-84-52-62,0.006250594276934862
multi,1,in_dist,3,"0,1,3",10,60-86-55-58,0.0029192690271884203
multi,1,in_dist,3,"0,1,3",11,82-91-96-68,0.0008779832278378308
multi,1,in_dist,3,"0,2,3",0,65-75-87-73,-0.0018954830011352897
multi,1,in_dist,3,"0,2,3",1,80-56-77-99,-0.003129909047856927
multi,1,in_dist,3,"0,2,3",2,53-78-59-83,0.007619068957865238
multi,1,in_dist,3,"0,2,3",3,66-74-50-70,0.0035197343677282333
multi,1,in_dist,3,"0,2,3",4,72-57-98-85,0.008996482938528061
multi,1,in_dist,3,"0,2,3",5,67-69-97-79,0.00019681453704833984
multi,1,in_dist,3,"0,2,3",6,81-71-94-51,0.002940407721325755
multi,1,in_dist,3,"0,2,3",7,61-89-64-54,0.0062117138877511024
multi,1,in_dist,3,"0,2,3",8,92-90-93-76,0.002723531099036336
multi,1,in_dist,3,"0,2,3",9,95-84-52-62,0.004695171024650335
multi,1,in_dist,3,"0,2,3",10,60-86-55-58,0.00418458366766572
multi,1,in_dist,3,"0,2,3",11,82-91-96-68,0.002715721493586898
multi,1,in_dist,3,"1,2,3",0,65-75-87-73,0.007758087478578091
multi,1,in_dist,3,"1,2,3",1,80-56-77-99,0.003672455670312047
multi,1,in_dist,3,"1,2,3",2,53-78-59-83,0.0008087867754511535
multi,1,in_dist,3,"1,2,3",3,66-74-50-70,0.004648491740226746
multi,1,in_dist,3,"1,2,3",4,72-57-98-85,0.003310052677989006
multi,1,in_dist,3,"1,2,3",5,67-69-97-79,0.004646253772079945
multi,1,in_dist,3,"1,2,3",6,81-71-94-51,0.00498170917853713
multi,1,in_dist,3,"1,2,3",7,61-89-64-54,0.007176827639341354
multi,1,in_dist,3,"1,2,3",8,92-90-93-76,0.0016390657983720303
multi,1,in_dist,3,"1,2,3",9,95-84-52-62,0.002296128310263157
multi,1,in_dist,3,"1,2,3",10,60-86-55-58,0.0015267247799783945
multi,1,in_dist,3,"1,2,3",11,82-91-96-68,0.0007684381562285125
multi,1,in_dist,4,"0,1,2,3",0,65-75-87-73,0.0017750784754753113
multi,1,in_dist,4,"0,1,2,3",1,80-56-77-99,0.0015278797363862395
multi,1,in_dist,4,"0,1,2,3",2,53-78-59-83,0.001520001096650958
multi,1,in_dist,4,"0,1,2,3",3,66-74-50-70,0.00198007351718843
multi,1,in_dist,4,"0,1,2,3",4,72-57-98-85,0.002836474683135748
multi,1,in_dist,4,"0,1,2,3",5,67-69-97-79,0.0017374398885294795
multi,1,in_dist,4,"0,1,2,3",6,81-71-94-51,0.0018086108611896634
multi,1,in_dist,4,"0,1,2,3",7,61-89-64-54,0.0016327816992998123
multi,1,in_dist,4,"0,1,2,3",8,92-90-93-76,0.001523470040410757
multi,1,in_dist,4,"0,1,2,3",9,95-84-52-62,0.0015582432970404625
multi,1,in_dist,4,"0,1,2,3",10,60-86-55-58,0.0016708153998479247
multi,1,in_dist,4,"0,1,2,3",11,82-91-96-68,0.001658193999901414
multi,1,wind,0,,0,65-75-87-73,0.30988895893096924
multi,1,wind,0,,1,80-56-77-99,0.18408864736557007
multi,1,wind,0,,2,53-78-59-83,0.2048005759716034
multi,1,wind,0,,3,66-74-50-70,0.3087410032749176
multi,1,wind,0,,4,72-57-98-85,0.1823502480983734
multi,1,wind,0,,5,67-69-97-79,0.2976614236831665
multi,1,wind,0,,6,81-71-94-51,0.2612503468990326
multi,1,wind,0,,7,61-89-64-54,0.428585022687912
multi,1,wind,0,,8,92-90-93-76,0.2791171669960022
multi,1,wind,0,,9,95-84-52-62,0.22168873250484467
multi,1,wind,0,,10,60-86-55-58,0.29907357692718506
multi,1,wind,0,,11,82-91-96-68,0.06615962088108063
multi,1,wind,1,0,0,65-75-87-73,-0.004587811417877674
multi,1,wind,1,0,1,80-56-77-99,0.10394762456417084
multi,1,wind,1,0,2,53-78-59-83,0.06812602281570435
multi,1,wind,1,0,3,66-74-50-70,0.2193271368741989
multi,1,wind,1,0,4,72-57-98-85,0.13451917469501495
multi,1,wind,1,0,5,67-69-97-79,0.07259011268615723
multi,1,wind,1,0,6,81-71-94-51,0.11538130044937134
multi,1,wind,1,0,7,61-89-64-54,0.24152898788452148
multi,1,wind,1,0,8,92-90-93-76,0.03775857388973236
multi,1,wind,1,0,9,95-84-52-62,0.14295747876167297
multi,1,wind,1,0,10,60-86-55-58,0.1159643828868866
multi,1,wind,1,0,11,82-91-96-68,0.1653042733669281
multi,1,wind,1,1,0,65-75-87-73,0.2635103762149811
multi,1,wind,1,1,1,80-56-77-99,0.20419390499591827
multi,1,wind,1,1,2,53-78-59-83,-0.040584731847047806
multi,1,wind,1,1,3,66-74-50-70,0.21309398114681244
multi,1,wind,1,1,4,72-57-98-85,0.2528145909309387
multi,1,wind,1,1,5,67-69-97-79,0.10701145231723785
multi,1,wind,1,1,6,81-71-94-51,0.24177145957946777
multi,1,wind,1,1,7,61-89-64-54,0.28434455394744873
multi,1,wind,1,1,8,92-90-93-76,0.12156403064727783
multi,1,wind,1,1,9,95-84-52-62,0.31539157032966614
multi,1,wind,1,1,10,60-86-55-58,0.10371969640254974
multi,1,wind,1,1,11,82-91-96-68,-0.013649677857756615
multi,1,wind,1,2,0,65-75-87-73,0.05364377051591873
multi,1,wind,1,2,1,80-56-77-99,0.1056867465376854
multi,1,wind,1,2,2,53-78-59-83,0.05990471690893173
multi,1,wind,1,2,3,66-74-50-70,0.17480561137199402
multi,1,wind,1,2,4,72-57-98-85,0.1981000453233719
multi,1,wind,1,2,5,67-69-97-79,0.2286517322063446
multi,1,wind,1,2,6,81-71-94-51,0.03098778985440731
multi,1,wind,1,2,7,61-89-64-54,0.12710314989089966
multi,1,wind,1,2,8,92-90-93-76,0.13886399567127228
multi,1,wind,1,2,9,95-84-52-62,0.1050950214266777
multi,1,wind,1,2,10,60-86-55-58,0.14312835037708282
multi,1,wind,1,2,11,82-91-96-68,0.13079307973384857
multi,1,wind,1,3,0,65-75-87-73,0.17951028048992157
multi,1,wind,1,3,1,80-56-77-99,0.2013268917798996
multi,1,wind,1,3,2,53-78-59-83,0.16585223376750946
multi,1,wind,1,3,3,66-74-50-70,0.27789366245269775
multi,1,wind,1,3,4,72-57-98-85,0.2237635850906372
multi,1,wind,1,3,5,67-69-97-79,0.22999781370162964
multi,1,wind,1,3,6,81-71-94-51,0.1260250061750412
multi,1,wind,1,3,7,61-89-64-54,0.21026714146137238
multi,1,wind,1,3,8,92-90-93-76,0.05660045146942139
multi,1,wind,1,3,9,95-84-52-62,0.15874998271465302
multi,1,wind,1,3,10,60-86-55-58,0.14061422646045685
multi,1,wind,1,3,11,82-91-96-68,0.14549031853675842
multi,1,wind,2,"0,1",0,65-75-87-73,0.21156486868858337
multi,1,wind,2,"0,1",1,80-56-77-99,0.18030087649822235
multi,1,wind,2,"0,1",2,53-78-59-83,-0.00391323072835803
multi,1,wind,2,"0,1",3,66-74-50-70,0.2286226749420166
multi,1,wind,2,"0,1",4,72-57-98-85,0.2625715136528015
multi,1,wind,2,"0,1",5,67-69-97-79,0.09283460676670074
multi,1,wind,2,"0,1",6,81-71-94-51,0.28078484535217285
multi,1,wind,2,"0,1",7,61-89-64-54,0.2534269094467163
multi,1,wind,2,"0,1",8,92-90-93-76,0.09651350975036621
multi,1,wind,2,"0,1",9,95-84-52-62,0.24344050884246826
multi,1,wind,2,"0,1",10,60-86-55-58,0.19870923459529877
multi,1,wind,2,"0,1",11,82-91-96-68,0.04663029685616493
multi,1,wind,2,"0,2",0,65-75-87-73,0.01611606404185295
multi,1,wind,2,"0,2",1,80-56-77-99,0.01922759972512722
multi,1,wind,2,"0,2",2,53-78-59-83,0.028498291969299316
multi,1,wind,2,"0,2",3,66-74-50-70,0.1612883359193802
multi,1,wind,2,"0,2",4,72-57-98-85,0.04774544760584831
multi,1,wind,2,"0,2",5,67-69-97-79,0.02816576138138771
multi,1,wind,2,"0,2",6,81-71-94-51,-0.023943159729242325
multi,1,wind,2,"0,2",7,61-89-64-54,0.02195863611996174
multi,1,wind,2,"0,2",8,92-90-93-76,0.056660860776901245
multi,1,wind,2,"0,2",9,95-84-52-62,0.01784314587712288
multi,1,wind,2,"0,2",10,60-86-55-58,0.0591764897108078
multi,1,wind,2,"0,2",11,82-91-96-68,0.04633590579032898
multi,1,wind,2,"0,3",0,65-75-87-73,0.03329618647694588
multi,1,wind,2,"0,3",1,80-56-77-99,0.06110581010580063
multi,1,wind,2,"0,3",2,53-78-59-83,-0.029787596315145493
multi,1,wind,2,"0,3",3,66-74-50-70,0.24933433532714844
multi,1,wind,2,"0,3",4,72-57-98-85,0.1678793877363205
multi,1,wind,2,"0,3",5,67-69-97-79,0.056300293654203415
multi,1,wind,2,"0,3",6,81-71-94-51,0.018847305327653885
multi,1,wind,2,"0,3",7,61-89-64-54,0.11187373101711273
multi,1,wind,2,"0,3",8,92-90-93-76,0.03998367488384247
multi,1,wind,2,"0,3",9,95-84-52-62,0.1327793151140213
multi,1,wind,2,"0,3",10,60-86-55-58,0.15256161987781525
multi,1,wind,2,"0,3",11,82-91-96-68,0.052214477211236954
multi,1,wind,2,"1,2",0,65-75-87-73,0.04479594901204109
multi,1,wind,2,"1,2",1,80-56-77-99,0.07725657522678375
multi,1,wind,2,"1,2",2,53-78-59-83,-0.024082455784082413
multi,1,wind,2,"1,2",3,66-74-50-70,0.12084054946899414
multi,1,wind,2,"1,2",4,72-57-98-85,0.024087393656373024
multi,1,wind,2,"1,2",5,67-69-97-79,0.08335062861442566
multi,1,wind,2,"1,2",6,81-71-94-51,0.0055167535319924355
multi,1,wind,2,"1,2",7,61-89-64-54,0.02458079345524311
multi,1,wind,2,"1,2",8,92-90-93-76,0.05087089166045189
multi,1,wind,2,"1,2",9,95-84-52-62,0.05361630767583847
multi,1,wind,2,"1,2",10,60-86-55-58,0.05463049188256264
multi,1,wind,2,"1,2",11,82-91-96-68,0.026900943368673325
multi,1,wind,2,"1,3",0,65-75-87-73,0.0739794448018074
multi,1,wind,2,"1,3",1,80-56-77-99,0.06836903095245361
multi,1,wind,2,"1,3",2,53-78-59-83,-0.02380206435918808
multi,1,wind,2,"1,3",3,66-74-50-70,0.10642525553703308
multi,1,wind,2,"1,3",4,72-57-98-85,0.03804735839366913
multi,1,wind,2,"1,3",5,67-69-97-79,0.028236478567123413
multi,1,wind,2,"1,3",6,81-71-94-51,0.05163251981139183
multi,1,wind,2,"1,3",7,61-89-64-54,0.05615266412496567
multi,1,wind,2,"1,3",8,92-90-93-76,0.039687320590019226
multi,1,wind,2,"1,3",9,95-84-52-62,0.046871528029441833
multi,1,wind,2,"1,3",10,60-86-55-58,0.05045810341835022
multi,1,wind,2,"1,3",11,82-91-96-68,0.03395689278841019
multi,1,wind,2,"2,3",0,65-75-87-73,0.07518443465232849
multi,1,wind,2,"2,3",1,80-56-77-99,0.09340512007474899
multi,1,wind,2,"2,3",2,53-78-59-83,0.03520975261926651
multi,1,wind,2,"2,3",3,66-74-50-70,0.1149003878235817
multi,1,wind,2,"2,3",4,72-57-98-85,0.2353907823562622
multi,1,wind,2,"2,3",5,67-69-97-79,0.18789109587669373
multi,1,wind,2,"2,3",6,81-71-94-51,-0.017922818660736084
multi,1,wind,2,"2,3",7,61-89-64-54,0.12627093493938446
multi,1,wind,2,"2,3",8,92-90-93-76,0.1206110343337059
multi,1,wind,2,"2,3",9,95-84-52-62,0.08634781837463379
multi,1,wind,2,"2,3",10,60-86-55-58,0.14015698432922363
multi,1,wind,2,"2,3",11,82-91-96-68,0.09680399298667908
multi,1,wind,3,"0,1,2",0,65-75-87-73,0.008086069487035275
multi,1,wind,3,"0,1,2",1,80-56-77-99,0.029128219932317734
multi,1,wind,3,"0,1,2",2,53-78-59-83,0.011130782775580883
multi,1,wind,3,"0,1,2",3,66-74-50-70,0.08394505828619003
multi,1,wind,3,"0,1,2",4,72-57-98-85,0.023454496636986732
multi,1,wind,3,"0,1,2",5,67-69-97-79,0.05782496556639671
multi,1,wind,3,"0,1,2",6,81-71-94-51,-0.006531618069857359
multi,1,wind,3,"0,1,2",7,61-89-64-54,0.005493056494742632
multi,1,wind,3,"0,1,2",8,92-90-93-76,0.03400733321905136
multi,1,wind,3,"0,1,2",9,95-84-52-62,0.040996916592121124
multi,1,wind,3,"0,1,2",10,60-86-55-58,0.05265381932258606
multi,1,wind,3,"0,1,2",11,82-91-96-68,0.02057698927819729
multi,1,wind,3,"0,1,3",0,65-75-87-73,0.03824181482195854
multi,1,wind,3,"0,1,3",1,80-56-77-99,0.031067410483956337
multi,1,wind,3,"0,1,3",2,53-78-59-83,0.0265981312841177
multi,1,wind,3,"0,1,3",3,66-74-50-70,0.08563312888145447
multi,1,wind,3,"0,1,3",4,72-57-98-85,0.028521940112113953
multi,1,wind,3,"0,1,3",5,67-69-97-79,0.002445308957248926
multi,1,wind,3,"0,1,3",6,81-71-94-51,0.03147946298122406
multi,1,wind,3,"0,1,3",7,61-89-64-54,0.03231868892908096
multi,1,wind,3,"0,1,3",8,92-90-93-76,0.013092732056975365
multi,1,wind,3,"0,1,3",9,95-84-52-62,0.034336358308792114
multi,1,wind,3,"0,1,3",10,60-86-55-58,0.043678052723407745
multi,1,wind,3,"0,1,3",11,82-91-96-68,0.024160796776413918
multi,1,wind,3,"0,2,3",0,65-75-87-73,0.030407456681132317
multi,1,wind,3,"0,2,3",1,80-56-77-99,0.02260184846818447
multi,1,wind,3,"0,2,3",2,53-78-59-83,0.02004505880177021
multi,1,wind,3,"0,2,3",3,66-74-50-70,0.10697158426046371
multi,1,wind,3,"0,2,3",4,72-57-98-85,0.057739026844501495
multi,1,wind,3,"0,2,3",5,67-69-97-79,-0.0003594509034883231
multi,1,wind,3,"0,2,3",6,81-71-94-51,-0.011632358655333519
multi,1,wind,3,"0,2,3",7,61-89-64-54,0.03416912630200386
multi,1,wind,3,"0,2,3",8,92-90-93-76,0.0024483706802129745
multi,1,wind,3,"0,2,3",9,95-84-52-62,0.021191442385315895
multi,1,wind,3,"0,2,3",10,60-86-55-58,0.026322513818740845
multi,1,wind,3,"0,2,3",11,82-91-96-68,0.04286760091781616
multi,1,wind,3,"1,2,3",0,65-75-87-73,0.04400525614619255
multi,1,wind,3,"1,2,3",1,80-56-77-99,0.05298028886318207
multi,1,wind,3,"1,2,3",2,53-78-59-83,-0.03122551180422306
multi,1,wind,3,"1,2,3",3,66-74-50-70,0.0846993625164032
multi,1,wind,3,"1,2,3",4,72-57-98-85,0.026503292843699455
multi,1,wind,3,"1,2,3",5,67-69-97-79,0.03487202525138855
multi,1,wind,3,"1,2,3",6,81-71-94-51,0.03080137073993683
multi,1,wind,3,"1,2,3",7,61-89-64-54,0.03633928298950195
multi,1,wind,3,"1,2,3",8,92-90-93-76,0.023646395653486252
multi,1,wind,3,"1,2,3",9,95-84-52-62,0.03989649564027786
multi,1,wind,3,"1,2,3",10,60-86-55-58,0.03250892832875252
multi,1,wind,3,"1,2,3",11,82-91-96-68,0.03283780813217163
multi,1,wind,4,"0,1,2,3",0,65-75-87-73,0.0011373661691322923
multi,1,wind,4,"0,1,2,3",1,80-56-77-99,0.0166697446256876
multi,1,wind,4,"0,1,2,3",2,53-78-59-83,0.016103330999612808
multi,1,wind,4,"0,1,2,3",3,66-74-50-70,0.05455382540822029
multi,1,wind,4,"0,1,2,3",4,72-57-98-85,0.01655765250325203
multi,1,wind,4,"0,1,2,3",5,67-69-97-79,0.009324167855083942
multi,1,wind,4,"0,1,2,3",6,81-71-94-51,0.013547413982450962
multi,1,wind,4,"0,1,2,3",7,61-89-64-54,0.014512082561850548
multi,1,wind,4,"0,1,2,3",8,92-90-93-76,0.010035286657512188
multi,1,wind,4,"0,1,2,3",9,95-84-52-62,0.016476396471261978
multi,1,wind,4,"0,1,2,3",10,60-86-55-58,0.02682669460773468
multi,1,wind,4,"0,1,2,3",11,82-91-96-68,0.015513661317527294
multi,1,sand,0,,0,65-75-87-73,0.24249504506587982
multi,1,sand,0,,1,80-56-77-99,0.2775838077068329
multi,1,sand,0,,2,53-78-59-83,0.23922283947467804
multi,1,sand,0,,3,66-74-50-70,0.2741866707801819
multi,1,sand,0,,4,72-57-98-85,0.18058782815933228
multi,1,sand,0,,5,67-69-97-79,0.3248983323574066
multi,1,sand,0,,6,81-71-94-51,0.35833150148391724
multi,1,sand,0,,7,61-89-64-54,0.35690879821777344
multi,1,sand,0,,8,92-90-93-76,0.18244194984436035
multi,1,sand,0,,9,95-84-52-62,0.21813762187957764
multi,1,sand,0,,10,60-86-55-58,0.361179918050766
multi,1,sand,0,,11,82-91-96-68,0.032660502940416336
multi,1,sand,1,0,0,65-75-87-73,0.1489906907081604
multi,1,sand,1,0,1,80-56-77-99,0.1157456785440445
multi,1,sand,1,0,2,53-78-59-83,0.02036377415060997
multi,1,sand,1,0,3,66-74-50-70,0.21082118153572083
multi,1,sand,1,0,4,72-57-98-85,0.13329854607582092
multi,1,sand,1,0,5,67-69-97-79,0.12396068125963211
multi,1,sand,1,0,6,81-71-94-51,0.08236851543188095
multi,1,sand,1,0,7,61-89-64-54,0.15383096039295197
multi,1,sand,1,0,8,92-90-93-76,0.0421094112098217
multi,1,sand,1,0,9,95-84-52-62,0.12315207719802856
multi,1,sand,1,0,10,60-86-55-58,0.12723977863788605
multi,1,sand,1,0,11,82-91-96-68,0.062440723180770874
multi,1,sand,1,1,0,65-75-87-73,0.11805292218923569
multi,1,sand,1,1,1,80-56-77-99,0.10076302289962769
multi,1,sand,1,1,2,53-78-59-83,0.032663583755493164
multi,1,sand,1,1,3,66-74-50-70,0.02248556539416313
multi,1,sand,1,1,4,72-57-98-85,0.1822454184293747
multi,1,sand,1,1,5,67-69-97-79,0.10521525144577026
multi,1,sand,1,1,6,81-71-94-51,0.244101881980896
multi,1,sand,1,1,7,61-89-64-54,0.20457696914672852
multi,1,sand,1,1,8,92-90-93-76,0.035652413964271545
multi,1,sand,1,1,9,95-84-52-62,0.23085707426071167
multi,1,sand,1,1,10,60-86-55-58,0.14474055171012878
multi,1,sand,1,1,11,82-91-96-68,-0.04718878120183945
multi,1,sand,1,2,0,65-75-87-73,0.044994574040174484
multi,1,sand,1,2,1,80-56-77-99,0.08515624701976776
multi,1,sand,1,2,2,53-78-59-83,0.03096184693276882
multi,1,sand,1,2,3,66-74-50-70,0.060623832046985626
multi,1,sand,1,2,4,72-57-98-85,0.0313074067234993
multi,1,sand,1,2,5,67-69-97-79,0.13401031494140625
multi,1,sand,1,2,6,81-71-94-51,0.030258789658546448
multi,1,sand,1,2,7,61-89-64-54,0.04769048094749451
multi,1,sand,1,2,8,92-90-93-76,0.0825696736574173
multi,1,sand,1,2,9,95-84-52-62,0.045084938406944275
multi,1,sand,1,2,10,60-86-55-58,0.020698588341474533
multi,1,sand,1,2,11,82-91-96-68,0.06479068100452423
multi,1,sand,1,3,0,65-75-87-73,0.10167068243026733
multi,1,sand,1,3,1,80-56-77-99,0.11831144988536835
multi,1,sand,1,3,2,53-78-59-83,0.0922025591135025
multi,1,sand,1,3,3,66-74-50-70,0.19319383800029755
multi,1,sand,1,3,4,72-57-98-85,0.041005026549100876
multi,1,sand,1,3,5,67-69-97-79,-0.003336973488330841
multi,1,sand,1,3,6,81-71-94-51,0.1812010556459427
multi,1,sand,1,3,7,61-89-64-54,0.07184022665023804
multi,1,sand,1,3,8,92-90-93-76,0.11912137269973755
multi,1,sand,1,3,9,95-84-52-62,0.12484146654605865
multi,1,sand,1,3,10,60-86-55-58,0.13253234326839447
multi,1,sand,1,3,11,82-91-96-68,0.09140606969594955
multi,1,sand,2,"0,1",0,65-75-87-73,0.06028272956609726
multi,1,sand,2,"0,1",1,80-56-77-99,0.03756922110915184
multi,1,sand,2,"0,1",2,53-78-59-83,0.025869183242321014
multi,1,sand,2,"0,1",3,66-74-50-70,0.02077954262495041
multi,1,sand,2,"0,1",4,72-57-98-85,0.11740025132894516
multi,1,sand,2,"0,1",5,67-69-97-79,0.05456170812249184
multi,1,sand,2,"0,1",6,81-71-94-51,0.15338802337646484
multi,1,sand,2,"0,1",7,61-89-64-54,0.12169649451971054
multi,1,sand,2,"0,1",8,92-90-93-76,0.026238420978188515
multi,1,sand,2,"0,1",9,95-84-52-62,0.15485604107379913
multi,1,sand,2,"0,1",10,60-86-55-58,0.10679508745670319
multi,1,sand,2,"0,1",11,82-91-96-68,0.002871139207854867
multi,1,sand,2,"0,2",0,65-75-87-73,0.015807554125785828
multi,1,sand,2,"0,2",1,80-56-77-99,-0.001792138209566474
multi,1,sand,2,"0,2",2,53-78-59-83,0.05181506648659706
multi,1,sand,2,"0,2",3,66-74-50-70,0.04921905696392059
multi,1,sand,2,"0,2",4,72-57-98-85,0.030095478519797325
multi,1,sand,2,"0,2",5,67-69-97-79,-0.0030641090124845505
multi,1,sand,2,"0,2",6,81-71-94-51,0.0210210420191288
multi,1,sand,2,"0,2",7,61-89-64-54,0.0239044651389122
multi,1,sand,2,"0,2",8,92-90-93-76,0.04448695480823517
multi,1,sand,2,"0,2",9,95-84-52-62,0.014949005097150803
multi,1,sand,2,"0,2",10,60-86-55-58,0.0028342432342469692
multi,1,sand,2,"0,2",11,82-91-96-68,-0.0023991025518625975
multi,1,sand,2,"0,3",0,65-75-87-73,0.037735987454652786
multi,1,sand,2,"0,3",1,80-56-77-99,0.025848256424069405
multi,1,sand,2,"0,3",2,53-78-59-83,-0.012100580148398876
multi,1,sand,2,"0,3",3,66-74-50-70,0.07140341401100159
multi,1,sand,2,"0,3",4,72-57-98-85,0.034588247537612915
multi,1,sand,2,"0,3",5,67-69-97-79,0.03668719157576561
multi,1,sand,2,"0,3",6,81-71-94-51,0.011622391641139984
multi,1,sand,2,"0,3",7,61-89-64-54,0.03214234858751297
multi,1,sand,2,"0,3",8,92-90-93-76,0.00046568753896281123
multi,1,sand,2,"0,3",9,95-84-52-62,0.07543160021305084
multi,1,sand,2,"0,3",10,60-86-55-58,0.08797828108072281
multi,1,sand,2,"0,3",11,82-91-96-68,0.01945044845342636
multi,1,sand,2,"1,2",0,65-75-87-73,0.029132764786481857
multi,1,sand,2,"1,2",1,80-56-77-99,0.024581557139754295
multi,1,sand,2,"1,2",2,53-78-59-83,0.00659584067761898
multi,1,sand,2,"1,2",3,66-74-50-70,0.00785509217530489
multi,1,sand,2,"1,2",4,72-57-98-85,0.01607113517820835
multi,1,sand,2,"1,2",5,67-69-97-79,0.01086966972798109
multi,1,sand,2,"1,2",6,81-71-94-51,0.026942020282149315
multi,1,sand,2,"1,2",7,61-89-64-54,0.026850733906030655
multi,1,sand,2,"1,2",8,92-90-93-76,0.010051274672150612
multi,1,sand,2,"1,2",9,95-84-52-62,0.017926840111613274
multi,1,sand,2,"1,2",10,60-86-55-58,-0.002211459446698427
multi,1,sand,2,"1,2",11,82-91-96-68,-0.0018025345634669065
multi,1,sand,2,"1,3",0,65-75-87-73,0.022193899378180504
multi,1,sand,2,"1,3",1,80-56-77-99,0.03512190654873848
multi,1,sand,2,"1,3",2,53-78-59-83,0.016216451302170753
multi,1,sand,2,"1,3",3,66-74-50-70,0.008587767370045185
multi,1,sand,2,"1,3",4,72-57-98-85,0.01692778244614601
multi,1,sand,2,"1,3",5,67-69-97-79,0.00860986951738596
multi,1,sand,2,"1,3",6,81-71-94-51,0.027248447760939598
multi,1,sand,2,"1,3",7,61-89-64-54,0.028118107467889786
multi,1,sand,2,"1,3",8,92-90-93-76,0.007100503891706467
multi,1,sand,2,"1,3",9,95-84-52-62,0.03353578597307205
multi,1,sand,2,"1,3",10,60-86-55-58,-0.016115671023726463
multi,1,sand,2,"1,3",11,82-91-96-68,-0.006281493231654167
multi,1,sand,2,"2,3",0,65-75-87-73,0.02356339618563652
multi,1,sand,2,"2,3",1,80-56-77-99,0.03167124465107918
multi,1,sand,2,"2,3",2,53-78-59-83,0.002279921667650342
multi,1,sand,2,"2,3",3,66-74-50-70,0.021951818838715553
multi,1,sand,2,"2,3",4,72-57-98-85,0.006371854338794947
multi,1,sand,2,"2,3",5,67-69-97-79,0.05645725503563881
multi,1,sand,2,"2,3",6,81-71-94-51,0.003904100973159075
multi,1,sand,2,"2,3",7,61-89-64-54,0.03426462411880493
multi,1,sand,2,"2,3",8,92-90-93-76,0.04652901366353035
multi,1,sand,2,"2,3",9,95-84-52-62,-0.005978071596473455
multi,1,sand,2,"2,3",10,60-86-55-58,-0.008191132918000221
multi,1,sand,2,"2,3",11,82-91-96-68,0.02991364896297455
multi,1,sand,3,"0,1,2",0,65-75-87-73,0.008562147617340088
multi,1,sand,3,"0,1,2",1,80-56-77-99,0.008680419065058231
multi,1,sand,3,"0,1,2",2,53-78-59-83,0.0052701858803629875
multi,1,sand,3,"0,1,2",3,66-74-50-70,0.006626680493354797
multi,1,sand,3,"0,1,2",4,72-57-98-85,0.010599523782730103
multi,1,sand,3,"0,1,2",5,67-69-97-79,0.0031536801252514124
multi,1,sand,3,"0,1,2",6,81-71-94-51,0.006387504283338785
multi,1,sand,3,"0,1,2",7,61-89-64-54,0.005292986053973436
multi,1,sand,3,"0,1,2",8,92-90-93-76,0.007671266794204712
multi,1,sand,3,"0,1,2",9,95-84-52-62,0.007455774582922459
multi,1,sand,3,"0,1,2",10,60-86-55-58,0.002475056331604719
multi,1,sand,3,"0,1,2",11,82-91-96-68,0.0038815010339021683
multi,1,sand,3,"0,1,3",0,65-75-87-73,0.005873182322829962
multi,1,sand,3,"0,1,3",1,80-56-77-99,0.013823913410305977
multi,1,sand,3,"0,1,3",2,53-78-59-83,0.011735361069440842
multi,1,sand,3,"0,1,3",3,66-74-50-70,0.006073033902794123
multi,1,sand,3,"0,1,3",4,72-57-98-85,0.005684615578502417
multi,1,sand,3,"0,1,3",5,67-69-97-79,0.003233571769669652
multi,1,sand,3,"0,1,3",6,81-71-94-51,0.00884038582444191
multi,1,sand,3,"0,1,3",7,61-89-64-54,0.007019896060228348
multi,1,sand,3,"0,1,3",8,92-90-93-76,0.005485615227371454
multi,1,sand,3,"0,1,3",9,95-84-52-62,0.012288334779441357
multi,1,sand,3,"0,1,3",10,60-86-55-58,0.0010146010899916291
multi,1,sand,3,"0,1,3",11,82-91-96-68,-0.0005385722033679485
multi,1,sand,3,"0,2,3",0,65-75-87-73,-0.0016331466613337398
multi,1,sand,3,"0,2,3",1,80-56-77-99,-0.005264952778816223
multi,1,sand,3,"0,2,3",2,53-78-59-83,0.012305907905101776
multi,1,sand,3,"0,2,3",3,66-74-50-70,0.008896315470337868
multi,1,sand,3,"0,2,3",4,72-57-98-85,0.01256712805479765
multi,1,sand,3,"0,2,3",5,67-69-97-79,-0.0007213251083157957
multi,1,sand,3,"0,2,3",6,81-71-94-51,0.0059854681603610516
multi,1,sand,3,"0,2,3",7,61-89-64-54,0.01302864495664835
multi,1,sand,3,"0,2,3",8,92-90-93-76,0.0053867981769144535
multi,1,sand,3,"0,2,3",9,95-84-52-62,0.0051605538465082645
multi,1,sand,3,"0,2,3",10,60-86-55-58,0.00411912752315402
multi,1,sand,3,"0,2,3",11,82-91-96-68,-0.0023598060943186283
multi,1,sand,3,"1,2,3",0,65-75-87-73,0.009958249516785145
multi,1,sand,3,"1,2,3",1,80-56-77-99,0.006751586217433214
multi,1,sand,3,"1,2,3",2,53-78-59-83,-0.0008596630650572479
multi,1,sand,3,"1,2,3",3,66-74-50-70,0.003915017005056143
multi,1,sand,3,"1,2,3",4,72-57-98-85,0.00521263899281621
multi,1,sand,3,"1,2,3",5,67-69-97-79,0.005616153124719858
multi,1,sand,3,"1,2,3",6,81-71-94-51,0.011032989248633385
multi,1,sand,3,"1,2,3",7,61-89-64-54,0.012024110183119774
multi,1,sand,3,"1,2,3",8,92-90-93-76,0.0017932056216523051
multi,1,sand,3,"1,2,3",9,95-84-52-62,0.005169060081243515
multi,1,sand,3,"1,2,3",10,60-86-55-58,-0.002351163187995553
multi,1,sand,3,"1,2,3",11,82-91-96-68,-0.0032331955153495073
multi,1,sand,4,"0,1,2,3",0,65-75-87-73,0.00200829328969121
multi,1,sand,4,"0,1,2,3",1,80-56-77-99,0.0018143964698538184
multi,1,sand,4,"0,1,2,3",2,53-78-59-83,0.0018204122316092253
multi,1,sand,4,"0,1,2,3",3,66-74-50-70,0.0024319381918758154
multi,1,sand,4,"0,1,2,3",4,72-57-98-85,0.003072368213906884
multi,1,sand,4,"0,1,2,3",5,67-69-97-79,0.0019292953656986356
multi,1,sand,4,"0,1,2,3",6,81-71-94-51,0.002116059884428978
multi,1,sand,4,"0,1,2,3",7,61-89-64-54,0.001912558451294899
multi,1,sand,4,"0,1,2,3",8,92-90-93-76,0.001877508475445211
multi,1,sand,4,"0,1,2,3",9,95-84-52-62,0.0018266966799274087
multi,1,sand,4,"0,1,2,3",10,60-86-55-58,0.0019064533989876509
multi,1,sand,4,"0,1,2,3",11,82-91-96-68,0.00193059875164181
multi,1,slope_up,0,,0,65-75-87-73,0.27746376395225525
multi,1,slope_up,0,,1,80-56-77-99,0.2758076786994934
multi,1,slope_up,0,,2,53-78-59-83,0.22861208021640778
multi,1,slope_up,0,,3,66-74-50-70,0.27792754769325256
multi,1,slope_up,0,,4,72-57-98-85,0.3274034857749939
multi,1,slope_up,0,,5,67-69-97-79,0.3248135447502136
multi,1,slope_up,0,,6,81-71-94-51,0.3002220392227173
multi,1,slope_up,0,,7,61-89-64-54,0.3492276966571808
multi,1,slope_up,0,,8,92-90-93-76,0.20371036231517792
multi,1,slope_up,0,,9,95-84-52-62,0.2823508679866791
multi,1,slope_up,0,,10,60-86-55-58,0.2777634561061859
multi,1,slope_up,0,,11,82-91-96-68,0.10839266330003738
multi,1,slope_up,1,0,0,65-75-87-73,0.11193118989467621
multi,1,slope_up,1,0,1,80-56-77-99,0.11284415423870087
multi,1,slope_up,1,0,2,53-78-59-83,0.00467550428584218
multi,1,slope_up,1,0,3,66-74-50-70,0.1413065642118454
multi,1,slope_up,1,0,4,72-57-98-85,0.0840754508972168
multi,1,slope_up,1,0,5,67-69-97-79,0.10649671405553818
multi,1,slope_up,1,0,6,81-71-94-51,0.0934750959277153
multi,1,slope_up,1,0,7,61-89-64-54,0.10143039375543594
multi,1,slope_up,1,0,8,92-90-93-76,0.015021368861198425
multi,1,slope_up,1,0,9,95-84-52-62,0.17009826004505157
multi,1,slope_up,1,0,10,60-86-55-58,0.07348213344812393
multi,1,slope_up,1,0,11,82-91-96-68,0.08454189449548721
multi,1,slope_up,1,1,0,65-75-87-73,0.09606234729290009
multi,1,slope_up,1,1,1,80-56-77-99,0.0906706303358078
multi,1,slope_up,1,1,2,53-78-59-83,0.015442339703440666
multi,1,slope_up,1,1,3,66-74-50-70,0.02792348712682724
multi,1,slope_up,1,1,4,72-57-98-85,0.15209729969501495
multi,1,slope_up,1,1,5,67-69-97-79,0.0827161893248558
multi,1,slope_up,1,1,6,81-71-94-51,0.12151879817247391
multi,1,slope_up,1,1,7,61-89-64-54,0.12142745405435562
multi,1,slope_up,1,1,8,92-90-93-76,0.026066821068525314
multi,1,slope_up,1,1,9,95-84-52-62,0.15568101406097412
multi,1,slope_up,1,1,10,60-86-55-58,0.12366117537021637
multi,1,slope_up,1,1,11,82-91-96-68,-0.021828506141901016
multi,1,slope_up,1,2,0,65-75-87-73,0.056146152317523956
multi,1,slope_up,1,2,1,80-56-77-99,0.06378531455993652
multi,1,slope_up,1,2,2,53-78-59-83,0.014815452508628368
multi,1,slope_up,1,2,3,66-74-50-70,0.03141217678785324
multi,1,slope_up,1,2,4,72-57-98-85,0.021408401429653168
multi,1,slope_up,1,2,5,67-69-97-79,0.13119693100452423
multi,1,slope_up,1,2,6,81-71-94-51,0.02430702932178974
multi,1,slope_up,1,2,7,61-89-64-54,0.062099654227495193
multi,1,slope_up,1,2,8,92-90-93-76,0.08139213174581528
multi,1,slope_up,1,2,9,95-84-52-62,0.017576375976204872
multi,1,slope_up,1,2,10,60-86-55-58,-0.0021350181195884943
multi,1,slope_up,1,2,11,82-91-96-68,0.06531722843647003
multi,1,slope_up,1,3,0,65-75-87-73,0.11250927299261093
multi,1,slope_up,1,3,1,80-56-77-99,0.10205189138650894
multi,1,slope_up,1,3,2,53-78-59-83,0.07222349941730499
multi,1,slope_up,1,3,3,66-74-50-70,0.17487145960330963
multi,1,slope_up,1,3,4,72-57-98-85,0.05773976817727089
multi,1,slope_up,1,3,5,67-69-97-79,0.05339661240577698
multi,1,slope_up,1,3,6,81-71-94-51,0.17172624170780182
multi,1,slope_up,1,3,7,61-89-64-54,0.0745951309800148
multi,1,slope_up,1,3,8,92-90-93-76,0.10800269991159439
multi,1,slope_up,1,3,9,95-84-52-62,0.1683991402387619
multi,1,slope_up,1,3,10,60-86-55-58,0.10454796999692917
multi,1,slope_up,1,3,11,82-91-96-68,0.0821835920214653
multi,1,slope_up,2,"0,1",0,65-75-87-73,0.02975532039999962
multi,1,slope_up,2,"0,1",1,80-56-77-99,0.026804804801940918
multi,1,slope_up,2,"0,1",2,53-78-59-83,0.01798381842672825
multi,1,slope_up,2,"0,1",3,66-74-50-70,0.05967298150062561
multi,1,slope_up,2,"0,1",4,72-57-98-85,0.08517325669527054
multi,1,slope_up,2,"0,1",5,67-69-97-79,0.03856809809803963
multi,1,slope_up,2,"0,1",6,81-71-94-51,0.07718033343553543
multi,1,slope_up,2,"0,1",7,61-89-64-54,0.04402595013380051
multi,1,slope_up,2,"0,1",8,92-90-93-76,0.018549250438809395
multi,1,slope_up,2,"0,1",9,95-84-52-62,0.059767946600914
multi,1,slope_up,2,"0,1",10,60-86-55-58,0.060384903103113174
multi,1,slope_up,2,"0,1",11,82-91-96-68,0.022114090621471405
multi,1,slope_up,2,"0,2",0,65-75-87-73,-0.001037518261000514
multi,1,slope_up,2,"0,2",1,80-56-77-99,-0.005549063440412283
multi,1,slope_up,2,"0,2",2,53-78-59-83,0.02825111709535122
multi,1,slope_up,2,"0,2",3,66-74-50-70,0.01525823399424553
multi,1,slope_up,2,"0,2",4,72-57-98-85,0.01553336065262556
multi,1,slope_up,2,"0,2",5,67-69-97-79,-0.004995111841708422
multi,1,slope_up,2,"0,2",6,81-71-94-51,0.018871977925300598
multi,1,slope_up,2,"0,2",7,61-89-64-54,0.012459173798561096
multi,1,slope_up,2,"0,2",8,92-90-93-76,0.021136734634637833
multi,1,slope_up,2,"0,2",9,95-84-52-62,0.012106791138648987
multi,1,slope_up,2,"0,2",10,60-86-55-58,0.005109250079840422
multi,1,slope_up,2,"0,2",11,82-91-96-68,-0.0031048846431076527
multi,1,slope_up,2,"0,3",0,65-75-87-73,0.027278956025838852
multi,1,slope_up,2,"0,3",1,80-56-77-99,0.046612948179244995
multi,1,slope_up,2,"0,3",2,53-78-59-83,-0.018042102456092834
multi,1,slope_up,2,"0,3",3,66-74-50-70,0.07279358059167862
multi,1,slope_up,2,"0,3",4,72-57-98-85,0.030589282512664795
multi,1,slope_up,2,"0,3",5,67-69-97-79,0.024106411263346672
multi,1,slope_up,2,"0,3",6,81-71-94-51,0.009042268618941307
multi,1,slope_up,2,"0,3",7,61-89-64-54,0.01534200832247734
multi,1,slope_up,2,"0,3",8,92-90-93-76,-0.005996761377900839
multi,1,slope_up,2,"0,3",9,95-84-52-62,0.0448995865881443
multi,1,slope_up,2,"0,3",10,60-86-55-58,0.06837864220142365
multi,1,slope_up,2,"0,3",11,82-91-96-68,0.005326980259269476
multi,1,slope_up,2,"1,2",0,65-75-87-73,0.01508097629994154
multi,1,slope_up,2,"1,2",1,80-56-77-99,0.022974077612161636
multi,1,slope_up,2,"1,2",2,53-78-59-83,0.0040418352000415325
multi,1,slope_up,2,"1,2",3,66-74-50-70,0.0013163220137357712
multi,1,slope_up,2,"1,2",4,72-57-98-85,0.016774510964751244
multi,1,slope_up,2,"1,2",5,67-69-97-79,0.01105525717139244
multi,1,slope_up,2,"1,2",6,81-71-94-51,0.014215948060154915
multi,1,slope_up,2,"1,2",7,61-89-64-54,0.01985102705657482
multi,1,slope_up,2,"1,2",8,92-90-93-76,0.003692468162626028
multi,1,slope_up,2,"1,2",9,95-84-52-62,0.010651351884007454
multi,1,slope_up,2,"1,2",10,60-86-55-58,0.0007512393640354276
multi,1,slope_up,2,"1,2",11,82-91-96-68,0.001193910837173462
multi,1,slope_up,2,"1,3",0,65-75-87-73,0.013354887254536152
multi,1,slope_up,2,"1,3",1,80-56-77-99,0.02988245151937008
multi,1,slope_up,2,"1,3",2,53-78-59-83,0.013255908153951168
multi,1,slope_up,2,"1,3",3,66-74-50-70,0.007363971788436174
multi,1,slope_up,2,"1,3",4,72-57-98-85,0.017682617530226707
multi,1,slope_up,2,"1,3",5,67-69-97-79,0.005799735430628061
multi,1,slope_up,2,"1,3",6,81-71-94-51,0.02155422978103161
multi,1,slope_up,2,"1,3",7,61-89-64-54,0.02176428772509098
multi,1,slope_up,2,"1,3",8,92-90-93-76,0.0027185778599232435
multi,1,slope_up,2,"1,3",9,95-84-52-62,0.021017547696828842
multi,1,slope_up,2,"1,3",10,60-86-55-58,-0.0083554582670331
multi,1,slope_up,2,"1,3",11,82-91-96-68,-0.0017331677954643965
multi,1,slope_up,2,"2,3",0,65-75-87-73,0.018328990787267685
multi,1,slope_up,2,"2,3",1,80-56-77-99,0.02236282080411911
multi,1,slope_up,2,"2,3",2,53-78-59-83,-0.006238105706870556
multi,1,slope_up,2,"2,3",3,66-74-50-70,0.004996806848794222
multi,1,slope_up,2,"2,3",4,72-57-98-85,0.0001413402205798775
multi,1,slope_up,2,"2,3",5,67-69-97-79,0.0658382996916771
multi,1,slope_up,2,"2,3",6,81-71-94-51,0.006215692963451147
multi,1,slope_up,2,"2,3",7,61-89-64-54,0.01760944165289402
multi,1,slope_up,2,"2,3",8,92-90-93-76,0.059229783713817596
multi,1,slope_up,2,"2,3",9,95-84-52-62,-0.00019708411127794534
multi,1,slope_up,2,"2,3",10,60-86-55-58,-0.029439032077789307
multi,1,slope_up,2,"2,3",11,82-91-96-68,0.029858779162168503
multi,1,slope_up,3,"0,1,2",0,65-75-87-73,0.0027052760124206543
multi,1,slope_up,3,"0,1,2",1,80-56-77-99,0.006018901709467173
multi,1,slope_up,3,"0,1,2",2,53-78-59-83,0.0023329444229602814
multi,1,slope_up,3,"0,1,2",3,66-74-50-70,0.0035956967622041702
multi,1,slope_up,3,"0,1,2",4,72-57-98-85,0.005258830264210701
multi,1,slope_up,3,"0,1,2",5,67-69-97-79,0.00202353298664093
multi,1,slope_up,3,"0,1,2",6,81-71-94-51,0.0043259598314762115
multi,1,slope_up,3,"0,1,2",7,61-89-64-54,0.0026791600976139307
multi,1,slope_up,3,"0,1,2",8,92-90-93-76,0.0030042354483157396
multi,1,slope_up,3,"0,1,2",9,95-84-52-62,0.003772106720134616
multi,1,slope_up,3,"0,1,2",10,60-86-55-58,0.0013862482737749815
multi,1,slope_up,3,"0,1,2",11,82-91-96-68,0.00183666602242738
multi,1,slope_up,3,"0,1,3",0,65-75-87-73,0.002387288026511669
multi,1,slope_up,3,"0,1,3",1,80-56-77-99,0.005392897874116898
multi,1,slope_up,3,"0,1,3",2,53-78-59-83,0.005056058056652546
multi,1,slope_up,3,"0,1,3",3,66-74-50-70,0.004212742671370506
multi,1,slope_up,3,"0,1,3",4,72-57-98-85,0.006274085491895676
multi,1,slope_up,3,"0,1,3",5,67-69-97-79,0.0021868478506803513
multi,1,slope_up,3,"0,1,3",6,81-71-94-51,0.004486400634050369
multi,1,slope_up,3,"0,1,3",7,61-89-64-54,0.0041105300188064575
multi,1,slope_up,3,"0,1,3",8,92-90-93-76,0.0023632715456187725
multi,1,slope_up,3,"0,1,3",9,95-84-52-62,0.005990696605294943
multi,1,slope_up,3,"0,1,3",10,60-86-55-58,0.002764888806268573
multi,1,slope_up,3,"0,1,3",11,82-91-96-68,0.0007066860562190413
multi,1,slope_up,3,"0,2,3",0,65-75-87-73,-0.0018949212972074747
multi,1,slope_up,3,"0,2,3",1,80-56-77-99,-0.0031297814566642046
multi,1,slope_up,3,"0,2,3",2,53-78-59-83,0.0054818205535411835
multi,1,slope_up,3,"0,2,3",3,66-74-50-70,0.001145219779573381
multi,1,slope_up,3,"0,2,3",4,72-57-98-85,0.008996419608592987
multi,1,slope_up,3,"0,2,3",5,67-69-97-79,0.0001967877906281501
multi,1,slope_up,3,"0,2,3",6,81-71-94-51,0.002940358826890588
multi,1,slope_up,3,"0,2,3",7,61-89-64-54,0.004454950336366892
multi,1,slope_up,3,"0,2,3",8,92-90-93-76,0.0025531293358653784
multi,1,slope_up,3,"0,2,3",9,95-84-52-62,0.003748746821656823
multi,1,slope_up,3,"0,2,3",10,60-86-55-58,0.002854636637493968
multi,1,slope_up,3,"0,2,3",11,82-91-96-68,0.0024446826428174973
multi,1,slope_up,3,"1,2,3",0,65-75-87-73,0.005573770496994257
multi,1,slope_up,3,"1,2,3",1,80-56-77-99,0.003672475926578045
multi,1,slope_up,3,"1,2,3",2,53-78-59-83,0.0008065485744737089
multi,1,slope_up,3,"1,2,3",3,66-74-50-70,0.0046348245814442635
multi,1,slope_up,3,"1,2,3",4,72-57-98-85,0.0033100347500294447
multi,1,slope_up,3,"1,2,3",5,67-69-97-79,0.00464619230479002
multi,1,slope_up,3,"1,2,3",6,81-71-94-51,0.0049817212857306
multi,1,slope_up,3,"1,2,3",7,61-89-64-54,0.005628828424960375
multi,1,slope_up,3,"1,2,3",8,92-90-93-76,0.0016390751115977764
multi,1,slope_up,3,"1,2,3",9,95-84-52-62,0.0018493009265512228
multi,1,slope_up,3,"1,2,3",10,60-86-55-58,0.0015267465496435761
multi,1,slope_up,3,"1,2,3",11,82-91-96-68,0.0007684217416681349
multi,1,slope_up,4,"0,1,2,3",0,65-75-87-73,0.0016705626621842384
multi,1,slope_up,4,"0,1,2,3",1,80-56-77-99,0.0015278833452612162
multi,1,slope_up,4,"0,1,2,3",2,53-78-59-83,0.0013916774187237024
multi,1,slope_up,4,"0,1,2,3",3,66-74-50-70,0.0018388277385383844
multi,1,slope_up,4,"0,1,2,3",4,72-57-98-85,0.0028364798054099083
multi,1,slope_up,4,"0,1,2,3",5,67-69-97-79,0.0017374431481584907
multi,1,slope_up,4,"0,1,2,3",6,81-71-94-51,0.0018086051568388939
multi,1,slope_up,4,"0,1,2,3",7,61-89-64-54,0.0015115499263629317
multi,1,slope_up,4,"0,1,2,3",8,92-90-93-76,0.0014174426905810833
multi,1,slope_up,4,"0,1,2,3",9,95-84-52-62,0.001437393482774496
multi,1,slope_up,4,"0,1,2,3",10,60-86-55-58,0.0015803445130586624
multi,1,slope_up,4,"0,1,2,3",11,82-91-96-68,0.0015809896867722273
multi,1,low_gravity,0,,0,65-75-87-73,0.05999937653541565
multi,1,low_gravity,0,,1,80-56-77-99,0.04762864112854004
multi,1,low_gravity,0,,2,53-78-59-83,0.03592347726225853
multi,1,low_gravity,0,,3,66-74-50-70,0.061530135571956635
multi,1,low_gravity,0,,4,72-57-98-85,0.04501506686210632
multi,1,low_gravity,0,,5,67-69-97-79,0.04154812917113304
multi,1,low_gravity,0,,6,81-71-94-51,0.03550935909152031
multi,1,low_gravity,0,,7,61-89-64-54,0.05726451426744461
multi,1,low_gravity,0,,8,92-90-93-76,0.04589767009019852
multi,1,low_gravity,0,,9,95-84-52-62,0.04266289621591568
multi,1,low_gravity,0,,10,60-86-55-58,0.032607726752758026
multi,1,low_gravity,0,,11,82-91-96-68,0.0563633032143116
multi,1,low_gravity,1,0,0,65-75-87-73,0.07002822309732437
multi,1,low_gravity,1,0,1,80-56-77-99,0.054903171956539154
multi,1,low_gravity,1,0,2,53-78-59-83,0.0319257415831089
multi,1,low_gravity,1,0,3,66-74-50-70,0.07156603783369064
multi,1,low_gravity,1,0,4,72-57-98-85,0.05315641686320305
multi,1,low_gravity,1,0,5,67-69-97-79,0.05550123378634453
multi,1,low_gravity,1,0,6,81-71-94-51,0.029656432569026947
multi,1,low_gravity,1,0,7,61-89-64-54,0.06349024921655655
multi,1,low_gravity,1,0,8,92-90-93-76,0.04227254539728165
multi,1,low_gravity,1,0,9,95-84-52-62,0.06293101608753204
multi,1,low_gravity,1,0,10,60-86-55-58,0.033111244440078735
multi,1,low_gravity,1,0,11,82-91-96-68,0.07065171003341675
multi,1,low_gravity,1,1,0,65-75-87-73,0.029565688222646713
multi,1,low_gravity,1,1,1,80-56-77-99,0.049159467220306396
multi,1,low_gravity,1,1,2,53-78-59-83,0.019793996587395668
multi,1,low_gravity,1,1,3,66-74-50-70,0.07166652381420135
multi,1,low_gravity,1,1,4,72-57-98-85,0.05550209805369377
multi,1,low_gravity,1,1,5,67-69-97-79,0.05727323144674301
multi,1,low_gravity,1,1,6,81-71-94-51,0.0610198900103569
multi,1,low_gravity,1,1,7,61-89-64-54,0.03914268687367439
multi,1,low_gravity,1,1,8,92-90-93-76,0.03254413604736328
multi,1,low_gravity,1,1,9,95-84-52-62,0.050329435616731644
multi,1,low_gravity,1,1,10,60-86-55-58,0.04605865478515625
multi,1,low_gravity,1,1,11,82-91-96-68,0.048775285482406616
multi,1,low_gravity,1,2,0,65-75-87-73,0.022770820185542107
multi,1,low_gravity,1,2,1,80-56-77-99,0.03798694908618927
multi,1,low_gravity,1,2,2,53-78-59-83,0.04577311873435974
multi,1,low_gravity,1,2,3,66-74-50-70,0.041128166019916534
multi,1,low_gravity,1,2,4,72-57-98-85,0.03792062774300575
multi,1,low_gravity,1,2,5,67-69-97-79,0.03995281457901001
multi,1,low_gravity,1,2,6,81-71-94-51,0.013596531003713608
multi,1,low_gravity,1,2,7,61-89-64-54,0.03857128694653511
multi,1,low_gravity,1,2,8,92-90-93-76,0.021474182605743408
multi,1,low_gravity,1,2,9,95-84-52-62,0.02062591351568699
multi,1,low_gravity,1,2,10,60-86-55-58,0.03361576795578003
multi,1,low_gravity,1,2,11,82-91-96-68,0.03528084233403206
multi,1,low_gravity,1,3,0,65-75-87-73,0.05945175141096115
multi,1,low_gravity,1,3,1,80-56-77-99,0.0417029969394207
multi,1,low_gravity,1,3,2,53-78-59-83,0.03591247275471687
multi,1,low_gravity,1,3,3,66-74-50-70,0.040744680911302567
multi,1,low_gravity,1,3,4,72-57-98-85,0.0463307686150074
multi,1,low_gravity,1,3,5,67-69-97-79,0.03749851882457733
multi,1,low_gravity,1,3,6,81-71-94-51,0.023858986794948578
multi,1,low_gravity,1,3,7,61-89-64-54,0.04133034870028496
multi,1,low_gravity,1,3,8,92-90-93-76,0.037921808660030365
multi,1,low_gravity,1,3,9,95-84-52-62,0.04544227570295334
multi,1,low_gravity,1,3,10,60-86-55-58,0.025487082079052925
multi,1,low_gravity,1,3,11,82-91-96-68,0.030732398852705956
multi,1,low_gravity,2,"0,1",0,65-75-87-73,0.03579702228307724
multi,1,low_gravity,2,"0,1",1,80-56-77-99,0.06180853769183159
multi,1,low_gravity,2,"0,1",2,53-78-59-83,0.028528569266200066
multi,1,low_gravity,2,"0,1",3,66-74-50-70,0.06580152362585068
multi,1,low_gravity,2,"0,1",4,72-57-98-85,0.03824814409017563
multi,1,low_gravity,2,"0,1",5,67-69-97-79,0.050519704818725586
multi,1,low_gravity,2,"0,1",6,81-71-94-51,0.051098115742206573
multi,1,low_gravity,2,"0,1",7,61-89-64-54,0.026334021240472794
multi,1,low_gravity,2,"0,1",8,92-90-93-76,0.03678889945149422
multi,1,low_gravity,2,"0,1",9,95-84-52-62,0.047941870987415314
multi,1,low_gravity,2,"0,1",10,60-86-55-58,0.05347500741481781
multi,1,low_gravity,2,"0,1",11,82-91-96-68,0.043379008769989014
multi,1,low_gravity,2,"0,2",0,65-75-87-73,-0.0006380183040164411
multi,1,low_gravity,2,"0,2",1,80-56-77-99,-0.0118844760581851
multi,1,low_gravity,2,"0,2",2,53-78-59-83,0.04606937989592552
multi,1,low_gravity,2,"0,2",3,66-74-50-70,0.03884374350309372
multi,1,low_gravity,2,"0,2",4,72-57-98-85,0.013748063705861568
multi,1,low_gravity,2,"0,2",5,67-69-97-79,0.015406179241836071
multi,1,low_gravity,2,"0,2",6,81-71-94-51,0.03512023761868477
multi,1,low_gravity,2,"0,2",7,61-89-64-54,0.015244712121784687
multi,1,low_gravity,2,"0,2",8,92-90-93-76,-0.004208097700029612
multi,1,low_gravity,2,"0,2",9,95-84-52-62,0.018321175128221512
multi,1,low_gravity,2,"0,2",10,60-86-55-58,0.018619947135448456
multi,1,low_gravity,2,"0,2",11,82-91-96-68,0.012222046963870525
multi,1,low_gravity,2,"0,3",0,65-75-87-73,0.0587240532040596
multi,1,low_gravity,2,"0,3",1,80-56-77-99,0.03670887649059296
multi,1,low_gravity,2,"0,3",2,53-78-59-83,0.017246996983885765
multi,1,low_gravity,2,"0,3",3,66-74-50-70,0.0552324578166008
multi,1,low_gravity,2,"0,3",4,72-57-98-85,0.04775327444076538
multi,1,low_gravity,2,"0,3",5,67-69-97-79,0.041093334555625916
multi,1,low_gravity,2,"0,3",6,81-71-94-51,0.031791169196367264
multi,1,low_gravity,2,"0,3",7,61-89-64-54,0.0134553462266922
multi,1,low_gravity,2,"0,3",8,92-90-93-76,0.032673727720975876
multi,1,low_gravity,2,"0,3",9,95-84-52-62,0.06062111631035805
multi,1,low_gravity,2,"0,3",10,60-86-55-58,0.036634087562561035
multi,1,low_gravity,2,"0,3",11,82-91-96-68,0.015085127204656601
multi,1,low_gravity,2,"1,2",0,65-75-87-73,0.004756402689963579
multi,1,low_gravity,2,"1,2",1,80-56-77-99,0.0040037864819169044
multi,1,low_gravity,2,"1,2",2,53-78-59-83,0.022590473294258118
multi,1,low_gravity,2,"1,2",3,66-74-50-70,0.017451172694563866
multi,1,low_gravity,2,"1,2",4,72-57-98-85,0.009536052122712135
multi,1,low_gravity,2,"1,2",5,67-69-97-79,0.014157294295728207
multi,1,low_gravity,2,"1,2",6,81-71-94-51,0.026518380269408226
multi,1,low_gravity,2,"1,2",7,61-89-64-54,0.009497905150055885
multi,1,low_gravity,2,"1,2",8,92-90-93-76,0.016061261296272278
multi,1,low_gravity,2,"1,2",9,95-84-52-62,0.013072171248495579
multi,1,low_gravity,2,"1,2",10,60-86-55-58,-0.005705195479094982
multi,1,low_gravity,2,"1,2",11,82-91-96-68,0.013199253007769585
multi,1,low_gravity,2,"1,3",0,65-75-87-73,-0.0007163110421970487
multi,1,low_gravity,2,"1,3",1,80-56-77-99,0.01039425004273653
multi,1,low_gravity,2,"1,3",2,53-78-59-83,0.002827659947797656
multi,1,low_gravity,2,"1,3",3,66-74-50-70,0.009528734721243382
multi,1,low_gravity,2,"1,3",4,72-57-98-85,0.036128122359514236
multi,1,low_gravity,2,"1,3",5,67-69-97-79,0.014546970836818218
multi,1,low_gravity,2,"1,3",6,81-71-94-51,0.018339049071073532
multi,1,low_gravity,2,"1,3",7,61-89-64-54,0.010784097015857697
multi,1,low_gravity,2,"1,3",8,92-90-93-76,0.0018869864288717508
multi,1,low_gravity,2,"1,3",9,95-84-52-62,0.0056101796217262745
multi,1,low_gravity,2,"1,3",10,60-86-55-58,0.0030072724912315607
multi,1,low_gravity,2,"1,3",11,82-91-96-68,0.01305464468896389
multi,1,low_gravity,2,"2,3",0,65-75-87-73,0.023100784048438072
multi,1,low_gravity,2,"2,3",1,80-56-77-99,0.030326223000884056
multi,1,low_gravity,2,"2,3",2,53-78-59-83,0.0201951302587986
multi,1,low_gravity,2,"2,3",3,66-74-50-70,0.014917105436325073
multi,1,low_gravity,2,"2,3",4,72-57-98-85,0.030485186725854874
multi,1,low_gravity,2,"2,3",5,67-69-97-79,0.038039982318878174
multi,1,low_gravity,2,"2,3",6,81-71-94-51,0.017047103494405746
multi,1,low_gravity,2,"2,3",7,61-89-64-54,0.03343501314520836
multi,1,low_gravity,2,"2,3",8,92-90-93-76,0.02998773753643036
multi,1,low_gravity,2,"2,3",9,95-84-52-62,0.029407605528831482
multi,1,low_gravity,2,"2,3",10,60-86-55-58,0.018894772976636887
multi,1,low_gravity,2,"2,3",11,82-91-96-68,0.033989887684583664
multi,1,low_gravity,3,"0,1,2",0,65-75-87-73,0.0034031483810395002
multi,1,low_gravity,3,"0,1,2",1,80-56-77-99,0.007525586523115635
multi,1,low_gravity,3,"0,1,2",2,53-78-59-83,0.023822491988539696
multi,1,low_gravity,3,"0,1,2",3,66-74-50-70,0.01794211007654667
multi,1,low_gravity,3,"0,1,2",4,72-57-98-85,0.006731580011546612
multi,1,low_gravity,3,"0,1,2",5,67-69-97-79,0.00622515520080924
multi,1,low_gravity,3,"0,1,2",6,81-71-94-51,0.0014028693549335003
multi,1,low_gravity,3,"0,1,2",7,61-89-64-54,0.00855181459337473
multi,1,low_gravity,3,"0,1,2",8,92-90-93-76,0.006249926518648863
multi,1,low_gravity,3,"0,1,2",9,95-84-52-62,0.009720124304294586
multi,1,low_gravity,3,"0,1,2",10,60-86-55-58,0.006993488408625126
multi,1,low_gravity,3,"0,1,2",11,82-91-96-68,0.021150246262550354
multi,1,low_gravity,3,"0,1,3",0,65-75-87-73,0.0003862399607896805
multi,1,low_gravity,3,"0,1,3",1,80-56-77-99,0.013363112695515156
multi,1,low_gravity,3,"0,1,3",2,53-78-59-83,0.009392280131578445
multi,1,low_gravity,3,"0,1,3",3,66-74-50-70,-0.002436303533613682
multi,1,low_gravity,3,"0,1,3",4,72-57-98-85,0.0306964423507452
multi,1,low_gravity,3,"0,1,3",5,67-69-97-79,0.0011901138350367546
multi,1,low_gravity,3,"0,1,3",6,81-71-94-51,0.006201362702995539
multi,1,low_gravity,3,"0,1,3",7,61-89-64-54,0.014624111354351044
multi,1,low_gravity,3,"0,1,3",8,92-90-93-76,0.007107951678335667
multi,1,low_gravity,3,"0,1,3",9,95-84-52-62,0.01074482873082161
multi,1,low_gravity,3,"0,1,3",10,60-86-55-58,0.009566949680447578
multi,1,low_gravity,3,"0,1,3",11,82-91-96-68,0.020933697000145912
multi,1,low_gravity,3,"0,2,3",0,65-75-87-73,0.0021135222632437944
multi,1,low_gravity,3,"0,2,3",1,80-56-77-99,-0.012870858423411846
multi,1,low_gravity,3,"0,2,3",2,53-78-59-83,0.01320410892367363
multi,1,low_gravity,3,"0,2,3",3,66-74-50-70,0.03679517284035683
multi,1,low_gravity,3,"0,2,3",4,72-57-98-85,0.021074246615171432
multi,1,low_gravity,3,"0,2,3",5,67-69-97-79,0.015360122546553612
multi,1,low_gravity,3,"0,2,3",6,81-71-94-51,0.02285085618495941
multi,1,low_gravity,3,"0,2,3",7,61-89-64-54,0.01673925295472145
multi,1,low_gravity,3,"0,2,3",8,92-90-93-76,0.0026161535643041134
multi,1,low_gravity,3,"0,2,3",9,95-84-52-62,0.022417590022087097
multi,1,low_gravity,3,"0,2,3",10,60-86-55-58,0.018797485157847404
multi,1,low_gravity,3,"0,2,3",11,82-91-96-68,0.008752718567848206
multi,1,low_gravity,3,"1,2,3",0,65-75-87-73,0.013856373727321625
multi,1,low_gravity,3,"1,2,3",1,80-56-77-99,0.004628498572856188
multi,1,low_gravity,3,"1,2,3",2,53-78-59-83,0.0009904260514304042
multi,1,low_gravity,3,"1,2,3",3,66-74-50-70,0.014054461382329464
multi,1,low_gravity,3,"1,2,3",4,72-57-98-85,0.011871999129652977
multi,1,low_gravity,3,"1,2,3",5,67-69-97-79,0.016199283301830292
multi,1,low_gravity,3,"1,2,3",6,81-71-94-51,0.014249026775360107
multi,1,low_gravity,3,"1,2,3",7,61-89-64-54,0.008213013410568237
multi,1,low_gravity,3,"1,2,3",8,92-90-93-76,0.011030275374650955
multi,1,low_gravity,3,"1,2,3",9,95-84-52-62,0.009843735024333
multi,1,low_gravity,3,"1,2,3",10,60-86-55-58,-0.0007764079491607845
multi,1,low_gravity,3,"1,2,3",11,82-91-96-68,0.007036642171442509
multi,1,low_gravity,4,"0,1,2,3",0,65-75-87-73,0.007748190779238939
multi,1,low_gravity,4,"0,1,2,3",1,80-56-77-99,0.00781894288957119
multi,1,low_gravity,4,"0,1,2,3",2,53-78-59-83,0.007723675109446049
multi,1,low_gravity,4,"0,1,2,3",3,66-74-50-70,0.007666316349059343
multi,1,low_gravity,4,"0,1,2,3",4,72-57-98-85,0.007521066814661026
multi,1,low_gravity,4,"0,1,2,3",5,67-69-97-79,0.00782952830195427
multi,1,low_gravity,4,"0,1,2,3",6,81-71-94-51,0.007681405171751976
multi,1,low_gravity,4,"0,1,2,3",7,61-89-64-54,0.007792007643729448
multi,1,low_gravity,4,"0,1,2,3",8,92-90-93-76,0.0078025637194514275
multi,1,low_gravity,4,"0,1,2,3",9,95-84-52-62,0.007765467278659344
multi,1,low_gravity,4,"0,1,2,3",10,60-86-55-58,0.007672029081732035
multi,1,low_gravity,4,"0,1,2,3",11,82-91-96-68,0.007830115966498852
multi_comm,1,in_dist,0,,0,65-75-87-73,0.34077227115631104
multi_comm,1,in_dist,0,,1,80-56-77-99,0.2830066680908203
multi_comm,1,in_dist,0,,2,53-78-59-83,0.17688097059726715
multi_comm,1,in_dist,0,,3,66-74-50-70,0.21867136657238007
multi_comm,1,in_dist,0,,4,72-57-98-85,0.26299792528152466
multi_comm,1,in_dist,0,,5,67-69-97-79,0.32140490412712097
multi_comm,1,in_dist,0,,6,81-71-94-51,0.32099443674087524
multi_comm,1,in_dist,0,,7,61-89-64-54,0.35779309272766113
multi_comm,1,in_dist,0,,8,92-90-93-76,0.28661900758743286
multi_comm,1,in_dist,0,,9,95-84-52-62,0.37315136194229126
multi_comm,1,in_dist,0,,10,60-86-55-58,0.32899680733680725
multi_comm,1,in_dist,0,,11,82-91-96-68,0.11103097349405289
multi_comm,1,in_dist,1,0,0,65-75-87-73,0.14178846776485443
multi_comm,1,in_dist,1,0,1,80-56-77-99,0.1695943921804428
multi_comm,1,in_dist,1,0,2,53-78-59-83,0.009924836456775665
multi_comm,1,in_dist,1,0,3,66-74-50-70,0.18501369655132294
multi_comm,1,in_dist,1,0,4,72-57-98-85,0.0914759635925293
multi_comm,1,in_dist,1,0,5,67-69-97-79,0.12023977935314178
multi_comm,1,in_dist,1,0,6,81-71-94-51,0.061627086251974106
multi_comm,1,in_dist,1,0,7,61-89-64-54,0.15577667951583862
multi_comm,1,in_dist,1,0,8,92-90-93-76,0.015767069533467293
multi_comm,1,in_dist,1,0,9,95-84-52-62,0.1385865956544876
multi_comm,1,in_dist,1,0,10,60-86-55-58,0.10147974640130997
multi_comm,1,in_dist,1,0,11,82-91-96-68,0.07167495787143707
multi_comm,1,in_dist,1,1,0,65-75-87-73,0.11825751513242722
multi_comm,1,in_dist,1,1,1,80-56-77-99,0.11503550410270691
multi_comm,1,in_dist,1,1,2,53-78-59-83,0.012955866754055023
multi_comm,1,in_dist,1,1,3,66-74-50-70,0.05107438564300537
multi_comm,1,in_dist,1,1,4,72-57-98-85,0.15340037643909454
multi_comm,1,in_dist,1,1,5,67-69-97-79,0.09926080703735352
multi_comm,1,in_dist,1,1,6,81-71-94-51,0.19423078000545502
multi_comm,1,in_dist,1,1,7,61-89-64-54,0.16293922066688538
multi_comm,1,in_dist,1,1,8,92-90-93-76,0.026485411450266838
multi_comm,1,in_dist,1,1,9,95-84-52-62,0.1546497344970703
multi_comm,1,in_dist,1,1,10,60-86-55-58,0.12362278997898102
multi_comm,1,in_dist,1,1,11,82-91-96-68,-0.02254646085202694
multi_comm,1,in_dist,1,2,0,65-75-87-73,0.05302886664867401
multi_comm,1,in_dist,1,2,1,80-56-77-99,0.04864128679037094
multi_comm,1,in_dist,1,2,2,53-78-59-83,0.012144200503826141
multi_comm,1,in_dist,1,2,3,66-74-50-70,0.03337234631180763
multi_comm,1,in_dist,1,2,4,72-57-98-85,0.005960764829069376
multi_comm,1,in_dist,1,2,5,67-69-97-79,0.15648359060287476
multi_comm,1,in_dist,1,2,6,81-71-94-51,0.02360093593597412
multi_comm,1,in_dist,1,2,7,61-89-64-54,0.045922618359327316
multi_comm,1,in_dist,1,2,8,92-90-93-76,0.09314092248678207
multi_comm,1,in_dist,1,2,9,95-84-52-62,0.03981742262840271
multi_comm,1,in_dist,1,2,10,60-86-55-58,-0.00763252517208457
multi_comm,1,in_dist,1,2,11,82-91-96-68,0.07403822243213654
multi_comm,1,in_dist,1,3,0,65-75-87-73,0.10484977811574936
multi_comm,1,in_dist,1,3,1,80-56-77-99,0.0958942323923111
multi_comm,1,in_dist,1,3,2,53-78-59-83,0.06983355432748795
multi_comm,1,in_dist,1,3,3,66-74-50-70,0.20529691874980927
multi_comm,1,in_dist,1,3,4,72-57-98-85,0.03389113023877144
multi_comm,1,in_dist,1,3,5,67-69-97-79,0.1197832003235817
multi_comm,1,in_dist,1,3,6,81-71-94-51,0.16610153019428253
multi_comm,1,in_dist,1,3,7,61-89-64-54,0.06778952479362488
multi_comm,1,in_dist,1,3,8,92-90-93-76,0.08410849422216415
multi_comm,1,in_dist,1,3,9,95-84-52-62,0.13025037944316864
multi_comm,1,in_dist,1,3,10,60-86-55-58,0.11590463668107986
multi_comm,1,in_dist,1,3,11,82-91-96-68,0.08346927165985107
multi_comm,1,in_dist,2,"0,1",0,65-75-87-73,0.03179502114653587
multi_comm,1,in_dist,2,"0,1",1,80-56-77-99,0.025350937619805336
multi_comm,1,in_dist,2,"0,1",2,53-78-59-83,0.020189203321933746
multi_comm,1,in_dist,2,"0,1",3,66-74-50-70,0.08941566199064255
multi_comm,1,in_dist,2,"0,1",4,72-57-98-85,0.08131790906190872
multi_comm,1,in_dist,2,"0,1",5,67-69-97-79,0.04072149842977524
multi_comm,1,in_dist,2,"0,1",6,81-71-94-51,0.09571327269077301
multi_comm,1,in_dist,2,"0,1",7,61-89-64-54,0.06605888903141022
multi_comm,1,in_dist,2,"0,1",8,92-90-93-76,0.019618375226855278
multi_comm,1,in_dist,2,"0,1",9,95-84-52-62,0.09640195220708847
multi_comm,1,in_dist,2,"0,1",10,60-86-55-58,0.09367703646421432
multi_comm,1,in_dist,2,"0,1",11,82-91-96-68,0.022962674498558044
multi_comm,1,in_dist,2,"0,2",0,65-75-87-73,-0.0006573498249053955
multi_comm,1,in_dist,2,"0,2",1,80-56-77-99,-0.005540329031646252
multi_comm,1,in_dist,2,"0,2",2,53-78-59-83,0.04451717063784599
multi_comm,1,in_dist,2,"0,2",3,66-74-50-70,0.04311174154281616
multi_comm,1,in_dist,2,"0,2",4,72-57-98-85,0.015487538650631905
multi_comm,1,in_dist,2,"0,2",5,67-69-97-79,-0.004996892064809799
multi_comm,1,in_dist,2,"0,2",6,81-71-94-51,0.01885898783802986
multi_comm,1,in_dist,2,"0,2",7,61-89-64-54,0.02611316367983818
multi_comm,1,in_dist,2,"0,2",8,92-90-93-76,0.043212998658418655
multi_comm,1,in_dist,2,"0,2",9,95-84-52-62,0.0168155524879694
multi_comm,1,in_dist,2,"0,2",10,60-86-55-58,0.007438648957759142
multi_comm,1,in_dist,2,"0,2",11,82-91-96-68,-0.0027080599684268236
multi_comm,1,in_dist,2,"0,3",0,65-75-87-73,0.046609360724687576
multi_comm,1,in_dist,2,"0,3",1,80-56-77-99,0.056330855935811996
multi_comm,1,in_dist,2,"0,3",2,53-78-59-83,-0.01739727333188057
multi_comm,1,in_dist,2,"0,3",3,66-74-50-70,0.09104005992412567
multi_comm,1,in_dist,2,"0,3",4,72-57-98-85,0.03053792379796505
multi_comm,1,in_dist,2,"0,3",5,67-69-97-79,-0.00984122697263956
multi_comm,1,in_dist,2,"0,3",6,81-71-94-51,0.009357931092381477
multi_comm,1,in_dist,2,"0,3",7,61-89-64-54,0.018552318215370178
multi_comm,1,in_dist,2,"0,3",8,92-90-93-76,-0.0040899114683270454
multi_comm,1,in_dist,2,"0,3",9,95-84-52-62,0.04716283082962036
multi_comm,1,in_dist,2,"0,3",10,60-86-55-58,0.09359044581651688
multi_comm,1,in_dist,2,"0,3",11,82-91-96-68,0.009110883809626102
multi_comm,1,in_dist,2,"1,2",0,65-75-87-73,0.022884724661707878
multi_comm,1,in_dist,2,"1,2",1,80-56-77-99,0.022969761863350868
multi_comm,1,in_dist,2,"1,2",2,53-78-59-83,0.0040498655289411545
multi_comm,1,in_dist,2,"1,2",3,66-74-50-70,0.0012785723665729165
multi_comm,1,in_dist,2,"1,2",4,72-57-98-85,0.01673000305891037
multi_comm,1,in_dist,2,"1,2",5,67-69-97-79,0.011070070788264275
multi_comm,1,in_dist,2,"1,2",6,81-71-94-51,0.014256575144827366
multi_comm,1,in_dist,2,"1,2",7,61-89-64-54,0.026487980037927628
multi_comm,1,in_dist,2,"1,2",8,92-90-93-76,0.0036955145187675953
multi_comm,1,in_dist,2,"1,2",9,95-84-52-62,0.012930568307638168
multi_comm,1,in_dist,2,"1,2",10,60-86-55-58,0.0007581375539302826
multi_comm,1,in_dist,2,"1,2",11,82-91-96-68,0.0012241756776347756
multi_comm,1,in_dist,2,"1,3",0,65-75-87-73,0.023212919011712074
multi_comm,1,in_dist,2,"1,3",1,80-56-77-99,0.03148655593395233
multi_comm,1,in_dist,2,"1,3",2,53-78-59-83,0.01367842685431242
multi_comm,1,in_dist,2,"1,3",3,66-74-50-70,0.007835003547370434
multi_comm,1,in_dist,2,"1,3",4,72-57-98-85,0.01765434257686138
multi_comm,1,in_dist,2,"1,3",5,67-69-97-79,0.005770047660917044
multi_comm,1,in_dist,2,"1,3",6,81-71-94-51,0.022622326388955116
multi_comm,1,in_dist,2,"1,3",7,61-89-64-54,0.029690872877836227
multi_comm,1,in_dist,2,"1,3",8,92-90-93-76,0.0027104790788143873
multi_comm,1,in_dist,2,"1,3",9,95-84-52-62,0.02672440931200981
multi_comm,1,in_dist,2,"1,3",10,60-86-55-58,-0.008322233334183693
multi_comm,1,in_dist,2,"1,3",11,82-91-96-68,-0.001686743227764964
multi_comm,1,in_dist,2,"2,3",0,65-75-87-73,0.019235435873270035
multi_comm,1,in_dist,2,"2,3",1,80-56-77-99,0.022348249331116676
multi_comm,1,in_dist,2,"2,3",2,53-78-59-83,-0.015498341992497444
multi_comm,1,in_dist,2,"2,3",3,66-74-50-70,0.0054176789708435535
multi_comm,1,in_dist,2,"2,3",4,72-57-98-85,0.007080072071403265
multi_comm,1,in_dist,2,"2,3",5,67-69-97-79,0.059123821556568146
multi_comm,1,in_dist,2,"2,3",6,81-71-94-51,0.006476177833974361
multi_comm,1,in_dist,2,"2,3",7,61-89-64-54,0.04460695758461952
multi_comm,1,in_dist,2,"2,3",8,92-90-93-76,0.062170498073101044
multi_comm,1,in_dist,2,"2,3",9,95-84-52-62,-0.0007448697579093277
multi_comm,1,in_dist,2,"2,3",10,60-86-55-58,-0.02930516004562378
multi_comm,1,in_dist,2,"2,3",11,82-91-96-68,0.02990470454096794
multi_comm,1,in_dist,3,"0,1,2",0,65-75-87-73,0.0028296541422605515
multi_comm,1,in_dist,3,"0,1,2",1,80-56-77-99,0.00601894361898303
multi_comm,1,in_dist,3,"0,1,2",2,53-78-59-83,0.002448911312967539
multi_comm,1,in_dist,3,"0,1,2",3,66-74-50-70,0.00371571839787066
multi_comm,1,in_dist,3,"0,1,2",4,72-57-98-85,0.005257647950202227
multi_comm,1,in_dist,3,"0,1,2",5,67-69-97-79,0.0020363866351544857
multi_comm,1,in_dist,3,"0,1,2",6,81-71-94-51,0.004349489696323872
multi_comm,1,in_dist,3,"0,1,2",7,61-89-64-54,0.0028273568022996187
multi_comm,1,in_dist,3,"0,1,2",8,92-90-93-76,0.003082863288000226
multi_comm,1,in_dist,3,"0,1,2",9,95-84-52-62,0.003936439752578735
multi_comm,1,in_dist,3,"0,1,2",10,60-86-55-58,0.0014825003454461694
multi_comm,1,in_dist,3,"0,1,2",11,82-91-96-68,0.0019164166878908873
multi_comm,1,in_dist,3,"0,1,3",0,65-75-87-73,0.0026186564937233925
multi_comm,1,in_dist,3,"0,1,3",1,80-56-77-99,0.0054028709419071674
multi_comm,1,in_dist,3,"0,1,3",2,53-78-59-83,0.005440914072096348
multi_comm,1,in_dist,3,"0,1,3",3,66-74-50-70,0.004493817687034607
multi_comm,1,in_dist,3,"0,1,3",4,72-57-98-85,0.006283968687057495
multi_comm,1,in_dist,3,"0,1,3",5,67-69-97-79,0.002177703892812133
multi_comm,1,in_dist,3,"0,1,3",6,81-71-94-51,0.004491565749049187
multi_comm,1,in_dist,3,"0,1,3",7,61-89-64-54,0.004504700656980276
multi_comm,1,in_dist,3,"0,1,3",8,92-90-93-76,0.0024952664971351624
multi_comm,1,in_dist,3,"0,1,3",9,95-84-52-62,0.00624634837731719
multi_comm,1,in_dist,3,"0,1,3",10,60-86-55-58,0.002919398248195648
multi_comm,1,in_dist,3,"0,1,3",11,82-91-96-68,0.0008961859857663512
multi_comm,1,in_dist,3,"0,2,3",0,65-75-87-73,-0.0019032201962545514
multi_comm,1,in_dist,3,"0,2,3",1,80-56-77-99,-0.003130705561488867
multi_comm,1,in_dist,3,"0,2,3",2,53-78-59-83,0.00762370927259326
multi_comm,1,in_dist,3,"0,2,3",3,66-74-50-70,0.00351709988899529
multi_comm,1,in_dist,3,"0,2,3",4,72-57-98-85,0.008996364660561085
multi_comm,1,in_dist,3,"0,2,3",5,67-69-97-79,0.0001979055377887562
multi_comm,1,in_dist,3,"0,2,3",6,81-71-94-51,0.0029398351907730103
multi_comm,1,in_dist,3,"0,2,3",7,61-89-64-54,0.0062103415839374065
multi_comm,1,in_dist,3,"0,2,3",8,92-90-93-76,0.0027227692771703005
multi_comm,1,in_dist,3,"0,2,3",9,95-84-52-62,0.0046938564628362656
multi_comm,1,in_dist,3,"0,2,3",10,60-86-55-58,0.004183918237686157
multi_comm,1,in_dist,3,"0,2,3",11,82-91-96-68,0.0027143803890794516
multi_comm,1,in_dist,3,"1,2,3",0,65-75-87-73,0.0077593266032636166
multi_comm,1,in_dist,3,"1,2,3",1,80-56-77-99,0.003670732257887721
multi_comm,1,in_dist,3,"1,2,3",2,53-78-59-83,0.0008085626177489758
multi_comm,1,in_dist,3,"1,2,3",3,66-74-50-70,0.004645992536097765
multi_comm,1,in_dist,3,"1,2,3",4,72-57-98-85,0.0033107525669038296
multi_comm,1,in_dist,3,"1,2,3",5,67-69-97-79,0.004649537615478039
multi_comm,1,in_dist,3,"1,2,3",6,81-71-94-51,0.004981666803359985
multi_comm,1,in_dist,3,"1,2,3",7,61-89-64-54,0.007177934981882572
multi_comm,1,in_dist,3,"1,2,3",8,92-90-93-76,0.001639068010263145
multi_comm,1,in_dist,3,"1,2,3",9,95-84-52-62,0.0022961837239563465
multi_comm,1,in_dist,3,"1,2,3",10,60-86-55-58,0.001536731026135385
multi_comm,1,in_dist,3,"1,2,3",11,82-91-96-68,0.0007680041599087417
multi_comm,1,in_dist,4,"0,1,2,3",0,65-75-87-73,0.0017750798724591732
multi_comm,1,in_dist,4,"0,1,2,3",1,80-56-77-99,0.0015278806677088141
multi_comm,1,in_dist,4,"0,1,2,3",2,53-78-59-83,0.0015199992340058088
multi_comm,1,in_dist,4,"0,1,2,3",3,66-74-50-70,0.0019800763111561537
multi_comm,1,in_dist,4,"0,1,2,3",4,72-57-98-85,0.0028364802710711956
multi_comm,1,in_dist,4,"0,1,2,3",5,67-69-97-79,0.0017374454764649272
multi_comm,1,in_dist,4,"0,1,2,3",6,81-71-94-51,0.0018086096970364451
multi_comm,1,in_dist,4,"0,1,2,3",7,61-89-64-54,0.0016327807679772377
multi_comm,1,in_dist,4,"0,1,2,3",8,92-90-93-76,0.0015234589809551835
multi_comm,1,in_dist,4,"0,1,2,3",9,95-84-52-62,0.0015582466730847955
multi_comm,1,in_dist,4,"0,1,2,3",10,60-86-55-58,0.0016708160983398557
multi_comm,1,in_dist,4,"0,1,2,3",11,82-91-96-68,0.0016581931849941611
multi_comm,1,wind,0,,0,65-75-87-73,0.2900497317314148
multi_comm,1,wind,0,,1,80-56-77-99,0.30545562505722046
multi_comm,1,wind,0,,2,53-78-59-83,0.1850309669971466
multi_comm,1,wind,0,,3,66-74-50-70,0.28721877932548523
multi_comm,1,wind,0,,4,72-57-98-85,0.22380194067955017
multi_comm,1,wind,0,,5,67-69-97-79,0.21970871090888977
multi_comm,1,wind,0,,6,81-71-94-51,0.20507477223873138
multi_comm,1,wind,0,,7,61-89-64-54,0.37497639656066895
multi_comm,1,wind,0,,8,92-90-93-76,0.2940461039543152
multi_comm,1,wind,0,,9,95-84-52-62,0.26591378450393677
multi_comm,1,wind,0,,10,60-86-55-58,0.2237151563167572
multi_comm,1,wind,0,,11,82-91-96-68,0.08998692780733109
multi_comm,1,wind,1,0,0,65-75-87-73,0.11924318224191666
multi_comm,1,wind,1,0,1,80-56-77-99,0.16809676587581635
multi_comm,1,wind,1,0,2,53-78-59-83,0.03875008970499039
multi_comm,1,wind,1,0,3,66-74-50-70,0.2384670078754425
multi_comm,1,wind,1,0,4,72-57-98-85,0.13192932307720184
multi_comm,1,wind,1,0,5,67-69-97-79,0.11494561284780502
multi_comm,1,wind,1,0,6,81-71-94-51,0.12731638550758362
multi_comm,1,wind,1,0,7,61-89-64-54,0.22732757031917572
multi_comm,1,wind,1,0,8,92-90-93-76,0.057223569601774216
multi_comm,1,wind,1,0,9,95-84-52-62,0.11943750083446503
multi_comm,1,wind,1,0,10,60-86-55-58,0.018582837656140327
multi_comm,1,wind,1,0,11,82-91-96-68,0.15074598789215088
multi_comm,1,wind,1,1,0,65-75-87-73,0.21950100362300873
multi_comm,1,wind,1,1,1,80-56-77-99,0.21445021033287048
multi_comm,1,wind,1,1,2,53-78-59-83,-0.045554883778095245
multi_comm,1,wind,1,1,3,66-74-50-70,0.212885782122612
multi_comm,1,wind,1,1,4,72-57-98-85,0.2504712641239166
multi_comm,1,wind,1,1,5,67-69-97-79,0.11317886412143707
multi_comm,1,wind,1,1,6,81-71-94-51,0.24303770065307617
multi_comm,1,wind,1,1,7,61-89-64-54,0.2684978246688843
multi_comm,1,wind,1,1,8,92-90-93-76,0.10385023802518845
multi_comm,1,wind,1,1,9,95-84-52-62,0.31452685594558716
multi_comm,1,wind,1,1,10,60-86-55-58,0.23425349593162537
multi_comm,1,wind,1,1,11,82-91-96-68,-0.013320058584213257
multi_comm,1,wind,1,2,0,65-75-87-73,0.054259300231933594
multi_comm,1,wind,1,2,1,80-56-77-99,0.10374953597784042
multi_comm,1,wind,1,2,2,53-78-59-83,0.05768604204058647
multi_comm,1,wind,1,2,3,66-74-50-70,0.18016807734966278
multi_comm,1,wind,1,2,4,72-57-98-85,0.2195088267326355
multi_comm,1,wind,1,2,5,67-69-97-79,0.21169349551200867
multi_comm,1,wind,1,2,6,81-71-94-51,0.03912346437573433
multi_comm,1,wind,1,2,7,61-89-64-54,0.12486118078231812
multi_comm,1,wind,1,2,8,92-90-93-76,0.11857371032238007
multi_comm,1,wind,1,2,9,95-84-52-62,0.08534311503171921
multi_comm,1,wind,1,2,10,60-86-55-58,0.15590129792690277
multi_comm,1,wind,1,2,11,82-91-96-68,0.12135736644268036
multi_comm,1,wind,1,3,0,65-75-87-73,0.17346763610839844
multi_comm,1,wind,1,3,1,80-56-77-99,0.19811852276325226
multi_comm,1,wind,1,3,2,53-78-59-83,0.061239879578351974
multi_comm,1,wind,1,3,3,66-74-50-70,0.2579897940158844
multi_comm,1,wind,1,3,4,72-57-98-85,0.20349468290805817
multi_comm,1,wind,1,3,5,67-69-97-79,0.13924473524093628
multi_comm,1,wind,1,3,6,81-71-94-51,0.11801346391439438
multi_comm,1,wind,1,3,7,61-89-64-54,0.12555038928985596
multi_comm,1,wind,1,3,8,92-90-93-76,0.04738153889775276
multi_comm,1,wind,1,3,9,95-84-52-62,0.16295242309570312
multi_comm,1,wind,1,3,10,60-86-55-58,0.17797453701496124
multi_comm,1,wind,1,3,11,82-91-96-68,0.13137245178222656
multi_comm,1,wind,2,"0,1",0,65-75-87-73,0.19605767726898193
multi_comm,1,wind,2,"0,1",1,80-56-77-99,0.18076092004776
multi_comm,1,wind,2,"0,1",2,53-78-59-83,0.0010191412875428796
multi_comm,1,wind,2,"0,1",3,66-74-50-70,0.14709118008613586
multi_comm,1,wind,2,"0,1",4,72-57-98-85,0.2457132190465927
multi_comm,1,wind,2,"0,1",5,67-69-97-79,0.08324245363473892
multi_comm,1,wind,2,"0,1",6,81-71-94-51,0.2756634056568146
multi_comm,1,wind,2,"0,1",7,61-89-64-54,0.25604042410850525
multi_comm,1,wind,2,"0,1",8,92-90-93-76,0.09570062160491943
multi_comm,1,wind,2,"0,1",9,95-84-52-62,0.24391497671604156
multi_comm,1,wind,2,"0,1",10,60-86-55-58,0.14083896577358246
multi_comm,1,wind,2,"0,1",11,82-91-96-68,0.11099440604448318
multi_comm,1,wind,2,"0,2",0,65-75-87-73,0.016255736351013184
multi_comm,1,wind,2,"0,2",1,80-56-77-99,0.019130410626530647
multi_comm,1,wind,2,"0,2",2,53-78-59-83,0.028283201158046722
multi_comm,1,wind,2,"0,2",3,66-74-50-70,0.1610998660326004
multi_comm,1,wind,2,"0,2",4,72-57-98-85,0.048183757811784744
multi_comm,1,wind,2,"0,2",5,67-69-97-79,0.028080884367227554
multi_comm,1,wind,2,"0,2",6,81-71-94-51,-0.02325996197760105
multi_comm,1,wind,2,"0,2",7,61-89-64-54,0.022094851359725
multi_comm,1,wind,2,"0,2",8,92-90-93-76,0.05648884177207947
multi_comm,1,wind,2,"0,2",9,95-84-52-62,0.01803453452885151
multi_comm,1,wind,2,"0,2",10,60-86-55-58,0.0592559389770031
multi_comm,1,wind,2,"0,2",11,82-91-96-68,0.046589236706495285
multi_comm,1,wind,2,"0,3",0,65-75-87-73,0.029036637395620346
multi_comm,1,wind,2,"0,3",1,80-56-77-99,0.05265827849507332
multi_comm,1,wind,2,"0,3",2,53-78-59-83,-0.02285928651690483
multi_comm,1,wind,2,"0,3",3,66-74-50-70,0.24382755160331726
multi_comm,1,wind,2,"0,3",4,72-57-98-85,0.15673516690731049
multi_comm,1,wind,2,"0,3",5,67-69-97-79,-0.0015053777024149895
multi_comm,1,wind,2,"0,3",6,81-71-94-51,0.021703848615288734
multi_comm,1,wind,2,"0,3",7,61-89-64-54,0.12621454894542694
multi_comm,1,wind,2,"0,3",8,92-90-93-76,0.0178365595638752
multi_comm,1,wind,2,"0,3",9,95-84-52-62,0.13084658980369568
multi_comm,1,wind,2,"0,3",10,60-86-55-58,0.14551563560962677
multi_comm,1,wind,2,"0,3",11,82-91-96-68,0.06713004410266876
multi_comm,1,wind,2,"1,2",0,65-75-87-73,0.04474218934774399
multi_comm,1,wind,2,"1,2",1,80-56-77-99,0.07730729877948761
multi_comm,1,wind,2,"1,2",2,53-78-59-83,-0.023992858827114105
multi_comm,1,wind,2,"1,2",3,66-74-50-70,0.12048763036727905
multi_comm,1,wind,2,"1,2",4,72-57-98-85,0.024188226088881493
multi_comm,1,wind,2,"1,2",5,67-69-97-79,0.08329011499881744
multi_comm,1,wind,2,"1,2",6,81-71-94-51,0.005805368535220623
multi_comm,1,wind,2,"1,2",7,61-89-64-54,0.024613970890641212
multi_comm,1,wind,2,"1,2",8,92-90-93-76,0.050585079938173294
multi_comm,1,wind,2,"1,2",9,95-84-52-62,0.05310813710093498
multi_comm,1,wind,2,"1,2",10,60-86-55-58,0.05469634383916855
multi_comm,1,wind,2,"1,2",11,82-91-96-68,0.027531998232007027
multi_comm,1,wind,2,"1,3",0,65-75-87-73,0.07399692386388779
multi_comm,1,wind,2,"1,3",1,80-56-77-99,0.06826864182949066
multi_comm,1,wind,2,"1,3",2,53-78-59-83,-0.023612510412931442
multi_comm,1,wind,2,"1,3",3,66-74-50-70,0.1068519800901413
multi_comm,1,wind,2,"1,3",4,72-57-98-85,0.038419999182224274
multi_comm,1,wind,2,"1,3",5,67-69-97-79,0.027712073177099228
multi_comm,1,wind,2,"1,3",6,81-71-94-51,0.05160464718937874
multi_comm,1,wind,2,"1,3",7,61-89-64-54,0.05595765635371208
multi_comm,1,wind,2,"1,3",8,92-90-93-76,0.039596766233444214
multi_comm,1,wind,2,"1,3",9,95-84-52-62,0.047155510634183884
multi_comm,1,wind,2,"1,3",10,60-86-55-58,0.05117051303386688
multi_comm,1,wind,2,"1,3",11,82-91-96-68,0.03422987833619118
multi_comm,1,wind,2,"2,3",0,65-75-87-73,0.07785465568304062
multi_comm,1,wind,2,"2,3",1,80-56-77-99,0.09480836242437363
multi_comm,1,wind,2,"2,3",2,53-78-59-83,0.042096689343452454
multi_comm,1,wind,2,"2,3",3,66-74-50-70,0.12117421627044678
multi_comm,1,wind,2,"2,3",4,72-57-98-85,0.2264624834060669
multi_comm,1,wind,2,"2,3",5,67-69-97-79,0.1718122810125351
multi_comm,1,wind,2,"2,3",6,81-71-94-51,-0.011196628212928772
multi_comm,1,wind,2,"2,3",7,61-89-64-54,0.13498587906360626
multi_comm,1,wind,2,"2,3",8,92-90-93-76,0.13332529366016388
multi_comm,1,wind,2,"2,3",9,95-84-52-62,0.08564871549606323
multi_comm,1,wind,2,"2,3",10,60-86-55-58,0.14659881591796875
multi_comm,1,wind,2,"2,3",11,82-91-96-68,0.1025819405913353
multi_comm,1,wind,3,"0,1,2",0,65-75-87-73,0.008243096061050892
multi_comm,1,wind,3,"0,1,2",1,80-56-77-99,0.02917974814772606
multi_comm,1,wind,3,"0,1,2",2,53-78-59-83,0.011302527040243149
multi_comm,1,wind,3,"0,1,2",3,66-74-50-70,0.08352905511856079
multi_comm,1,wind,3,"0,1,2",4,72-57-98-85,0.023552337661385536
multi_comm,1,wind,3,"0,1,2",5,67-69-97-79,0.05784621834754944
multi_comm,1,wind,3,"0,1,2",6,81-71-94-51,-0.00684000039473176
multi_comm,1,wind,3,"0,1,2",7,61-89-64-54,0.0054968236945569515
multi_comm,1,wind,3,"0,1,2",8,92-90-93-76,0.033862341195344925
multi_comm,1,wind,3,"0,1,2",9,95-84-52-62,0.040338218212127686
multi_comm,1,wind,3,"0,1,2",10,60-86-55-58,0.0528198666870594
multi_comm,1,wind,3,"0,1,2",11,82-91-96-68,0.020841317251324654
multi_comm,1,wind,3,"0,1,3",0,65-75-87-73,0.03843778371810913
multi_comm,1,wind,3,"0,1,3",1,80-56-77-99,0.03103528916835785
multi_comm,1,wind,3,"0,1,3",2,53-78-59-83,0.02691308595240116
multi_comm,1,wind,3,"0,1,3",3,66-74-50-70,0.08596718311309814
multi_comm,1,wind,3,"0,1,3",4,72-57-98-85,0.02865021675825119
multi_comm,1,wind,3,"0,1,3",5,67-69-97-79,0.0018442249856889248
multi_comm,1,wind,3,"0,1,3",6,81-71-94-51,0.031448785215616226
multi_comm,1,wind,3,"0,1,3",7,61-89-64-54,0.03226790577173233
multi_comm,1,wind,3,"0,1,3",8,92-90-93-76,0.012965911068022251
multi_comm,1,wind,3,"0,1,3",9,95-84-52-62,0.034716714173555374
multi_comm,1,wind,3,"0,1,3",10,60-86-55-58,0.043738603591918945
multi_comm,1,wind,3,"0,1,3",11,82-91-96-68,0.0243513323366642
multi_comm,1,wind,3,"0,2,3",0,65-75-87-73,0.030354803428053856
multi_comm,1,wind,3,"0,2,3",1,80-56-77-99,0.022633150219917297
multi_comm,1,wind,3,"0,2,3",2,53-78-59-83,0.020024223253130913
multi_comm,1,wind,3,"0,2,3",3,66-74-50-70,0.10697378218173981
multi_comm,1,wind,3,"0,2,3",4,72-57-98-85,0.057732366025447845
multi_comm,1,wind,3,"0,2,3",5,67-69-97-79,-0.00036857041413895786
multi_comm,1,wind,3,"0,2,3",6,81-71-94-51,-0.011611368507146835
multi_comm,1,wind,3,"0,2,3",7,61-89-64-54,0.03413468599319458
multi_comm,1,wind,3,"0,2,3",8,92-90-93-76,0.0024471604265272617
multi_comm,1,wind,3,"0,2,3",9,95-84-52-62,0.021013351157307625
multi_comm,1,wind,3,"0,2,3",10,60-86-55-58,0.02632945589721203
multi_comm,1,wind,3,"0,2,3",11,82-91-96-68,0.042896222323179245
multi_comm,1,wind,3,"1,2,3",0,65-75-87-73,0.04398568719625473
multi_comm,1,wind,3,"1,2,3",1,80-56-77-99,0.053004615008831024
multi_comm,1,wind,3,"1,2,3",2,53-78-59-83,-0.031164299696683884
multi_comm,1,wind,3,"1,2,3",3,66-74-50-70,0.08466530591249466
multi_comm,1,wind,3,"1,2,3",4,72-57-98-85,0.026568280532956123
multi_comm,1,wind,3,"1,2,3",5,67-69-97-79,0.03494817763566971
multi_comm,1,wind,3,"1,2,3",6,81-71-94-51,0.030876323580741882
multi_comm,1,wind,3,"1,2,3",7,61-89-64-54,0.03633735328912735
multi_comm,1,wind,3,"1,2,3",8,92-90-93-76,0.023703506216406822
multi_comm,1,wind,3,"1,2,3",9,95-84-52-62,0.03990735486149788
multi_comm,1,wind,3,"1,2,3",10,60-86-55-58,0.03247486427426338
multi_comm,1,wind,3,"1,2,3",11,82-91-96-68,0.0328383669257164
multi_comm,1,wind,4,"0,1,2,3",0,65-75-87-73,0.0011378921335563064
multi_comm,1,wind,4,"0,1,2,3",1,80-56-77-99,0.016670668497681618
multi_comm,1,wind,4,"0,1,2,3",2,53-78-59-83,0.016103118658065796
multi_comm,1,wind,4,"0,1,2,3",3,66-74-50-70,0.054553382098674774
multi_comm,1,wind,4,"0,1,2,3",4,72-57-98-85,0.016556916758418083
multi_comm,1,wind,4,"0,1,2,3",5,67-69-97-79,0.009324446320533752
multi_comm,1,wind,4,"0,1,2,3",6,81-71-94-51,0.01354698184877634
multi_comm,1,wind,4,"0,1,2,3",7,61-89-64-54,0.01451156660914421
multi_comm,1,wind,4,"0,1,2,3",8,92-90-93-76,0.010034488514065742
multi_comm,1,wind,4,"0,1,2,3",9,95-84-52-62,0.016476260498166084
multi_comm,1,wind,4,"0,1,2,3",10,60-86-55-58,0.026827126741409302
multi_comm,1,wind,4,"0,1,2,3",11,82-91-96-68,0.015493663027882576
multi_comm,1,sand,0,,0,65-75-87-73,0.203751802444458
multi_comm,1,sand,0,,1,80-56-77-99,0.2748830020427704
multi_comm,1,sand,0,,2,53-78-59-83,0.1847490668296814
multi_comm,1,sand,0,,3,66-74-50-70,0.4009976387023926
multi_comm,1,sand,0,,4,72-57-98-85,0.17974473536014557
multi_comm,1,sand,0,,5,67-69-97-79,0.3721001148223877
multi_comm,1,sand,0,,6,81-71-94-51,0.3644275665283203
multi_comm,1,sand,0,,7,61-89-64-54,0.3732331693172455
multi_comm,1,sand,0,,8,92-90-93-76,0.2388487607240677
multi_comm,1,sand,0,,9,95-84-52-62,0.3406692445278168
multi_comm,1,sand,0,,10,60-86-55-58,0.25998455286026
multi_comm,1,sand,0,,11,82-91-96-68,0.029433390125632286
multi_comm,1,sand,1,0,0,65-75-87-73,0.16353607177734375
multi_comm,1,sand,1,0,1,80-56-77-99,0.12564881145954132
multi_comm,1,sand,1,0,2,53-78-59-83,0.0025870874524116516
multi_comm,1,sand,1,0,3,66-74-50-70,0.22224164009094238
multi_comm,1,sand,1,0,4,72-57-98-85,0.13021767139434814
multi_comm,1,sand,1,0,5,67-69-97-79,0.09532420337200165
multi_comm,1,sand,1,0,6,81-71-94-51,0.08466867357492447
multi_comm,1,sand,1,0,7,61-89-64-54,0.16654884815216064
multi_comm,1,sand,1,0,8,92-90-93-76,0.04367159679532051
multi_comm,1,sand,1,0,9,95-84-52-62,0.10583281517028809
multi_comm,1,sand,1,0,10,60-86-55-58,0.11309506744146347
multi_comm,1,sand,1,0,11,82-91-96-68,0.0702400729060173
multi_comm,1,sand,1,1,0,65-75-87-73,0.11962384730577469
multi_comm,1,sand,1,1,1,80-56-77-99,0.10465984046459198
multi_comm,1,sand,1,1,2,53-78-59-83,0.03787500411272049
multi_comm,1,sand,1,1,3,66-74-50-70,0.02283642813563347
multi_comm,1,sand,1,1,4,72-57-98-85,0.19449929893016815
multi_comm,1,sand,1,1,5,67-69-97-79,0.10943140089511871
multi_comm,1,sand,1,1,6,81-71-94-51,0.20566964149475098
multi_comm,1,sand,1,1,7,61-89-64-54,0.1914622187614441
multi_comm,1,sand,1,1,8,92-90-93-76,0.03606868162751198
multi_comm,1,sand,1,1,9,95-84-52-62,0.20093773305416107
multi_comm,1,sand,1,1,10,60-86-55-58,0.14708174765110016
multi_comm,1,sand,1,1,11,82-91-96-68,-0.048147235065698624
multi_comm,1,sand,1,2,0,65-75-87-73,0.04866372421383858
multi_comm,1,sand,1,2,1,80-56-77-99,0.07168108969926834
multi_comm,1,sand,1,2,2,53-78-59-83,0.03343743085861206
multi_comm,1,sand,1,2,3,66-74-50-70,0.059586770832538605
multi_comm,1,sand,1,2,4,72-57-98-85,0.03170560300350189
multi_comm,1,sand,1,2,5,67-69-97-79,0.13097256422042847
multi_comm,1,sand,1,2,6,81-71-94-51,0.029288431629538536
multi_comm,1,sand,1,2,7,61-89-64-54,0.048786479979753494
multi_comm,1,sand,1,2,8,92-90-93-76,0.08929073810577393
multi_comm,1,sand,1,2,9,95-84-52-62,0.0356968529522419
multi_comm,1,sand,1,2,10,60-86-55-58,0.03306535258889198
multi_comm,1,sand,1,2,11,82-91-96-68,0.0691104531288147
multi_comm,1,sand,1,3,0,65-75-87-73,0.13149693608283997
multi_comm,1,sand,1,3,1,80-56-77-99,0.11083376407623291
multi_comm,1,sand,1,3,2,53-78-59-83,0.0751434937119484
multi_comm,1,sand,1,3,3,66-74-50-70,0.18730811774730682
multi_comm,1,sand,1,3,4,72-57-98-85,0.04118618369102478
multi_comm,1,sand,1,3,5,67-69-97-79,0.074262835085392
multi_comm,1,sand,1,3,6,81-71-94-51,0.1743139624595642
multi_comm,1,sand,1,3,7,61-89-64-54,0.07684304565191269
multi_comm,1,sand,1,3,8,92-90-93-76,0.12314605712890625
multi_comm,1,sand,1,3,9,95-84-52-62,0.15634505450725555
multi_comm,1,sand,1,3,10,60-86-55-58,0.10549619048833847
multi_comm,1,sand,1,3,11,82-91-96-68,0.09248935431241989
multi_comm,1,sand,2,"0,1",0,65-75-87-73,0.09168035537004471
multi_comm,1,sand,2,"0,1",1,80-56-77-99,0.04032447934150696
multi_comm,1,sand,2,"0,1",2,53-78-59-83,0.02855842560529709
multi_comm,1,sand,2,"0,1",3,66-74-50-70,0.021159296855330467
multi_comm,1,sand,2,"0,1",4,72-57-98-85,0.12047094851732254
multi_comm,1,sand,2,"0,1",5,67-69-97-79,0.0584985688328743
multi_comm,1,sand,2,"0,1",6,81-71-94-51,0.1226898655295372
multi_comm,1,sand,2,"0,1",7,61-89-64-54,0.13485431671142578
multi_comm,1,sand,2,"0,1",8,92-90-93-76,0.026329288259148598
multi_comm,1,sand,2,"0,1",9,95-84-52-62,0.1613926887512207
multi_comm,1,sand,2,"0,1",10,60-86-55-58,0.10792120546102524
multi_comm,1,sand,2,"0,1",11,82-91-96-68,0.0026926491409540176
multi_comm,1,sand,2,"0,2",0,65-75-87-73,0.01584785431623459
multi_comm,1,sand,2,"0,2",1,80-56-77-99,-0.0017973488429561257
multi_comm,1,sand,2,"0,2",2,53-78-59-83,0.05187733843922615
multi_comm,1,sand,2,"0,2",3,66-74-50-70,0.04899756610393524
multi_comm,1,sand,2,"0,2",4,72-57-98-85,0.030118655413389206
multi_comm,1,sand,2,"0,2",5,67-69-97-79,-0.0030648871324956417
multi_comm,1,sand,2,"0,2",6,81-71-94-51,0.021031098440289497
multi_comm,1,sand,2,"0,2",7,61-89-64-54,0.02390206977725029
multi_comm,1,sand,2,"0,2",8,92-90-93-76,0.04409532994031906
multi_comm,1,sand,2,"0,2",9,95-84-52-62,0.01493249461054802
multi_comm,1,sand,2,"0,2",10,60-86-55-58,0.0028468756936490536
multi_comm,1,sand,2,"0,2",11,82-91-96-68,-0.002417569048702717
multi_comm,1,sand,2,"0,3",0,65-75-87-73,0.04318471625447273
multi_comm,1,sand,2,"0,3",1,80-56-77-99,0.027549058198928833
multi_comm,1,sand,2,"0,3",2,53-78-59-83,-0.03805001825094223
multi_comm,1,sand,2,"0,3",3,66-74-50-70,0.0749632716178894
multi_comm,1,sand,2,"0,3",4,72-57-98-85,0.03200121968984604
multi_comm,1,sand,2,"0,3",5,67-69-97-79,0.03497924283146858
multi_comm,1,sand,2,"0,3",6,81-71-94-51,0.012869983911514282
multi_comm,1,sand,2,"0,3",7,61-89-64-54,0.035755425691604614
multi_comm,1,sand,2,"0,3",8,92-90-93-76,0.0011653034016489983
multi_comm,1,sand,2,"0,3",9,95-84-52-62,0.0714278593659401
multi_comm,1,sand,2,"0,3",10,60-86-55-58,0.08429799228906631
multi_comm,1,sand,2,"0,3",11,82-91-96-68,0.021361589431762695
multi_comm,1,sand,2,"1,2",0,65-75-87-73,0.029167115688323975
multi_comm,1,sand,2,"1,2",1,80-56-77-99,0.024568527936935425
multi_comm,1,sand,2,"1,2",2,53-78-59-83,0.006602939683943987
multi_comm,1,sand,2,"1,2",3,66-74-50-70,0.007722402457147837
multi_comm,1,sand,2,"1,2",4,72-57-98-85,0.0160305667668581
multi_comm,1,sand,2,"1,2",5,67-69-97-79,0.010873536579310894
multi_comm,1,sand,2,"1,2",6,81-71-94-51,0.026949994266033173
multi_comm,1,sand,2,"1,2",7,61-89-64-54,0.026836996898055077
multi_comm,1,sand,2,"1,2",8,92-90-93-76,0.010030514560639858
multi_comm,1,sand,2,"1,2",9,95-84-52-62,0.017928289249539375
multi_comm,1,sand,2,"1,2",10,60-86-55-58,-0.0022048961836844683
multi_comm,1,sand,2,"1,2",11,82-91-96-68,-0.0018202768405899405
multi_comm,1,sand,2,"1,3",0,65-75-87-73,0.022176964208483696
multi_comm,1,sand,2,"1,3",1,80-56-77-99,0.035120926797389984
multi_comm,1,sand,2,"1,3",2,53-78-59-83,0.016206840053200722
multi_comm,1,sand,2,"1,3",3,66-74-50-70,0.008577355183660984
multi_comm,1,sand,2,"1,3",4,72-57-98-85,0.016927123069763184
multi_comm,1,sand,2,"1,3",5,67-69-97-79,0.008625831454992294
multi_comm,1,sand,2,"1,3",6,81-71-94-51,0.027279691770672798
multi_comm,1,sand,2,"1,3",7,61-89-64-54,0.028123795986175537
multi_comm,1,sand,2,"1,3",8,92-90-93-76,0.007102554198354483
multi_comm,1,sand,2,"1,3",9,95-84-52-62,0.03354194760322571
multi_comm,1,sand,2,"1,3",10,60-86-55-58,-0.016175735741853714
multi_comm,1,sand,2,"1,3",11,82-91-96-68,-0.006223898380994797
multi_comm,1,sand,2,"2,3",0,65-75-87-73,0.021899567916989326
multi_comm,1,sand,2,"2,3",1,80-56-77-99,0.03333764150738716
multi_comm,1,sand,2,"2,3",2,53-78-59-83,0.002154076937586069
multi_comm,1,sand,2,"2,3",3,66-74-50-70,0.022620869800448418
multi_comm,1,sand,2,"2,3",4,72-57-98-85,-0.00027397292433306575
multi_comm,1,sand,2,"2,3",5,67-69-97-79,0.05922180041670799
multi_comm,1,sand,2,"2,3",6,81-71-94-51,0.0032710356172174215
multi_comm,1,sand,2,"2,3",7,61-89-64-54,0.04008924588561058
multi_comm,1,sand,2,"2,3",8,92-90-93-76,0.046208951622247696
multi_comm,1,sand,2,"2,3",9,95-84-52-62,-0.0035861190408468246
multi_comm,1,sand,2,"2,3",10,60-86-55-58,-0.008678863756358624
multi_comm,1,sand,2,"2,3",11,82-91-96-68,0.033513523638248444
multi_comm,1,sand,3,"0,1,2",0,65-75-87-73,0.008573921397328377
multi_comm,1,sand,3,"0,1,2",1,80-56-77-99,0.008679592050611973
multi_comm,1,sand,3,"0,1,2",2,53-78-59-83,0.005273935850709677
multi_comm,1,sand,3,"0,1,2",3,66-74-50-70,0.006563258823007345
multi_comm,1,sand,3,"0,1,2",4,72-57-98-85,0.010577422566711903
multi_comm,1,sand,3,"0,1,2",5,67-69-97-79,0.0031511385459452868
multi_comm,1,sand,3,"0,1,2",6,81-71-94-51,0.00638901861384511
multi_comm,1,sand,3,"0,1,2",7,61-89-64-54,0.005285046994686127
multi_comm,1,sand,3,"0,1,2",8,92-90-93-76,0.007658024784177542
multi_comm,1,sand,3,"0,1,2",9,95-84-52-62,0.007453171536326408
multi_comm,1,sand,3,"0,1,2",10,60-86-55-58,0.002477787435054779
multi_comm,1,sand,3,"0,1,2",11,82-91-96-68,0.0038701435551047325
multi_comm,1,sand,3,"0,1,3",0,65-75-87-73,0.005859429482370615
multi_comm,1,sand,3,"0,1,3",1,80-56-77-99,0.013831662014126778
multi_comm,1,sand,3,"0,1,3",2,53-78-59-83,0.01172637939453125
multi_comm,1,sand,3,"0,1,3",3,66-74-50-70,0.006067272275686264
multi_comm,1,sand,3,"0,1,3",4,72-57-98-85,0.005693922284990549
multi_comm,1,sand,3,"0,1,3",5,67-69-97-79,0.0032345112413167953
multi_comm,1,sand,3,"0,1,3",6,81-71-94-51,0.008855556137859821
multi_comm,1,sand,3,"0,1,3",7,61-89-64-54,0.0069982330314815044
multi_comm,1,sand,3,"0,1,3",8,92-90-93-76,0.00548667972907424
multi_comm,1,sand,3,"0,1,3",9,95-84-52-62,0.0123009467497468
multi_comm,1,sand,3,"0,1,3",10,60-86-55-58,0.0010096881305798888
multi_comm,1,sand,3,"0,1,3",11,82-91-96-68,-0.0005152333760634065
multi_comm,1,sand,3,"0,2,3",0,65-75-87-73,-0.0016324156895279884
multi_comm,1,sand,3,"0,2,3",1,80-56-77-99,-0.005265167448669672
multi_comm,1,sand,3,"0,2,3",2,53-78-59-83,0.012305858545005322
multi_comm,1,sand,3,"0,2,3",3,66-74-50-70,0.008896986022591591
multi_comm,1,sand,3,"0,2,3",4,72-57-98-85,0.012567974627017975
multi_comm,1,sand,3,"0,2,3",5,67-69-97-79,-0.0007203722489066422
multi_comm,1,sand,3,"0,2,3",6,81-71-94-51,0.005986161530017853
multi_comm,1,sand,3,"0,2,3",7,61-89-64-54,0.013016303069889545
multi_comm,1,sand,3,"0,2,3",8,92-90-93-76,0.005387942306697369
multi_comm,1,sand,3,"0,2,3",9,95-84-52-62,0.005160530563443899
multi_comm,1,sand,3,"0,2,3",10,60-86-55-58,0.00411964999511838
multi_comm,1,sand,3,"0,2,3",11,82-91-96-68,-0.00236328924074769
multi_comm,1,sand,3,"1,2,3",0,65-75-87-73,0.009958160109817982
multi_comm,1,sand,3,"1,2,3",1,80-56-77-99,0.006754601839929819
multi_comm,1,sand,3,"1,2,3",2,53-78-59-83,-0.0008592402446083724
multi_comm,1,sand,3,"1,2,3",3,66-74-50-70,0.003914407454431057
multi_comm,1,sand,3,"1,2,3",4,72-57-98-85,0.005214075557887554
multi_comm,1,sand,3,"1,2,3",5,67-69-97-79,0.0056226919405162334
multi_comm,1,sand,3,"1,2,3",6,81-71-94-51,0.01102967094630003
multi_comm,1,sand,3,"1,2,3",7,61-89-64-54,0.0120273781940341
multi_comm,1,sand,3,"1,2,3",8,92-90-93-76,0.0017937993397936225
multi_comm,1,sand,3,"1,2,3",9,95-84-52-62,0.005170057527720928
multi_comm,1,sand,3,"1,2,3",10,60-86-55-58,-0.0023515098728239536
multi_comm,1,sand,3,"1,2,3",11,82-91-96-68,-0.003231402952224016
multi_comm,1,sand,4,"0,1,2,3",0,65-75-87-73,0.0020082038827240467
multi_comm,1,sand,4,"0,1,2,3",1,80-56-77-99,0.0018143875058740377
multi_comm,1,sand,4,"0,1,2,3",2,53-78-59-83,0.001820386154577136
multi_comm,1,sand,4,"0,1,2,3",3,66-74-50-70,0.002431914210319519
multi_comm,1,sand,4,"0,1,2,3",4,72-57-98-85,0.0030724143143743277
multi_comm,1,sand,4,"0,1,2,3",5,67-69-97-79,0.0019292987417429686
multi_comm,1,sand,4,"0,1,2,3",6,81-71-94-51,0.002116059884428978
multi_comm,1,sand,4,"0,1,2,3",7,61-89-64-54,0.0019125009421259165
multi_comm,1,sand,4,"0,1,2,3",8,92-90-93-76,0.0018774829804897308
multi_comm,1,sand,4,"0,1,2,3",9,95-84-52-62,0.0018267033156007528
multi_comm,1,sand,4,"0,1,2,3",10,60-86-55-58,0.0019064958905801177
multi_comm,1,sand,4,"0,1,2,3",11,82-91-96-68,0.0019306029425933957
multi_comm,1,slope_up,0,,0,65-75-87-73,0.28403156995773315
multi_comm,1,slope_up,0,,1,80-56-77-99,0.254525363445282
multi_comm,1,slope_up,0,,2,53-78-59-83,0.1959824115037918
multi_comm,1,slope_up,0,,3,66-74-50-70,0.25871866941452026
multi_comm,1,slope_up,0,,4,72-57-98-85,0.2530214786529541
multi_comm,1,slope_up,0,,5,67-69-97-79,0.33367758989334106
multi_comm,1,slope_up,0,,6,81-71-94-51,0.28571024537086487
multi_comm,1,slope_up,0,,7,61-89-64-54,0.337466299533844
multi_comm,1,slope_up,0,,8,92-90-93-76,0.2850324213504791
multi_comm,1,slope_up,0,,9,95-84-52-62,0.30142730474472046
multi_comm,1,slope_up,0,,10,60-86-55-58,0.2920718789100647
multi_comm,1,slope_up,0,,11,82-91-96-68,0.11103025823831558
multi_comm,1,slope_up,1,0,0,65-75-87-73,0.11802532523870468
multi_comm,1,slope_up,1,0,1,80-56-77-99,0.1415189504623413
multi_comm,1,slope_up,1,0,2,53-78-59-83,0.02372770570218563
multi_comm,1,slope_up,1,0,3,66-74-50-70,0.10510041564702988
multi_comm,1,slope_up,1,0,4,72-57-98-85,0.09324532747268677
multi_comm,1,slope_up,1,0,5,67-69-97-79,0.09672726690769196
multi_comm,1,slope_up,1,0,6,81-71-94-51,0.06162705272436142
multi_comm,1,slope_up,1,0,7,61-89-64-54,0.09011610597372055
multi_comm,1,slope_up,1,0,8,92-90-93-76,0.01686527021229267
multi_comm,1,slope_up,1,0,9,95-84-52-62,0.1273578703403473
multi_comm,1,slope_up,1,0,10,60-86-55-58,0.06866715103387833
multi_comm,1,slope_up,1,0,11,82-91-96-68,0.06647640466690063
multi_comm,1,slope_up,1,1,0,65-75-87-73,0.08882855623960495
multi_comm,1,slope_up,1,1,1,80-56-77-99,0.0966281071305275
multi_comm,1,slope_up,1,1,2,53-78-59-83,0.012945469468832016
multi_comm,1,slope_up,1,1,3,66-74-50-70,0.13068492710590363
multi_comm,1,slope_up,1,1,4,72-57-98-85,0.1565392017364502
multi_comm,1,slope_up,1,1,5,67-69-97-79,0.08284948021173477
multi_comm,1,slope_up,1,1,6,81-71-94-51,0.11931902915239334
multi_comm,1,slope_up,1,1,7,61-89-64-54,0.13480570912361145
multi_comm,1,slope_up,1,1,8,92-90-93-76,0.026494115591049194
multi_comm,1,slope_up,1,1,9,95-84-52-62,0.12467815726995468
multi_comm,1,slope_up,1,1,10,60-86-55-58,0.10766744613647461
multi_comm,1,slope_up,1,1,11,82-91-96-68,-0.022546635940670967
multi_comm,1,slope_up,1,2,0,65-75-87-73,0.04434465244412422
multi_comm,1,slope_up,1,2,1,80-56-77-99,0.048641692847013474
multi_comm,1,slope_up,1,2,2,53-78-59-83,0.012147250585258007
multi_comm,1,slope_up,1,2,3,66-74-50-70,0.033755525946617126
multi_comm,1,slope_up,1,2,4,72-57-98-85,0.005960937589406967
multi_comm,1,slope_up,1,2,5,67-69-97-79,0.15025924146175385
multi_comm,1,slope_up,1,2,6,81-71-94-51,0.023600498214364052
multi_comm,1,slope_up,1,2,7,61-89-64-54,0.04592244699597359
multi_comm,1,slope_up,1,2,8,92-90-93-76,0.08950027078390121
multi_comm,1,slope_up,1,2,9,95-84-52-62,0.03981715813279152
multi_comm,1,slope_up,1,2,10,60-86-55-58,-0.007632324006408453
multi_comm,1,slope_up,1,2,11,82-91-96-68,0.07373937964439392
multi_comm,1,slope_up,1,3,0,65-75-87-73,0.100654736161232
multi_comm,1,slope_up,1,3,1,80-56-77-99,0.09589406102895737
multi_comm,1,slope_up,1,3,2,53-78-59-83,0.06982934474945068
multi_comm,1,slope_up,1,3,3,66-74-50-70,0.16626174747943878
multi_comm,1,slope_up,1,3,4,72-57-98-85,0.033891115337610245
multi_comm,1,slope_up,1,3,5,67-69-97-79,0.12296503782272339
multi_comm,1,slope_up,1,3,6,81-71-94-51,0.1649169921875
multi_comm,1,slope_up,1,3,7,61-89-64-54,0.06779000908136368
multi_comm,1,slope_up,1,3,8,92-90-93-76,0.08410912752151489
multi_comm,1,slope_up,1,3,9,95-84-52-62,0.1288517564535141
multi_comm,1,slope_up,1,3,10,60-86-55-58,0.11590485274791718
multi_comm,1,slope_up,1,3,11,82-91-96-68,0.0834689512848854
multi_comm,1,slope_up,2,"0,1",0,65-75-87-73,0.03297624737024307
multi_comm,1,slope_up,2,"0,1",1,80-56-77-99,0.0253510233014822
multi_comm,1,slope_up,2,"0,1",2,53-78-59-83,0.020306982100009918
multi_comm,1,slope_up,2,"0,1",3,66-74-50-70,0.08156034350395203
multi_comm,1,slope_up,2,"0,1",4,72-57-98-85,0.0758071094751358
multi_comm,1,slope_up,2,"0,1",5,67-69-97-79,0.040721651166677475
multi_comm,1,slope_up,2,"0,1",6,81-71-94-51,0.0746392086148262
multi_comm,1,slope_up,2,"0,1",7,61-89-64-54,0.04410548880696297
multi_comm,1,slope_up,2,"0,1",8,92-90-93-76,0.019259221851825714
multi_comm,1,slope_up,2,"0,1",9,95-84-52-62,0.06006095930933952
multi_comm,1,slope_up,2,"0,1",10,60-86-55-58,0.06453077495098114
multi_comm,1,slope_up,2,"0,1",11,82-91-96-68,0.022917291149497032
multi_comm,1,slope_up,2,"0,2",0,65-75-87-73,-0.0009977668523788452
multi_comm,1,slope_up,2,"0,2",1,80-56-77-99,-0.005540179088711739
multi_comm,1,slope_up,2,"0,2",2,53-78-59-83,0.028289642184972763
multi_comm,1,slope_up,2,"0,2",3,66-74-50-70,0.015305370092391968
multi_comm,1,slope_up,2,"0,2",4,72-57-98-85,0.015487651340663433
multi_comm,1,slope_up,2,"0,2",5,67-69-97-79,-0.00499681057408452
multi_comm,1,slope_up,2,"0,2",6,81-71-94-51,0.018851568922400475
multi_comm,1,slope_up,2,"0,2",7,61-89-64-54,0.012449830770492554
multi_comm,1,slope_up,2,"0,2",8,92-90-93-76,0.02082638442516327
multi_comm,1,slope_up,2,"0,2",9,95-84-52-62,0.012096308171749115
multi_comm,1,slope_up,2,"0,2",10,60-86-55-58,0.0051184347830712795
multi_comm,1,slope_up,2,"0,2",11,82-91-96-68,-0.0031679158564656973
multi_comm,1,slope_up,2,"0,3",0,65-75-87-73,0.040851231664419174
multi_comm,1,slope_up,2,"0,3",1,80-56-77-99,0.0563310943543911
multi_comm,1,slope_up,2,"0,3",2,53-78-59-83,-0.017656641080975533
multi_comm,1,slope_up,2,"0,3",3,66-74-50-70,0.07877945899963379
multi_comm,1,slope_up,2,"0,3",4,72-57-98-85,0.0305379256606102
multi_comm,1,slope_up,2,"0,3",5,67-69-97-79,-0.009841074235737324
multi_comm,1,slope_up,2,"0,3",6,81-71-94-51,0.009357770904898643
multi_comm,1,slope_up,2,"0,3",7,61-89-64-54,0.018369272351264954
multi_comm,1,slope_up,2,"0,3",8,92-90-93-76,-0.004485366865992546
multi_comm,1,slope_up,2,"0,3",9,95-84-52-62,0.043559856712818146
multi_comm,1,slope_up,2,"0,3",10,60-86-55-58,0.05319631099700928
multi_comm,1,slope_up,2,"0,3",11,82-91-96-68,0.009003918617963791
multi_comm,1,slope_up,2,"1,2",0,65-75-87-73,0.01505855843424797
multi_comm,1,slope_up,2,"1,2",1,80-56-77-99,0.022969746962189674
multi_comm,1,slope_up,2,"1,2",2,53-78-59-83,0.004043367691338062
multi_comm,1,slope_up,2,"1,2",3,66-74-50-70,0.0012606604723259807
multi_comm,1,slope_up,2,"1,2",4,72-57-98-85,0.016730407252907753
multi_comm,1,slope_up,2,"1,2",5,67-69-97-79,0.011070296168327332
multi_comm,1,slope_up,2,"1,2",6,81-71-94-51,0.014256266877055168
multi_comm,1,slope_up,2,"1,2",7,61-89-64-54,0.019901162013411522
multi_comm,1,slope_up,2,"1,2",8,92-90-93-76,0.0036954698152840137
multi_comm,1,slope_up,2,"1,2",9,95-84-52-62,0.010714869014918804
multi_comm,1,slope_up,2,"1,2",10,60-86-55-58,0.0007582029211334884
multi_comm,1,slope_up,2,"1,2",11,82-91-96-68,0.0012241980293765664
multi_comm,1,slope_up,2,"1,3",0,65-75-87-73,0.013300477527081966
multi_comm,1,slope_up,2,"1,3",1,80-56-77-99,0.029881605878472328
multi_comm,1,slope_up,2,"1,3",2,53-78-59-83,0.01325561385601759
multi_comm,1,slope_up,2,"1,3",3,66-74-50-70,0.007360175251960754
multi_comm,1,slope_up,2,"1,3",4,72-57-98-85,0.017654357478022575
multi_comm,1,slope_up,2,"1,3",5,67-69-97-79,0.005769827403128147
multi_comm,1,slope_up,2,"1,3",6,81-71-94-51,0.02152729406952858
multi_comm,1,slope_up,2,"1,3",7,61-89-64-54,0.02191246673464775
multi_comm,1,slope_up,2,"1,3",8,92-90-93-76,0.0027103961911052465
multi_comm,1,slope_up,2,"1,3",9,95-84-52-62,0.021017981693148613
multi_comm,1,slope_up,2,"1,3",10,60-86-55-58,-0.008322390727698803
multi_comm,1,slope_up,2,"1,3",11,82-91-96-68,-0.0016867717495188117
multi_comm,1,slope_up,2,"2,3",0,65-75-87-73,0.019752738997340202
multi_comm,1,slope_up,2,"2,3",1,80-56-77-99,0.022348374128341675
multi_comm,1,slope_up,2,"2,3",2,53-78-59-83,-0.015500827692449093
multi_comm,1,slope_up,2,"2,3",3,66-74-50-70,0.005135885905474424
multi_comm,1,slope_up,2,"2,3",4,72-57-98-85,0.0070806764997541904
multi_comm,1,slope_up,2,"2,3",5,67-69-97-79,0.059123702347278595
multi_comm,1,slope_up,2,"2,3",6,81-71-94-51,0.006476366426795721
multi_comm,1,slope_up,2,"2,3",7,61-89-64-54,0.04460643604397774
multi_comm,1,slope_up,2,"2,3",8,92-90-93-76,0.06217072904109955
multi_comm,1,slope_up,2,"2,3",9,95-84-52-62,-0.0007456555031239986
multi_comm,1,slope_up,2,"2,3",10,60-86-55-58,-0.029305413365364075
multi_comm,1,slope_up,2,"2,3",11,82-91-96-68,0.02990465611219406
multi_comm,1,slope_up,3,"0,1,2",0,65-75-87-73,0.0027046147733926773
multi_comm,1,slope_up,3,"0,1,2",1,80-56-77-99,0.006018935237079859
multi_comm,1,slope_up,3,"0,1,2",2,53-78-59-83,0.0023310743272304535
multi_comm,1,slope_up,3,"0,1,2",3,66-74-50-70,0.0035556633956730366
multi_comm,1,slope_up,3,"0,1,2",4,72-57-98-85,0.005257703363895416
multi_comm,1,slope_up,3,"0,1,2",5,67-69-97-79,0.002036555903032422
multi_comm,1,slope_up,3,"0,1,2",6,81-71-94-51,0.004349459894001484
multi_comm,1,slope_up,3,"0,1,2",7,61-89-64-54,0.002680128440260887
multi_comm,1,slope_up,3,"0,1,2",8,92-90-93-76,0.0029801304917782545
multi_comm,1,slope_up,3,"0,1,2",9,95-84-52-62,0.003791981842368841
multi_comm,1,slope_up,3,"0,1,2",10,60-86-55-58,0.0013879548059776425
multi_comm,1,slope_up,3,"0,1,2",11,82-91-96-68,0.0018263140227645636
multi_comm,1,slope_up,3,"0,1,3",0,65-75-87-73,0.0023922875989228487
multi_comm,1,slope_up,3,"0,1,3",1,80-56-77-99,0.005402825772762299
multi_comm,1,slope_up,3,"0,1,3",2,53-78-59-83,0.005057261325418949
multi_comm,1,slope_up,3,"0,1,3",3,66-74-50-70,0.00420344527810812
multi_comm,1,slope_up,3,"0,1,3",4,72-57-98-85,0.006283726543188095
multi_comm,1,slope_up,3,"0,1,3",5,67-69-97-79,0.002177746966481209
multi_comm,1,slope_up,3,"0,1,3",6,81-71-94-51,0.004491596017032862
multi_comm,1,slope_up,3,"0,1,3",7,61-89-64-54,0.004123092629015446
multi_comm,1,slope_up,3,"0,1,3",8,92-90-93-76,0.0023593318182975054
multi_comm,1,slope_up,3,"0,1,3",9,95-84-52-62,0.0059861852787435055
multi_comm,1,slope_up,3,"0,1,3",10,60-86-55-58,0.0027705144602805376
multi_comm,1,slope_up,3,"0,1,3",11,82-91-96-68,0.0007217961829155684
multi_comm,1,slope_up,3,"0,2,3",0,65-75-87-73,-0.0018951299134641886
multi_comm,1,slope_up,3,"0,2,3",1,80-56-77-99,-0.0031307253520935774
multi_comm,1,slope_up,3,"0,2,3",2,53-78-59-83,0.0054953815415501595
multi_comm,1,slope_up,3,"0,2,3",3,66-74-50-70,0.001143512548878789
multi_comm,1,slope_up,3,"0,2,3",4,72-57-98-85,0.008996391668915749
multi_comm,1,slope_up,3,"0,2,3",5,67-69-97-79,0.00019790673104580492
multi_comm,1,slope_up,3,"0,2,3",6,81-71-94-51,0.002939899219200015
multi_comm,1,slope_up,3,"0,2,3",7,61-89-64-54,0.004454382695257664
multi_comm,1,slope_up,3,"0,2,3",8,92-90-93-76,0.0025531910359859467
multi_comm,1,slope_up,3,"0,2,3",9,95-84-52-62,0.0037487607914954424
multi_comm,1,slope_up,3,"0,2,3",10,60-86-55-58,0.002854621037840843
multi_comm,1,slope_up,3,"0,2,3",11,82-91-96-68,0.0024437904357910156
multi_comm,1,slope_up,3,"1,2,3",0,65-75-87-73,0.0055724866688251495
multi_comm,1,slope_up,3,"1,2,3",1,80-56-77-99,0.0036707636900246143
multi_comm,1,slope_up,3,"1,2,3",2,53-78-59-83,0.0008062473498284817
multi_comm,1,slope_up,3,"1,2,3",3,66-74-50-70,0.004634663462638855
multi_comm,1,slope_up,3,"1,2,3",4,72-57-98-85,0.003310735337436199
multi_comm,1,slope_up,3,"1,2,3",5,67-69-97-79,0.0046496205031871796
multi_comm,1,slope_up,3,"1,2,3",6,81-71-94-51,0.004981654230505228
multi_comm,1,slope_up,3,"1,2,3",7,61-89-64-54,0.0056283497251570225
multi_comm,1,slope_up,3,"1,2,3",8,92-90-93-76,0.0016390259843319654
multi_comm,1,slope_up,3,"1,2,3",9,95-84-52-62,0.0018484964966773987
multi_comm,1,slope_up,3,"1,2,3",10,60-86-55-58,0.0015367871383205056
multi_comm,1,slope_up,3,"1,2,3",11,82-91-96-68,0.0007680246490053833
multi_comm,1,slope_up,4,"0,1,2,3",0,65-75-87-73,0.001670562312938273
multi_comm,1,slope_up,4,"0,1,2,3",1,80-56-77-99,0.0015278848586604
multi_comm,1,slope_up,4,"0,1,2,3",2,53-78-59-83,0.0013916755560785532
multi_comm,1,slope_up,4,"0,1,2,3",3,66-74-50-70,0.0018388256430625916
multi_comm,1,slope_up,4,"0,1,2,3",4,72-57-98-85,0.0028364751487970352
multi_comm,1,slope_up,4,"0,1,2,3",5,67-69-97-79,0.0017374414019286633
multi_comm,1,slope_up,4,"0,1,2,3",6,81-71-94-51,0.0018086081836372614
multi_comm,1,slope_up,4,"0,1,2,3",7,61-89-64-54,0.0015115520218387246
multi_comm,1,slope_up,4,"0,1,2,3",8,92-90-93-76,0.0014174430398270488
multi_comm,1,slope_up,4,"0,1,2,3",9,95-84-52-62,0.001437402330338955
multi_comm,1,slope_up,4,"0,1,2,3",10,60-86-55-58,0.0015803443966433406
multi_comm,1,slope_up,4,"0,1,2,3",11,82-91-96-68,0.0015809861943125725
multi_comm,1,low_gravity,0,,0,65-75-87-73,0.059123896062374115
multi_comm,1,low_gravity,0,,1,80-56-77-99,0.0460917092859745
multi_comm,1,low_gravity,0,,2,53-78-59-83,0.036155566573143005
multi_comm,1,low_gravity,0,,3,66-74-50-70,0.05975417420268059
multi_comm,1,low_gravity,0,,4,72-57-98-85,0.043893229216337204
multi_comm,1,low_gravity,0,,5,67-69-97-79,0.042536843568086624
multi_comm,1,low_gravity,0,,6,81-71-94-51,0.036299802362918854
multi_comm,1,low_gravity,0,,7,61-89-64-54,0.054507989436388016
multi_comm,1,low_gravity,0,,8,92-90-93-76,0.04119366407394409
multi_comm,1,low_gravity,0,,9,95-84-52-62,0.04138045012950897
multi_comm,1,low_gravity,0,,10,60-86-55-58,0.0345473438501358
multi_comm,1,low_gravity,0,,11,82-91-96-68,0.04860198125243187
multi_comm,1,low_gravity,1,0,0,65-75-87-73,0.0711962878704071
multi_comm,1,low_gravity,1,0,1,80-56-77-99,0.0547882616519928
multi_comm,1,low_gravity,1,0,2,53-78-59-83,0.03833308443427086
multi_comm,1,low_gravity,1,0,3,66-74-50-70,0.0741150751709938
multi_comm,1,low_gravity,1,0,4,72-57-98-85,0.051973264664411545
multi_comm,1,low_gravity,1,0,5,67-69-97-79,0.06534644961357117
multi_comm,1,low_gravity,1,0,6,81-71-94-51,0.029186248779296875
multi_comm,1,low_gravity,1,0,7,61-89-64-54,0.06764519214630127
multi_comm,1,low_gravity,1,0,8,92-90-93-76,0.05420004576444626
multi_comm,1,low_gravity,1,0,9,95-84-52-62,0.06279820948839188
multi_comm,1,low_gravity,1,0,10,60-86-55-58,0.029860448092222214
multi_comm,1,low_gravity,1,0,11,82-91-96-68,0.06872586905956268
multi_comm,1,low_gravity,1,1,0,65-75-87-73,0.033125363290309906
multi_comm,1,low_gravity,1,1,1,80-56-77-99,0.05354297161102295
multi_comm,1,low_gravity,1,1,2,53-78-59-83,0.021142004057765007
multi_comm,1,low_gravity,1,1,3,66-74-50-70,0.06937482953071594
multi_comm,1,low_gravity,1,1,4,72-57-98-85,0.05189909413456917
multi_comm,1,low_gravity,1,1,5,67-69-97-79,0.04766063392162323
multi_comm,1,low_gravity,1,1,6,81-71-94-51,0.06317616254091263
multi_comm,1,low_gravity,1,1,7,61-89-64-54,0.035432636737823486
multi_comm,1,low_gravity,1,1,8,92-90-93-76,0.041857969015836716
multi_comm,1,low_gravity,1,1,9,95-84-52-62,0.04424749314785004
multi_comm,1,low_gravity,1,1,10,60-86-55-58,0.04677010327577591
multi_comm,1,low_gravity,1,1,11,82-91-96-68,0.05311736837029457
multi_comm,1,low_gravity,1,2,0,65-75-87-73,0.022672057151794434
multi_comm,1,low_gravity,1,2,1,80-56-77-99,0.03356181085109711
multi_comm,1,low_gravity,1,2,2,53-78-59-83,0.0558319166302681
multi_comm,1,low_gravity,1,2,3,66-74-50-70,0.03570607677102089
multi_comm,1,low_gravity,1,2,4,72-57-98-85,0.04044632613658905
multi_comm,1,low_gravity,1,2,5,67-69-97-79,0.035188522189855576
multi_comm,1,low_gravity,1,2,6,81-71-94-51,0.016869310289621353
multi_comm,1,low_gravity,1,2,7,61-89-64-54,0.038383301347494125
multi_comm,1,low_gravity,1,2,8,92-90-93-76,0.0216678436845541
multi_comm,1,low_gravity,1,2,9,95-84-52-62,0.028360214084386826
multi_comm,1,low_gravity,1,2,10,60-86-55-58,0.03441544249653816
multi_comm,1,low_gravity,1,2,11,82-91-96-68,0.030445262789726257
multi_comm,1,low_gravity,1,3,0,65-75-87-73,0.0693417638540268
multi_comm,1,low_gravity,1,3,1,80-56-77-99,0.04237598180770874
multi_comm,1,low_gravity,1,3,2,53-78-59-83,0.03657440096139908
multi_comm,1,low_gravity,1,3,3,66-74-50-70,0.03822494298219681
multi_comm,1,low_gravity,1,3,4,72-57-98-85,0.04509459063410759
multi_comm,1,low_gravity,1,3,5,67-69-97-79,0.03824402764439583
multi_comm,1,low_gravity,1,3,6,81-71-94-51,0.021361617371439934
multi_comm,1,low_gravity,1,3,7,61-89-64-54,0.03713884949684143
multi_comm,1,low_gravity,1,3,8,92-90-93-76,0.037038013339042664
multi_comm,1,low_gravity,1,3,9,95-84-52-62,0.045138292014598846
multi_comm,1,low_gravity,1,3,10,60-86-55-58,0.03921569138765335
multi_comm,1,low_gravity,1,3,11,82-91-96-68,0.03292147442698479
multi_comm,1,low_gravity,2,"0,1",0,65-75-87-73,0.041276007890701294
multi_comm,1,low_gravity,2,"0,1",1,80-56-77-99,0.062177952378988266
multi_comm,1,low_gravity,2,"0,1",2,53-78-59-83,0.03210734948515892
multi_comm,1,low_gravity,2,"0,1",3,66-74-50-70,0.06587392091751099
multi_comm,1,low_gravity,2,"0,1",4,72-57-98-85,0.03941963240504265
multi_comm,1,low_gravity,2,"0,1",5,67-69-97-79,0.05759948492050171
multi_comm,1,low_gravity,2,"0,1",6,81-71-94-51,0.0582980252802372
multi_comm,1,low_gravity,2,"0,1",7,61-89-64-54,0.02494518645107746
multi_comm,1,low_gravity,2,"0,1",8,92-90-93-76,0.03244820237159729
multi_comm,1,low_gravity,2,"0,1",9,95-84-52-62,0.05716271325945854
multi_comm,1,low_gravity,2,"0,1",10,60-86-55-58,0.05419709533452988
multi_comm,1,low_gravity,2,"0,1",11,82-91-96-68,0.04328043758869171
multi_comm,1,low_gravity,2,"0,2",0,65-75-87-73,0.0005453164922073483
multi_comm,1,low_gravity,2,"0,2",1,80-56-77-99,-0.011805315501987934
multi_comm,1,low_gravity,2,"0,2",2,53-78-59-83,0.045971449464559555
multi_comm,1,low_gravity,2,"0,2",3,66-74-50-70,0.039342839270830154
multi_comm,1,low_gravity,2,"0,2",4,72-57-98-85,0.013806442730128765
multi_comm,1,low_gravity,2,"0,2",5,67-69-97-79,0.013877591118216515
multi_comm,1,low_gravity,2,"0,2",6,81-71-94-51,0.03270236402750015
multi_comm,1,low_gravity,2,"0,2",7,61-89-64-54,0.015010921284556389
multi_comm,1,low_gravity,2,"0,2",8,92-90-93-76,-0.0042426264844834805
multi_comm,1,low_gravity,2,"0,2",9,95-84-52-62,0.018224800005555153
multi_comm,1,low_gravity,2,"0,2",10,60-86-55-58,0.01868094690144062
multi_comm,1,low_gravity,2,"0,2",11,82-91-96-68,0.012799962423741817
multi_comm,1,low_gravity,2,"0,3",0,65-75-87-73,0.06486208736896515
multi_comm,1,low_gravity,2,"0,3",1,80-56-77-99,0.03800240159034729
multi_comm,1,low_gravity,2,"0,3",2,53-78-59-83,0.02197941206395626
multi_comm,1,low_gravity,2,"0,3",3,66-74-50-70,0.052831847220659256
multi_comm,1,low_gravity,2,"0,3",4,72-57-98-85,0.04887644946575165
multi_comm,1,low_gravity,2,"0,3",5,67-69-97-79,0.03917599469423294
multi_comm,1,low_gravity,2,"0,3",6,81-71-94-51,0.03027031384408474
multi_comm,1,low_gravity,2,"0,3",7,61-89-64-54,0.014281644485890865
multi_comm,1,low_gravity,2,"0,3",8,92-90-93-76,0.033399827778339386
multi_comm,1,low_gravity,2,"0,3",9,95-84-52-62,0.05943508818745613
multi_comm,1,low_gravity,2,"0,3",10,60-86-55-58,0.04298807308077812
multi_comm,1,low_gravity,2,"0,3",11,82-91-96-68,0.009903112426400185
multi_comm,1,low_gravity,2,"1,2",0,65-75-87-73,0.00567886745557189
multi_comm,1,low_gravity,2,"1,2",1,80-56-77-99,0.004008259158581495
multi_comm,1,low_gravity,2,"1,2",2,53-78-59-83,0.022859178483486176
multi_comm,1,low_gravity,2,"1,2",3,66-74-50-70,0.021199878305196762
multi_comm,1,low_gravity,2,"1,2",4,72-57-98-85,0.0098108546808362
multi_comm,1,low_gravity,2,"1,2",5,67-69-97-79,0.014381458051502705
multi_comm,1,low_gravity,2,"1,2",6,81-71-94-51,0.026525896042585373
multi_comm,1,low_gravity,2,"1,2",7,61-89-64-54,0.009664470329880714
multi_comm,1,low_gravity,2,"1,2",8,92-90-93-76,0.016148608177900314
multi_comm,1,low_gravity,2,"1,2",9,95-84-52-62,0.013438125140964985
multi_comm,1,low_gravity,2,"1,2",10,60-86-55-58,-0.005728941410779953
multi_comm,1,low_gravity,2,"1,2",11,82-91-96-68,0.013061104342341423
multi_comm,1,low_gravity,2,"1,3",0,65-75-87-73,-0.0006751853507012129
multi_comm,1,low_gravity,2,"1,3",1,80-56-77-99,0.010287310928106308
multi_comm,1,low_gravity,2,"1,3",2,53-78-59-83,0.003108689095824957
multi_comm,1,low_gravity,2,"1,3",3,66-74-50-70,0.009294678457081318
multi_comm,1,low_gravity,2,"1,3",4,72-57-98-85,0.036124613136053085
multi_comm,1,low_gravity,2,"1,3",5,67-69-97-79,0.015379458665847778
multi_comm,1,low_gravity,2,"1,3",6,81-71-94-51,0.018186569213867188
multi_comm,1,low_gravity,2,"1,3",7,61-89-64-54,0.011745420284569263
multi_comm,1,low_gravity,2,"1,3",8,92-90-93-76,0.002135297516360879
multi_comm,1,low_gravity,2,"1,3",9,95-84-52-62,0.005580678582191467
multi_comm,1,low_gravity,2,"1,3",10,60-86-55-58,0.0030171796679496765
multi_comm,1,low_gravity,2,"1,3",11,82-91-96-68,0.013163616880774498
multi_comm,1,low_gravity,2,"2,3",0,65-75-87-73,0.022575095295906067
multi_comm,1,low_gravity,2,"2,3",1,80-56-77-99,0.024884214624762535
multi_comm,1,low_gravity,2,"2,3",2,53-78-59-83,0.025470243766903877
multi_comm,1,low_gravity,2,"2,3",3,66-74-50-70,0.009353120811283588
multi_comm,1,low_gravity,2,"2,3",4,72-57-98-85,0.029469672590494156
multi_comm,1,low_gravity,2,"2,3",5,67-69-97-79,0.036705441772937775
multi_comm,1,low_gravity,2,"2,3",6,81-71-94-51,0.021632544696331024
multi_comm,1,low_gravity,2,"2,3",7,61-89-64-54,0.031424812972545624
multi_comm,1,low_gravity,2,"2,3",8,92-90-93-76,0.029368087649345398
multi_comm,1,low_gravity,2,"2,3",9,95-84-52-62,0.023000208660960197
multi_comm,1,low_gravity,2,"2,3",10,60-86-55-58,0.020386897027492523
multi_comm,1,low_gravity,2,"2,3",11,82-91-96-68,0.03238051384687424
multi_comm,1,low_gravity,3,"0,1,2",0,65-75-87-73,0.003787968773394823
multi_comm,1,low_gravity,3,"0,1,2",1,80-56-77-99,0.007533214055001736
multi_comm,1,low_gravity,3,"0,1,2",2,53-78-59-83,0.02389170415699482
multi_comm,1,low_gravity,3,"0,1,2",3,66-74-50-70,0.01635243557393551
multi_comm,1,low_gravity,3,"0,1,2",4,72-57-98-85,0.006801164709031582
multi_comm,1,low_gravity,3,"0,1,2",5,67-69-97-79,0.006272883620113134
multi_comm,1,low_gravity,3,"0,1,2",6,81-71-94-51,0.00270430208183825
multi_comm,1,low_gravity,3,"0,1,2",7,61-89-64-54,0.008854645304381847
multi_comm,1,low_gravity,3,"0,1,2",8,92-90-93-76,0.006408920511603355
multi_comm,1,low_gravity,3,"0,1,2",9,95-84-52-62,0.009746575728058815
multi_comm,1,low_gravity,3,"0,1,2",10,60-86-55-58,0.006980488542467356
multi_comm,1,low_gravity,3,"0,1,2",11,82-91-96-68,0.021141445264220238
multi_comm,1,low_gravity,3,"0,1,3",0,65-75-87-73,0.0004409014945849776
multi_comm,1,low_gravity,3,"0,1,3",1,80-56-77-99,0.013198189437389374
multi_comm,1,low_gravity,3,"0,1,3",2,53-78-59-83,0.009572110138833523
multi_comm,1,low_gravity,3,"0,1,3",3,66-74-50-70,-0.0023642696905881166
multi_comm,1,low_gravity,3,"0,1,3",4,72-57-98-85,0.030793946236371994
multi_comm,1,low_gravity,3,"0,1,3",5,67-69-97-79,0.0011406667763367295
multi_comm,1,low_gravity,3,"0,1,3",6,81-71-94-51,0.0060526602901518345
multi_comm,1,low_gravity,3,"0,1,3",7,61-89-64-54,0.014366351068019867
multi_comm,1,low_gravity,3,"0,1,3",8,92-90-93-76,0.006797891575843096
multi_comm,1,low_gravity,3,"0,1,3",9,95-84-52-62,0.010747588239610195
multi_comm,1,low_gravity,3,"0,1,3",10,60-86-55-58,0.009384755045175552
multi_comm,1,low_gravity,3,"0,1,3",11,82-91-96-68,0.02119205705821514
multi_comm,1,low_gravity,3,"0,2,3",0,65-75-87-73,0.002106938511133194
multi_comm,1,low_gravity,3,"0,2,3",1,80-56-77-99,-0.012888212688267231
multi_comm,1,low_gravity,3,"0,2,3",2,53-78-59-83,0.01322106271982193
multi_comm,1,low_gravity,3,"0,2,3",3,66-74-50-70,0.03681328520178795
multi_comm,1,low_gravity,3,"0,2,3",4,72-57-98-85,0.021079709753394127
multi_comm,1,low_gravity,3,"0,2,3",5,67-69-97-79,0.01535484753549099
multi_comm,1,low_gravity,3,"0,2,3",6,81-71-94-51,0.022854864597320557
multi_comm,1,low_gravity,3,"0,2,3",7,61-89-64-54,0.016715683043003082
multi_comm,1,low_gravity,3,"0,2,3",8,92-90-93-76,0.0026257396675646305
multi_comm,1,low_gravity,3,"0,2,3",9,95-84-52-62,0.0224330872297287
multi_comm,1,low_gravity,3,"0,2,3",10,60-86-55-58,0.01860908605158329
multi_comm,1,low_gravity,3,"0,2,3",11,82-91-96-68,0.00875888206064701
multi_comm,1,low_gravity,3,"1,2,3",0,65-75-87-73,0.013796409592032433
multi_comm,1,low_gravity,3,"1,2,3",1,80-56-77-99,0.00462995283305645
multi_comm,1,low_gravity,3,"1,2,3",2,53-78-59-83,0.0009906782070174813
multi_comm,1,low_gravity,3,"1,2,3",3,66-74-50-70,0.014051596634089947
multi_comm,1,low_gravity,3,"1,2,3",4,72-57-98-85,0.011882798746228218
multi_comm,1,low_gravity,3,"1,2,3",5,67-69-97-79,0.01619720831513405
multi_comm,1,low_gravity,3,"1,2,3",6,81-71-94-51,0.014242701232433319
multi_comm,1,low_gravity,3,"1,2,3",7,61-89-64-54,0.008208413608372211
multi_comm,1,low_gravity,3,"1,2,3",8,92-90-93-76,0.011025100946426392
multi_comm,1,low_gravity,3,"1,2,3",9,95-84-52-62,0.009838605299592018
multi_comm,1,low_gravity,3,"1,2,3",10,60-86-55-58,-0.0007902772049419582
multi_comm,1,low_gravity,3,"1,2,3",11,82-91-96-68,0.007043234072625637
multi_comm,1,low_gravity,4,"0,1,2,3",0,65-75-87-73,0.007748192176222801
multi_comm,1,low_gravity,4,"0,1,2,3",1,80-56-77-99,0.007818995043635368
multi_comm,1,low_gravity,4,"0,1,2,3",2,53-78-59-83,0.007722633425146341
multi_comm,1,low_gravity,4,"0,1,2,3",3,66-74-50-70,0.0076663196086883545
multi_comm,1,low_gravity,4,"0,1,2,3",4,72-57-98-85,0.007521089166402817
multi_comm,1,low_gravity,4,"0,1,2,3",5,67-69-97-79,0.007829532958567142
multi_comm,1,low_gravity,4,"0,1,2,3",6,81-71-94-51,0.007681409362703562
multi_comm,1,low_gravity,4,"0,1,2,3",7,61-89-64-54,0.007792007178068161
multi_comm,1,low_gravity,4,"0,1,2,3",8,92-90-93-76,0.00780255114659667
multi_comm,1,low_gravity,4,"0,1,2,3",9,95-84-52-62,0.007765465881675482
multi_comm,1,low_gravity,4,"0,1,2,3",10,60-86-55-58,0.007672078441828489
multi_comm,1,low_gravity,4,"0,1,2,3",11,82-91-96-68,0.007830115966498852
flat,2,in_dist,0,,0,56-90-83-88,0.17484451830387115
flat,2,in_dist,0,,1,57-96-78-95,0.4362592101097107
flat,2,in_dist,0,,2,55-84-62-68,0.4073362946510315
flat,2,in_dist,0,,3,77-53-59-89,0.13439403474330902
flat,2,in_dist,0,,4,92-73-50-76,0.33455702662467957
flat,2,in_dist,0,,5,54-60-64-91,0.16535525023937225
flat,2,in_dist,0,,6,66-93-65-98,0.331106960773468
flat,2,in_dist,0,,7,63-74-70-75,0.45976966619491577
flat,2,in_dist,0,,8,72-99-52-61,0.23723720014095306
flat,2,in_dist,0,,9,82-94-97-67,0.25247496366500854
flat,2,in_dist,0,,10,69-87-71-79,0.10041748732328415
flat,2,in_dist,0,,11,81-80-85-86,0.4356677532196045
flat,2,in_dist,1,0,0,56-90-83-88,0.047337181866168976
flat,2,in_dist,1,0,1,57-96-78-95,0.057525884360075
flat,2,in_dist,1,0,2,55-84-62-68,0.02278369665145874
flat,2,in_dist,1,0,3,77-53-59-89,0.08621853590011597
flat,2,in_dist,1,0,4,92-73-50-76,0.11353310197591782
flat,2,in_dist,1,0,5,54-60-64-91,0.11380884051322937
flat,2,in_dist,1,0,6,66-93-65-98,-0.020148854702711105
flat,2,in_dist,1,0,7,63-74-70-75,0.2959447503089905
flat,2,in_dist,1,0,8,72-99-52-61,0.026433102786540985
flat,2,in_dist,1,0,9,82-94-97-67,0.11603957414627075
flat,2,in_dist,1,0,10,69-87-71-79,0.03553587198257446
flat,2,in_dist,1,0,11,81-80-85-86,0.02484317310154438
flat,2,in_dist,1,1,0,56-90-83-88,0.00856388546526432
flat,2,in_dist,1,1,1,57-96-78-95,0.02877672016620636
flat,2,in_dist,1,1,2,55-84-62-68,0.020458579063415527
flat,2,in_dist,1,1,3,77-53-59-89,0.0011045238934457302
flat,2,in_dist,1,1,4,92-73-50-76,0.014146986417472363
flat,2,in_dist,1,1,5,54-60-64-91,0.009517763741314411
flat,2,in_dist,1,1,6,66-93-65-98,0.02042558416724205
flat,2,in_dist,1,1,7,63-74-70-75,0.007044665049761534
flat,2,in_dist,1,1,8,72-99-52-61,0.00021792712504975498
flat,2,in_dist,1,1,9,82-94-97-67,0.019765697419643402
flat,2,in_dist,1,1,10,69-87-71-79,0.026526939123868942
flat,2,in_dist,1,1,11,81-80-85-86,0.017614811658859253
flat,2,in_dist,1,2,0,56-90-83-88,-0.0005289888940751553
flat,2,in_dist,1,2,1,57-96-78-95,-0.002529796678572893
flat,2,in_dist,1,2,2,55-84-62-68,0.06872350722551346
flat,2,in_dist,1,2,3,77-53-59-89,0.030525382608175278
flat,2,in_dist,1,2,4,92-73-50-76,0.012356912717223167
flat,2,in_dist,1,2,5,54-60-64-91,0.008105997927486897
flat,2,in_dist,1,2,6,66-93-65-98,0.03894316032528877
flat,2,in_dist,1,2,7,63-74-70-75,-0.021055251359939575
flat,2,in_dist,1,2,8,72-99-52-61,0.045209527015686035
flat,2,in_dist,1,2,9,82-94-97-67,0.050187766551971436
flat,2,in_dist,1,2,10,69-87-71-79,-0.009949500672519207
flat,2,in_dist,1,2,11,81-80-85-86,0.1028348058462143
flat,2,in_dist,1,3,0,56-90-83-88,-0.006446714047342539
flat,2,in_dist,1,3,1,57-96-78-95,0.13933563232421875
flat,2,in_dist,1,3,2,55-84-62-68,0.13923518359661102
flat,2,in_dist,1,3,3,77-53-59-89,0.0694228783249855
flat,2,in_dist,1,3,4,92-73-50-76,0.09947113692760468
flat,2,in_dist,1,3,5,54-60-64-91,0.10575558245182037
flat,2,in_dist,1,3,6,66-93-65-98,0.30528774857521057
flat,2,in_dist,1,3,7,63-74-70-75,0.000264289032202214
flat,2,in_dist,1,3,8,72-99-52-61,0.06671563535928726
flat,2,in_dist,1,3,9,82-94-97-67,0.060652755200862885
flat,2,in_dist,1,3,10,69-87-71-79,0.00820843130350113
flat,2,in_dist,1,3,11,81-80-85-86,0.2397862821817398
flat,2,in_dist,2,"0,1",0,56-90-83-88,0.007637756876647472
flat,2,in_dist,2,"0,1",1,57-96-78-95,0.027746878564357758
flat,2,in_dist,2,"0,1",2,55-84-62-68,0.01991705596446991
flat,2,in_dist,2,"0,1",3,77-53-59-89,0.0008568293415009975
flat,2,in_dist,2,"0,1",4,92-73-50-76,0.011567099951207638
flat,2,in_dist,2,"0,1",5,54-60-64-91,0.010719346813857555
flat,2,in_dist,2,"0,1",6,66-93-65-98,0.020033961161971092
flat,2,in_dist,2,"0,1",7,63-74-70-75,0.007542993873357773
flat,2,in_dist,2,"0,1",8,72-99-52-61,0.03158167004585266
flat,2,in_dist,2,"0,1",9,82-94-97-67,0.01665974035859108
flat,2,in_dist,2,"0,1",10,69-87-71-79,0.026325887069106102
flat,2,in_dist,2,"0,1",11,81-80-85-86,0.018389899283647537
flat,2,in_dist,2,"0,2",0,56-90-83-88,0.0012065833434462547
flat,2,in_dist,2,"0,2",1,57-96-78-95,0.003210186492651701
flat,2,in_dist,2,"0,2",2,55-84-62-68,0.0017318030586466193
flat,2,in_dist,2,"0,2",3,77-53-59-89,0.0012972033582627773
flat,2,in_dist,2,"0,2",4,92-73-50-76,0.002129992702975869
flat,2,in_dist,2,"0,2",5,54-60-64-91,0.001739122555591166
flat,2,in_dist,2,"0,2",6,66-93-65-98,0.0018647199030965567
flat,2,in_dist,2,"0,2",7,63-74-70-75,0.0014655472477898002
flat,2,in_dist,2,"0,2",8,72-99-52-61,0.0029437250923365355
flat,2,in_dist,2,"0,2",9,82-94-97-67,0.0030545908957719803
flat,2,in_dist,2,"0,2",10,69-87-71-79,0.0024130085948854685
flat,2,in_dist,2,"0,2",11,81-80-85-86,0.0016853588167577982
flat,2,in_dist,2,"0,3",0,56-90-83-88,-0.02235862798988819
flat,2,in_dist,2,"0,3",1,57-96-78-95,0.026955805718898773
flat,2,in_dist,2,"0,3",2,55-84-62-68,0.02467748522758484
flat,2,in_dist,2,"0,3",3,77-53-59-89,0.032516974955797195
flat,2,in_dist,2,"0,3",4,92-73-50-76,0.018605345860123634
flat,2,in_dist,2,"0,3",5,54-60-64-91,0.05014873668551445
flat,2,in_dist,2,"0,3",6,66-93-65-98,-0.04777173697948456
flat,2,in_dist,2,"0,3",7,63-74-70-75,0.05127334222197533
flat,2,in_dist,2,"0,3",8,72-99-52-61,0.01500969659537077
flat,2,in_dist,2,"0,3",9,82-94-97-67,-0.008872145786881447
flat,2,in_dist,2,"0,3",10,69-87-71-79,-0.009893185459077358
flat,2,in_dist,2,"0,3",11,81-80-85-86,0.007145239040255547
flat,2,in_dist,2,"1,2",0,56-90-83-88,0.0017349844565615058
flat,2,in_dist,2,"1,2",1,57-96-78-95,0.0023823853116482496
flat,2,in_dist,2,"1,2",2,55-84-62-68,0.0025386803317815065
flat,2,in_dist,2,"1,2",3,77-53-59-89,0.0015214992454275489
flat,2,in_dist,2,"1,2",4,92-73-50-76,0.0015984347555786371
flat,2,in_dist,2,"1,2",5,54-60-64-91,0.0016765139298513532
flat,2,in_dist,2,"1,2",6,66-93-65-98,0.0020220389124006033
flat,2,in_dist,2,"1,2",7,63-74-70-75,0.002499287249520421
flat,2,in_dist,2,"1,2",8,72-99-52-61,0.0029994314536452293
flat,2,in_dist,2,"1,2",9,82-94-97-67,0.0034431484527885914
flat,2,in_dist,2,"1,2",10,69-87-71-79,0.002531859092414379
flat,2,in_dist,2,"1,2",11,81-80-85-86,0.0014076769584789872
flat,2,in_dist,2,"1,3",0,56-90-83-88,0.002334172371774912
flat,2,in_dist,2,"1,3",1,57-96-78-95,0.0025267447344958782
flat,2,in_dist,2,"1,3",2,55-84-62-68,0.0032314273994416
flat,2,in_dist,2,"1,3",3,77-53-59-89,0.0013110855361446738
flat,2,in_dist,2,"1,3",4,92-73-50-76,0.0022462268825620413
flat,2,in_dist,2,"1,3",5,54-60-64-91,0.0014700870960950851
flat,2,in_dist,2,"1,3",6,66-93-65-98,0.0021307498682290316
flat,2,in_dist,2,"1,3",7,63-74-70-75,0.003127529053017497
flat,2,in_dist,2,"1,3",8,72-99-52-61,0.0013227637391537428
flat,2,in_dist,2,"1,3",9,82-94-97-67,0.0015201895730569959
flat,2,in_dist,2,"1,3",10,69-87-71-79,0.002345537068322301
flat,2,in_dist,2,"1,3",11,81-80-85-86,0.001523406244814396
flat,2,in_dist,2,"2,3",0,56-90-83-88,-0.0006439941935241222
flat,2,in_dist,2,"2,3",1,57-96-78-95,-0.0047606658190488815
flat,2,in_dist,2,"2,3",2,55-84-62-68,0.06983327865600586
flat,2,in_dist,2,"2,3",3,77-53-59-89,0.0297227893024683
flat,2,in_dist,2,"2,3",4,92-73-50-76,0.012045302428305149
flat,2,in_dist,2,"2,3",5,54-60-64-91,0.007661506067961454
flat,2,in_dist,2,"2,3",6,66-93-65-98,0.03820287063717842
flat,2,in_dist,2,"2,3",7,63-74-70-75,-0.02179272659122944
flat,2,in_dist,2,"2,3",8,72-99-52-61,0.043456848710775375
flat,2,in_dist,2,"2,3",9,82-94-97-67,0.04536493495106697
flat,2,in_dist,2,"2,3",10,69-87-71-79,-0.01087169162929058
flat,2,in_dist,2,"2,3",11,81-80-85-86,0.10252486914396286
flat,2,in_dist,3,"0,1,2",0,56-90-83-88,0.001266862847842276
flat,2,in_dist,3,"0,1,2",1,57-96-78-95,0.002715449081733823
flat,2,in_dist,3,"0,1,2",2,55-84-62-68,0.0021156531292945147
flat,2,in_dist,3,"0,1,2",3,77-53-59-89,0.0016430533723905683
flat,2,in_dist,3,"0,1,2",4,92-73-50-76,0.0016670493641868234
flat,2,in_dist,3,"0,1,2",5,54-60-64-91,0.0016030801925808191
flat,2,in_dist,3,"0,1,2",6,66-93-65-98,0.0019484327640384436
flat,2,in_dist,3,"0,1,2",7,63-74-70-75,0.0019789529033005238
flat,2,in_dist,3,"0,1,2",8,72-99-52-61,0.003292956156656146
flat,2,in_dist,3,"0,1,2",9,82-94-97-67,0.0031765676103532314
flat,2,in_dist,3,"0,1,2",10,69-87-71-79,0.002249578945338726
flat,2,in_dist,3,"0,1,2",11,81-80-85-86,0.002315342193469405
flat,2,in_dist,3,"0,1,3",0,56-90-83-88,0.0016799467848613858
flat,2,in_dist,3,"0,1,3",1,57-96-78-95,0.002809871919453144
flat,2,in_dist,3,"0,1,3",2,55-84-62-68,0.002812570659443736
flat,2,in_dist,3,"0,1,3",3,77-53-59-89,0.001565081998705864
flat,2,in_dist,3,"0,1,3",4,92-73-50-76,0.0022876434959471226
flat,2,in_dist,3,"0,1,3",5,54-60-64-91,0.0014779112534597516
flat,2,in_dist,3,"0,1,3",6,66-93-65-98,0.0020342960488051176
flat,2,in_dist,3,"0,1,3",7,63-74-70-75,0.002500919159501791
flat,2,in_dist,3,"0,1,3",8,72-99-52-61,0.0017676487332209945
flat,2,in_dist,3,"0,1,3",9,82-94-97-67,0.0013396992580965161
flat,2,in_dist,3,"0,1,3",10,69-87-71-79,0.0020561169367283583
flat,2,in_dist,3,"0,1,3",11,81-80-85-86,0.002440672367811203
flat,2,in_dist,3,"0,2,3",0,56-90-83-88,0.0012597932945936918
flat,2,in_dist,3,"0,2,3",1,57-96-78-95,0.0031127098482102156
flat,2,in_dist,3,"0,2,3",2,55-84-62-68,0.001354969572275877
flat,2,in_dist,3,"0,2,3",3,77-53-59-89,0.0012449400965124369
flat,2,in_dist,3,"0,2,3",4,92-73-50-76,0.002327560679987073
flat,2,in_dist,3,"0,2,3",5,54-60-64-91,0.0017071114853024483
flat,2,in_dist,3,"0,2,3",6,66-93-65-98,0.0016001667827367783
flat,2,in_dist,3,"0,2,3",7,63-74-70-75,0.0013858622405678034
flat,2,in_dist,3,"0,2,3",8,72-99-52-61,0.0023793973959982395
flat,2,in_dist,3,"0,2,3",9,82-94-97-67,0.0015410247724503279
flat,2,in_dist,3,"0,2,3",10,69-87-71-79,0.0020111380144953728
flat,2,in_dist,3,"0,2,3",11,81-80-85-86,0.0011719174217432737
flat,2,in_dist,3,"1,2,3",0,56-90-83-88,0.001888479571789503
flat,2,in_dist,3,"1,2,3",1,57-96-78-95,0.0023557611275464296
flat,2,in_dist,3,"1,2,3",2,55-84-62-68,0.0021834697108715773
flat,2,in_dist,3,"1,2,3",3,77-53-59-89,0.001491440343670547
flat,2,in_dist,3,"1,2,3",4,92-73-50-76,0.0017604312160983682
flat,2,in_dist,3,"1,2,3",5,54-60-64-91,0.0016283649019896984
flat,2,in_dist,3,"1,2,3",6,66-93-65-98,0.0017315394943580031
flat,2,in_dist,3,"1,2,3",7,63-74-70-75,0.0023958473466336727
flat,2,in_dist,3,"1,2,3",8,72-99-52-61,0.002455678302794695
flat,2,in_dist,3,"1,2,3",9,82-94-97-67,0.0019253343343734741
flat,2,in_dist,3,"1,2,3",10,69-87-71-79,0.0021378628443926573
flat,2,in_dist,3,"1,2,3",11,81-80-85-86,0.000856144237332046
flat,2,in_dist,4,"0,1,2,3",0,56-90-83-88,0.0014172304654493928
flat,2,in_dist,4,"0,1,2,3",1,57-96-78-95,0.0026389651466161013
flat,2,in_dist,4,"0,1,2,3",2,55-84-62-68,0.0017482911935076118
flat,2,in_dist,4,"0,1,2,3",3,77-53-59-89,0.0015728382859379053
flat,2,in_dist,4,"0,1,2,3",4,92-73-50-76,0.0018314521294087172
flat,2,in_dist,4,"0,1,2,3",5,54-60-64-91,0.0015658627962693572
flat,2,in_dist,4,"0,1,2,3",6,66-93-65-98,0.0016481580678373575
flat,2,in_dist,4,"0,1,2,3",7,63-74-70-75,0.0018751086900010705
flat,2,in_dist,4,"0,1,2,3",8,72-99-52-61,0.0027400199323892593
flat,2,in_dist,4,"0,1,2,3",9,82-94-97-67,0.0016620594542473555
flat,2,in_dist,4,"0,1,2,3",10,69-87-71-79,0.001885885139927268
flat,2,in_dist,4,"0,1,2,3",11,81-80-85-86,0.0017263703048229218
flat,2,wind,0,,0,56-90-83-88,0.14920103549957275
flat,2,wind,0,,1,57-96-78-95,0.31582796573638916
flat,2,wind,0,,2,55-84-62-68,0.14005815982818604
flat,2,wind,0,,3,77-53-59-89,0.11119479686021805
flat,2,wind,0,,4,92-73-50-76,0.24823355674743652
flat,2,wind,0,,5,54-60-64-91,0.05209388583898544
flat,2,wind,0,,6,66-93-65-98,0.19726376235485077
flat,2,wind,0,,7,63-74-70-75,0.20611572265625
flat,2,wind,0,,8,72-99-52-61,0.2067735493183136
flat,2,wind,0,,9,82-94-97-67,0.1686006784439087
flat,2,wind,0,,10,69-87-71-79,0.09704789519309998
flat,2,wind,0,,11,81-80-85-86,0.31303098797798157
flat,2,wind,1,0,0,56-90-83-88,0.01777401752769947
flat,2,wind,1,0,1,57-96-78-95,0.09752072393894196
flat,2,wind,1,0,2,55-84-62-68,0.0785575732588768
flat,2,wind,1,0,3,77-53-59-89,0.08401507139205933
flat,2,wind,1,0,4,92-73-50-76,-0.07558225840330124
flat,2,wind,1,0,5,54-60-64-91,0.018887409940361977
flat,2,wind,1,0,6,66-93-65-98,0.1445058286190033
flat,2,wind,1,0,7,63-74-70-75,0.1390741616487503
flat,2,wind,1,0,8,72-99-52-61,-0.00727565074339509
flat,2,wind,1,0,9,82-94-97-67,-0.06462613493204117
flat,2,wind,1,0,10,69-87-71-79,0.0010833449196070433
flat,2,wind,1,0,11,81-80-85-86,0.05958441272377968
flat,2,wind,1,1,0,56-90-83-88,0.04830392450094223
flat,2,wind,1,1,1,57-96-78-95,0.105441153049469
flat,2,wind,1,1,2,55-84-62-68,0.06669439375400543
flat,2,wind,1,1,3,77-53-59-89,0.07430270314216614
flat,2,wind,1,1,4,92-73-50-76,0.14751537144184113
flat,2,wind,1,1,5,54-60-64-91,0.001111046178266406
flat,2,wind,1,1,6,66-93-65-98,0.04212880879640579
flat,2,wind,1,1,7,63-74-70-75,0.033766914159059525
flat,2,wind,1,1,8,72-99-52-61,-0.051857251673936844
flat,2,wind,1,1,9,82-94-97-67,0.11644749343395233
flat,2,wind,1,1,10,69-87-71-79,0.09437310695648193
flat,2,wind,1,1,11,81-80-85-86,0.053362246602773666
flat,2,wind,1,2,0,56-90-83-88,0.027606721967458725
flat,2,wind,1,2,1,57-96-78-95,0.06251953542232513
flat,2,wind,1,2,2,55-84-62-68,0.15534885227680206
flat,2,wind,1,2,3,77-53-59-89,0.09712361544370651
flat,2,wind,1,2,4,92-73-50-76,0.19610822200775146
flat,2,wind,1,2,5,54-60-64-91,-0.006723963655531406
flat,2,wind,1,2,6,66-93-65-98,0.06973365694284439
flat,2,wind,1,2,7,63-74-70-75,0.013000915758311749
flat,2,wind,1,2,8,72-99-52-61,0.12201697379350662
flat,2,wind,1,2,9,82-94-97-67,0.10555467009544373
flat,2,wind,1,2,10,69-87-71-79,0.0028674372006207705
flat,2,wind,1,2,11,81-80-85-86,0.12755604088306427
flat,2,wind,1,3,0,56-90-83-88,-0.020499318838119507
flat,2,wind,1,3,1,57-96-78-95,0.24210917949676514
flat,2,wind,1,3,2,55-84-62-68,0.17158421874046326
flat,2,wind,1,3,3,77-53-59-89,0.033566780388355255
flat,2,wind,1,3,4,92-73-50-76,0.28710484504699707
flat,2,wind,1,3,5,54-60-64-91,0.15211105346679688
flat,2,wind,1,3,6,66-93-65-98,0.17214347422122955
flat,2,wind,1,3,7,63-74-70-75,0.1696384698152542
flat,2,wind,1,3,8,72-99-52-61,0.2953517436981201
flat,2,wind,1,3,9,82-94-97-67,0.0581781230866909
flat,2,wind,1,3,10,69-87-71-79,-0.06519745290279388
flat,2,wind,1,3,11,81-80-85-86,0.29569101333618164
flat,2,wind,2,"0,1",0,56-90-83-88,0.0478835329413414
flat,2,wind,2,"0,1",1,57-96-78-95,0.10532910376787186
flat,2,wind,2,"0,1",2,55-84-62-68,0.05893704295158386
flat,2,wind,2,"0,1",3,77-53-59-89,0.06388479471206665
flat,2,wind,2,"0,1",4,92-73-50-76,0.1372394859790802
flat,2,wind,2,"0,1",5,54-60-64-91,0.0016049756668508053
flat,2,wind,2,"0,1",6,66-93-65-98,0.04534667730331421
flat,2,wind,2,"0,1",7,63-74-70-75,0.034835487604141235
flat,2,wind,2,"0,1",8,72-99-52-61,-0.059133131057024
flat,2,wind,2,"0,1",9,82-94-97-67,0.1022360697388649
flat,2,wind,2,"0,1",10,69-87-71-79,0.08632325381040573
flat,2,wind,2,"0,1",11,81-80-85-86,0.048204969614744186
flat,2,wind,2,"0,2",0,56-90-83-88,0.015615241602063179
flat,2,wind,2,"0,2",1,57-96-78-95,0.028101908043026924
flat,2,wind,2,"0,2",2,55-84-62-68,0.027808379381895065
flat,2,wind,2,"0,2",3,77-53-59-89,0.02077016793191433
flat,2,wind,2,"0,2",4,92-73-50-76,0.02405412122607231
flat,2,wind,2,"0,2",5,54-60-64-91,0.01778939738869667
flat,2,wind,2,"0,2",6,66-93-65-98,0.018388522788882256
flat,2,wind,2,"0,2",7,63-74-70-75,0.020702660083770752
flat,2,wind,2,"0,2",8,72-99-52-61,0.03214507922530174
flat,2,wind,2,"0,2",9,82-94-97-67,0.017582878470420837
flat,2,wind,2,"0,2",10,69-87-71-79,0.004456652328372002
flat,2,wind,2,"0,2",11,81-80-85-86,0.0042508551850914955
flat,2,wind,2,"0,3",0,56-90-83-88,0.01374785415828228
flat,2,wind,2,"0,3",1,57-96-78-95,0.08696945011615753
flat,2,wind,2,"0,3",2,55-84-62-68,0.05913178250193596
flat,2,wind,2,"0,3",3,77-53-59-89,0.011932536028325558
flat,2,wind,2,"0,3",4,92-73-50-76,0.004783956333994865
flat,2,wind,2,"0,3",5,54-60-64-91,0.04797405004501343
flat,2,wind,2,"0,3",6,66-93-65-98,0.07262887060642242
flat,2,wind,2,"0,3",7,63-74-70-75,0.09394470602273941
flat,2,wind,2,"0,3",8,72-99-52-61,0.021449556574225426
flat,2,wind,2,"0,3",9,82-94-97-67,0.09852065145969391
flat,2,wind,2,"0,3",10,69-87-71-79,-0.058868687599897385
flat,2,wind,2,"0,3",11,81-80-85-86,0.04267427697777748
flat,2,wind,2,"1,2",0,56-90-83-88,0.012243501842021942
flat,2,wind,2,"1,2",1,57-96-78-95,0.013269580900669098
flat,2,wind,2,"1,2",2,55-84-62-68,0.044347453862428665
flat,2,wind,2,"1,2",3,77-53-59-89,0.024865448474884033
flat,2,wind,2,"1,2",4,92-73-50-76,0.021283039823174477
flat,2,wind,2,"1,2",5,54-60-64-91,0.014767496846616268
flat,2,wind,2,"1,2",6,66-93-65-98,0.014737164601683617
flat,2,wind,2,"1,2",7,63-74-70-75,0.023522382602095604
flat,2,wind,2,"1,2",8,72-99-52-61,0.031060840934515
flat,2,wind,2,"1,2",9,82-94-97-67,0.02366987243294716
flat,2,wind,2,"1,2",10,69-87-71-79,0.023655975237488747
flat,2,wind,2,"1,2",11,81-80-85-86,0.015693752095103264
flat,2,wind,2,"1,3",0,56-90-83-88,0.017299000173807144
flat,2,wind,2,"1,3",1,57-96-78-95,0.017221326008439064
flat,2,wind,2,"1,3",2,55-84-62-68,0.029846785590052605
flat,2,wind,2,"1,3",3,77-53-59-89,0.027701109647750854
flat,2,wind,2,"1,3",4,92-73-50-76,0.017299363389611244
flat,2,wind,2,"1,3",5,54-60-64-91,0.017200620844960213
flat,2,wind,2,"1,3",6,66-93-65-98,0.0169758852571249
flat,2,wind,2,"1,3",7,63-74-70-75,0.024625957012176514
flat,2,wind,2,"1,3",8,72-99-52-61,0.01559710968285799
flat,2,wind,2,"1,3",9,82-94-97-67,0.01635320670902729
flat,2,wind,2,"1,3",10,69-87-71-79,0.023719092831015587
flat,2,wind,2,"1,3",11,81-80-85-86,0.017895260825753212
flat,2,wind,2,"2,3",0,56-90-83-88,0.03354242816567421
flat,2,wind,2,"2,3",1,57-96-78-95,0.05956559628248215
flat,2,wind,2,"2,3",2,55-84-62-68,0.15312857925891876
flat,2,wind,2,"2,3",3,77-53-59-89,0.09395746141672134
flat,2,wind,2,"2,3",4,92-73-50-76,0.21047282218933105
flat,2,wind,2,"2,3",5,54-60-64-91,-0.012884659692645073
flat,2,wind,2,"2,3",6,66-93-65-98,0.061119548976421356
flat,2,wind,2,"2,3",7,63-74-70-75,0.02706126496195793
flat,2,wind,2,"2,3",8,72-99-52-61,0.11586280912160873
flat,2,wind,2,"2,3",9,82-94-97-67,0.09576819092035294
flat,2,wind,2,"2,3",10,69-87-71-79,0.007211254443973303
flat,2,wind,2,"2,3",11,81-80-85-86,0.13085003197193146
flat,2,wind,3,"0,1,2",0,56-90-83-88,0.0105689512565732
flat,2,wind,3,"0,1,2",1,57-96-78-95,0.019453218206763268
flat,2,wind,3,"0,1,2",2,55-84-62-68,0.02969701588153839
flat,2,wind,3,"0,1,2",3,77-53-59-89,0.01968521997332573
flat,2,wind,3,"0,1,2",4,92-73-50-76,0.02254430390894413
flat,2,wind,3,"0,1,2",5,54-60-64-91,0.016811290755867958
flat,2,wind,3,"0,1,2",6,66-93-65-98,0.010188219137489796
flat,2,wind,3,"0,1,2",7,63-74-70-75,0.023928314447402954
flat,2,wind,3,"0,1,2",8,72-99-52-61,0.03408654034137726
flat,2,wind,3,"0,1,2",9,82-94-97-67,0.016081416979432106
flat,2,wind,3,"0,1,2",10,69-87-71-79,0.016606329008936882
flat,2,wind,3,"0,1,2",11,81-80-85-86,0.005579902324825525
flat,2,wind,3,"0,1,3",0,56-90-83-88,0.01633322611451149
flat,2,wind,3,"0,1,3",1,57-96-78-95,0.021070556715130806
flat,2,wind,3,"0,1,3",2,55-84-62-68,0.019081715494394302
flat,2,wind,3,"0,1,3",3,77-53-59-89,0.023023510351777077
flat,2,wind,3,"0,1,3",4,92-73-50-76,0.019926898181438446
flat,2,wind,3,"0,1,3",5,54-60-64-91,0.019507795572280884
flat,2,wind,3,"0,1,3",6,66-93-65-98,0.013278811238706112
flat,2,wind,3,"0,1,3",7,63-74-70-75,0.025308089330792427
flat,2,wind,3,"0,1,3",8,72-99-52-61,0.01757749542593956
flat,2,wind,3,"0,1,3",9,82-94-97-67,0.006379961501806974
flat,2,wind,3,"0,1,3",10,69-87-71-79,0.020892543718218803
flat,2,wind,3,"0,1,3",11,81-80-85-86,0.0060608163475990295
flat,2,wind,3,"0,2,3",0,56-90-83-88,0.019341470673680305
flat,2,wind,3,"0,2,3",1,57-96-78-95,0.030116330832242966
flat,2,wind,3,"0,2,3",2,55-84-62-68,0.011999239213764668
flat,2,wind,3,"0,2,3",3,77-53-59-89,0.015262492932379246
flat,2,wind,3,"0,2,3",4,92-73-50-76,0.01791583187878132
flat,2,wind,3,"0,2,3",5,54-60-64-91,0.018197569996118546
flat,2,wind,3,"0,2,3",6,66-93-65-98,0.0172005295753479
flat,2,wind,3,"0,2,3",7,63-74-70-75,0.018642161041498184
flat,2,wind,3,"0,2,3",8,72-99-52-61,0.022389693185687065
flat,2,wind,3,"0,2,3",9,82-94-97-67,0.010769414715468884
flat,2,wind,3,"0,2,3",10,69-87-71-79,0.005659692920744419
flat,2,wind,3,"0,2,3",11,81-80-85-86,0.003608538769185543
flat,2,wind,3,"1,2,3",0,56-90-83-88,0.015222163870930672
flat,2,wind,3,"1,2,3",1,57-96-78-95,0.013393804430961609
flat,2,wind,3,"1,2,3",2,55-84-62-68,0.027986010536551476
flat,2,wind,3,"1,2,3",3,77-53-59-89,0.020409053191542625
flat,2,wind,3,"1,2,3",4,92-73-50-76,0.014300823211669922
flat,2,wind,3,"1,2,3",5,54-60-64-91,0.015685949474573135
flat,2,wind,3,"1,2,3",6,66-93-65-98,0.01075299084186554
flat,2,wind,3,"1,2,3",7,63-74-70-75,0.018283575773239136
flat,2,wind,3,"1,2,3",8,72-99-52-61,0.024085571989417076
flat,2,wind,3,"1,2,3",9,82-94-97-67,0.01730462908744812
flat,2,wind,3,"1,2,3",10,69-87-71-79,0.02005041018128395
flat,2,wind,3,"1,2,3",11,81-80-85-86,0.015280823223292828
flat,2,wind,4,"0,1,2,3",0,56-90-83-88,0.01335823442786932
flat,2,wind,4,"0,1,2,3",1,57-96-78-95,0.023898867890238762
flat,2,wind,4,"0,1,2,3",2,55-84-62-68,0.014695110730826855
flat,2,wind,4,"0,1,2,3",3,77-53-59-89,0.013554413802921772
flat,2,wind,4,"0,1,2,3",4,92-73-50-76,0.01631178893148899
flat,2,wind,4,"0,1,2,3",5,54-60-64-91,0.018925998359918594
flat,2,wind,4,"0,1,2,3",6,66-93-65-98,0.009435221552848816
flat,2,wind,4,"0,1,2,3",7,63-74-70-75,0.01937789097428322
flat,2,wind,4,"0,1,2,3",8,72-99-52-61,0.026182815432548523
flat,2,wind,4,"0,1,2,3",9,82-94-97-67,0.010147295892238617
flat,2,wind,4,"0,1,2,3",10,69-87-71-79,0.01525618601590395
flat,2,wind,4,"0,1,2,3",11,81-80-85-86,0.005368525628000498
flat,2,sand,0,,0,56-90-83-88,0.12371715158224106
flat,2,sand,0,,1,57-96-78-95,0.37402138113975525
flat,2,sand,0,,2,55-84-62-68,0.31823644042015076
flat,2,sand,0,,3,77-53-59-89,0.1021726131439209
flat,2,sand,0,,4,92-73-50-76,0.30083537101745605
flat,2,sand,0,,5,54-60-64-91,0.1443665772676468
flat,2,sand,0,,6,66-93-65-98,0.24198584258556366
flat,2,sand,0,,7,63-74-70-75,0.3140003979206085
flat,2,sand,0,,8,72-99-52-61,0.1719018667936325
flat,2,sand,0,,9,82-94-97-67,0.21554645895957947
flat,2,sand,0,,10,69-87-71-79,0.07438885420560837
flat,2,sand,0,,11,81-80-85-86,0.3550926148891449
flat,2,sand,1,0,0,56-90-83-88,0.03854452818632126
flat,2,sand,1,0,1,57-96-78-95,0.07493997365236282
flat,2,sand,1,0,2,55-84-62-68,0.019800499081611633
flat,2,sand,1,0,3,77-53-59-89,0.07023520767688751
flat,2,sand,1,0,4,92-73-50-76,0.09771988540887833
flat,2,sand,1,0,5,54-60-64-91,0.10154677927494049
flat,2,sand,1,0,6,66-93-65-98,-0.012338757514953613
flat,2,sand,1,0,7,63-74-70-75,0.09676894545555115
flat,2,sand,1,0,8,72-99-52-61,0.024470577016472816
flat,2,sand,1,0,9,82-94-97-67,0.06652653217315674
flat,2,sand,1,0,10,69-87-71-79,0.02485518343746662
flat,2,sand,1,0,11,81-80-85-86,0.025973394513130188
flat,2,sand,1,1,0,56-90-83-88,0.007822325453162193
flat,2,sand,1,1,1,57-96-78-95,0.02481335774064064
flat,2,sand,1,1,2,55-84-62-68,0.018998468294739723
flat,2,sand,1,1,3,77-53-59-89,0.0010510127758607268
flat,2,sand,1,1,4,92-73-50-76,0.02382213994860649
flat,2,sand,1,1,5,54-60-64-91,0.00252136355265975
flat,2,sand,1,1,6,66-93-65-98,0.01834476925432682
flat,2,sand,1,1,7,63-74-70-75,0.008239522576332092
flat,2,sand,1,1,8,72-99-52-61,0.035847995430231094
flat,2,sand,1,1,9,82-94-97-67,0.02073368802666664
flat,2,sand,1,1,10,69-87-71-79,0.020437560975551605
flat,2,sand,1,1,11,81-80-85-86,0.01963094249367714
flat,2,sand,1,2,0,56-90-83-88,4.983592134522041e-06
flat,2,sand,1,2,1,57-96-78-95,0.007822197861969471
flat,2,sand,1,2,2,55-84-62-68,0.06184938922524452
flat,2,sand,1,2,3,77-53-59-89,0.029333608224987984
flat,2,sand,1,2,4,92-73-50-76,0.011750961653888226
flat,2,sand,1,2,5,54-60-64-91,0.0085746543481946
flat,2,sand,1,2,6,66-93-65-98,0.0345979705452919
flat,2,sand,1,2,7,63-74-70-75,-0.030145522207021713
flat,2,sand,1,2,8,72-99-52-61,0.04161197319626808
flat,2,sand,1,2,9,82-94-97-67,0.040609847754240036
flat,2,sand,1,2,10,69-87-71-79,-0.005732488352805376
flat,2,sand,1,2,11,81-80-85-86,0.07925423234701157
flat,2,sand,1,3,0,56-90-83-88,-0.006236942019313574
flat,2,sand,1,3,1,57-96-78-95,0.11389001458883286
flat,2,sand,1,3,2,55-84-62-68,0.10505171865224838
flat,2,sand,1,3,3,77-53-59-89,0.06693730503320694
flat,2,sand,1,3,4,92-73-50-76,0.04943230003118515
flat,2,sand,1,3,5,54-60-64-91,0.09446903318166733
flat,2,sand,1,3,6,66-93-65-98,0.217526376247406
flat,2,sand,1,3,7,63-74-70-75,-0.010841558687388897
flat,2,sand,1,3,8,72-99-52-61,0.056925054639577866
flat,2,sand,1,3,9,82-94-97-67,0.0360458567738533
flat,2,sand,1,3,10,69-87-71-79,0.006308114156126976
flat,2,sand,1,3,11,81-80-85-86,0.2321121096611023
flat,2,sand,2,"0,1",0,56-90-83-88,0.006720071658492088
flat,2,sand,2,"0,1",1,57-96-78-95,0.02541443146765232
flat,2,sand,2,"0,1",2,55-84-62-68,0.019044887274503708
flat,2,sand,2,"0,1",3,77-53-59-89,0.00058070506202057
flat,2,sand,2,"0,1",4,92-73-50-76,0.019256968051195145
flat,2,sand,2,"0,1",5,54-60-64-91,0.004224963486194611
flat,2,sand,2,"0,1",6,66-93-65-98,0.017538102343678474
flat,2,sand,2,"0,1",7,63-74-70-75,0.009330018423497677
flat,2,sand,2,"0,1",8,72-99-52-61,0.03795431926846504
flat,2,sand,2,"0,1",9,82-94-97-67,0.018056148663163185
flat,2,sand,2,"0,1",10,69-87-71-79,0.01925528421998024
flat,2,sand,2,"0,1",11,81-80-85-86,0.020386969670653343
flat,2,sand,2,"0,2",0,56-90-83-88,0.0015725359553471208
flat,2,sand,2,"0,2",1,57-96-78-95,0.004665920976549387
flat,2,sand,2,"0,2",2,55-84-62-68,0.002042502397671342
flat,2,sand,2,"0,2",3,77-53-59-89,0.0018760404782369733
flat,2,sand,2,"0,2",4,92-73-50-76,0.0012375533115118742
flat,2,sand,2,"0,2",5,54-60-64-91,0.0018753150943666697
flat,2,sand,2,"0,2",6,66-93-65-98,0.002297973493114114
flat,2,sand,2,"0,2",7,63-74-70-75,0.0014317273162305355
flat,2,sand,2,"0,2",8,72-99-52-61,0.003691168734803796
flat,2,sand,2,"0,2",9,82-94-97-67,0.003006144193932414
flat,2,sand,2,"0,2",10,69-87-71-79,0.0030226348899304867
flat,2,sand,2,"0,2",11,81-80-85-86,0.001995312049984932
flat,2,sand,2,"0,3",0,56-90-83-88,-0.014620255678892136
flat,2,sand,2,"0,3",1,57-96-78-95,0.034573838114738464
flat,2,sand,2,"0,3",2,55-84-62-68,0.029117891564965248
flat,2,sand,2,"0,3",3,77-53-59-89,0.03281731903553009
flat,2,sand,2,"0,3",4,92-73-50-76,0.00892252940684557
flat,2,sand,2,"0,3",5,54-60-64-91,0.041775960475206375
flat,2,sand,2,"0,3",6,66-93-65-98,-0.034162748605012894
flat,2,sand,2,"0,3",7,63-74-70-75,0.03767947107553482
flat,2,sand,2,"0,3",8,72-99-52-61,0.010735713876783848
flat,2,sand,2,"0,3",9,82-94-97-67,-0.013854929246008396
flat,2,sand,2,"0,3",10,69-87-71-79,-0.006792295724153519
flat,2,sand,2,"0,3",11,81-80-85-86,0.010274894535541534
flat,2,sand,2,"1,2",0,56-90-83-88,0.00191177346277982
flat,2,sand,2,"1,2",1,57-96-78-95,0.002732234075665474
flat,2,sand,2,"1,2",2,55-84-62-68,0.002510772319510579
flat,2,sand,2,"1,2",3,77-53-59-89,0.0020075400825589895
flat,2,sand,2,"1,2",4,92-73-50-76,0.0015982715412974358
flat,2,sand,2,"1,2",5,54-60-64-91,0.0021369652822613716
flat,2,sand,2,"1,2",6,66-93-65-98,0.0023536591324955225
flat,2,sand,2,"1,2",7,63-74-70-75,0.002485739067196846
flat,2,sand,2,"1,2",8,72-99-52-61,0.003275067312642932
flat,2,sand,2,"1,2",9,82-94-97-67,0.003539144527167082
flat,2,sand,2,"1,2",10,69-87-71-79,0.0030311441514641047
flat,2,sand,2,"1,2",11,81-80-85-86,0.00152254244312644
flat,2,sand,2,"1,3",0,56-90-83-88,0.0025743080768734217
flat,2,sand,2,"1,3",1,57-96-78-95,0.00268263416364789
flat,2,sand,2,"1,3",2,55-84-62-68,0.003248256864026189
flat,2,sand,2,"1,3",3,77-53-59-89,0.0018342166440561414
flat,2,sand,2,"1,3",4,92-73-50-76,0.0025950446724891663
flat,2,sand,2,"1,3",5,54-60-64-91,0.0020689605735242367
flat,2,sand,2,"1,3",6,66-93-65-98,0.002466738224029541
flat,2,sand,2,"1,3",7,63-74-70-75,0.0034530137199908495
flat,2,sand,2,"1,3",8,72-99-52-61,0.001836867886595428
flat,2,sand,2,"1,3",9,82-94-97-67,0.0018845091108232737
flat,2,sand,2,"1,3",10,69-87-71-79,0.0022280190605670214
flat,2,sand,2,"1,3",11,81-80-85-86,0.0016404492780566216
flat,2,sand,2,"2,3",0,56-90-83-88,0.00019513121515046805
flat,2,sand,2,"2,3",1,57-96-78-95,-0.003596554510295391
flat,2,sand,2,"2,3",2,55-84-62-68,0.061355575919151306
flat,2,sand,2,"2,3",3,77-53-59-89,0.0285168644040823
flat,2,sand,2,"2,3",4,92-73-50-76,0.011248430237174034
flat,2,sand,2,"2,3",5,54-60-64-91,0.007113517727702856
flat,2,sand,2,"2,3",6,66-93-65-98,0.03396104276180267
flat,2,sand,2,"2,3",7,63-74-70-75,-0.027357369661331177
flat,2,sand,2,"2,3",8,72-99-52-61,0.039555277675390244
flat,2,sand,2,"2,3",9,82-94-97-67,0.03759520500898361
flat,2,sand,2,"2,3",10,69-87-71-79,-0.007207497488707304
flat,2,sand,2,"2,3",11,81-80-85-86,0.07781098037958145
flat,2,sand,3,"0,1,2",0,56-90-83-88,0.0015298537909984589
flat,2,sand,3,"0,1,2",1,57-96-78-95,0.0031658399384468794
flat,2,sand,3,"0,1,2",2,55-84-62-68,0.002005217596888542
flat,2,sand,3,"0,1,2",3,77-53-59-89,0.0019391831010580063
flat,2,sand,3,"0,1,2",4,92-73-50-76,0.001455129124224186
flat,2,sand,3,"0,1,2",5,54-60-64-91,0.0018681014189496636
flat,2,sand,3,"0,1,2",6,66-93-65-98,0.0021967533975839615
flat,2,sand,3,"0,1,2",7,63-74-70-75,0.002005376387387514
flat,2,sand,3,"0,1,2",8,72-99-52-61,0.0037215142510831356
flat,2,sand,3,"0,1,2",9,82-94-97-67,0.003089914098381996
flat,2,sand,3,"0,1,2",10,69-87-71-79,0.0029684475157409906
flat,2,sand,3,"0,1,2",11,81-80-85-86,0.0022056952584534883
flat,2,sand,3,"0,1,3",0,56-90-83-88,0.0021259612403810024
flat,2,sand,3,"0,1,3",1,57-96-78-95,0.0030848232563585043
flat,2,sand,3,"0,1,3",2,55-84-62-68,0.002861626446247101
flat,2,sand,3,"0,1,3",3,77-53-59-89,0.0015801750123500824
flat,2,sand,3,"0,1,3",4,92-73-50-76,0.0023932347539812326
flat,2,sand,3,"0,1,3",5,54-60-64-91,0.001681797206401825
flat,2,sand,3,"0,1,3",6,66-93-65-98,0.002247103489935398
flat,2,sand,3,"0,1,3",7,63-74-70-75,0.002722786273807287
flat,2,sand,3,"0,1,3",8,72-99-52-61,0.0022564195096492767
flat,2,sand,3,"0,1,3",9,82-94-97-67,0.0016423235647380352
flat,2,sand,3,"0,1,3",10,69-87-71-79,0.0022940312046557665
flat,2,sand,3,"0,1,3",11,81-80-85-86,0.0025588609278202057
flat,2,sand,3,"0,2,3",0,56-90-83-88,0.0015874954406172037
flat,2,sand,3,"0,2,3",1,57-96-78-95,0.004557374864816666
flat,2,sand,3,"0,2,3",2,55-84-62-68,0.0018230162095278502
flat,2,sand,3,"0,2,3",3,77-53-59-89,0.0017986170714721084
flat,2,sand,3,"0,2,3",4,92-73-50-76,0.001844889484345913
flat,2,sand,3,"0,2,3",5,54-60-64-91,0.0017104841535910964
flat,2,sand,3,"0,2,3",6,66-93-65-98,0.002099211560562253
flat,2,sand,3,"0,2,3",7,63-74-70-75,0.0017309186514467
flat,2,sand,3,"0,2,3",8,72-99-52-61,0.003070654347538948
flat,2,sand,3,"0,2,3",9,82-94-97-67,0.0019185810815542936
flat,2,sand,3,"0,2,3",10,69-87-71-79,0.0020315605215728283
flat,2,sand,3,"0,2,3",11,81-80-85-86,0.0018265662947669625
flat,2,sand,3,"1,2,3",0,56-90-83-88,0.0020177329424768686
flat,2,sand,3,"1,2,3",1,57-96-78-95,0.0027466837782412767
flat,2,sand,3,"1,2,3",2,55-84-62-68,0.0023948648013174534
flat,2,sand,3,"1,2,3",3,77-53-59-89,0.0019856442231684923
flat,2,sand,3,"1,2,3",4,92-73-50-76,0.002096719341352582
flat,2,sand,3,"1,2,3",5,54-60-64-91,0.002119828015565872
flat,2,sand,3,"1,2,3",6,66-93-65-98,0.0020612571388483047
flat,2,sand,3,"1,2,3",7,63-74-70-75,0.0025422435719519854
flat,2,sand,3,"1,2,3",8,72-99-52-61,0.002712881425395608
flat,2,sand,3,"1,2,3",9,82-94-97-67,0.002251204801723361
flat,2,sand,3,"1,2,3",10,69-87-71-79,0.0021527812350541353
flat,2,sand,3,"1,2,3",11,81-80-85-86,0.0012850681087002158
flat,2,sand,4,"0,1,2,3",0,56-90-83-88,0.0017348523251712322
flat,2,sand,4,"0,1,2,3",1,57-96-78-95,0.0031423873733729124
flat,2,sand,4,"0,1,2,3",2,55-84-62-68,0.0019663553684949875
flat,2,sand,4,"0,1,2,3",3,77-53-59-89,0.0018593500135466456
flat,2,sand,4,"0,1,2,3",4,92-73-50-76,0.002034463221207261
flat,2,sand,4,"0,1,2,3",5,54-60-64-91,0.0018178517930209637
flat,2,sand,4,"0,1,2,3",6,66-93-65-98,0.0019288075855001807
flat,2,sand,4,"0,1,2,3",7,63-74-70-75,0.0020687405485659838
flat,2,sand,4,"0,1,2,3",8,72-99-52-61,0.0031470712274312973
flat,2,sand,4,"0,1,2,3",9,82-94-97-67,0.0019197480287402868
flat,2,sand,4,"0,1,2,3",10,69-87-71-79,0.0021679066121578217
flat,2,sand,4,"0,1,2,3",11,81-80-85-86,0.0020045351702719927
flat,2,slope_up,0,,0,56-90-83-88,0.17477947473526
flat,2,slope_up,0,,1,57-96-78-95,0.42504364252090454
flat,2,slope_up,0,,2,55-84-62-68,0.3997286260128021
flat,2,slope_up,0,,3,77-53-59-89,0.12475172430276871
flat,2,slope_up,0,,4,92-73-50-76,0.33086180686950684
flat,2,slope_up,0,,5,54-60-64-91,0.1638461798429489
flat,2,slope_up,0,,6,66-93-65-98,0.3236226439476013
flat,2,slope_up,0,,7,63-74-70-75,0.44865649938583374
flat,2,slope_up,0,,8,72-99-52-61,0.23287221789360046
flat,2,slope_up,0,,9,82-94-97-67,0.24400846660137177
flat,2,slope_up,0,,10,69-87-71-79,0.09396263211965561
flat,2,slope_up,0,,11,81-80-85-86,0.4282330274581909
flat,2,slope_up,1,0,0,56-90-83-88,0.04684135690331459
flat,2,slope_up,1,0,1,57-96-78-95,0.05270431935787201
flat,2,slope_up,1,0,2,55-84-62-68,0.022642504423856735
flat,2,slope_up,1,0,3,77-53-59-89,0.0821370854973793
flat,2,slope_up,1,0,4,92-73-50-76,0.11320680379867554
flat,2,slope_up,1,0,5,54-60-64-91,0.11380873620510101
flat,2,slope_up,1,0,6,66-93-65-98,-0.019987665116786957
flat,2,slope_up,1,0,7,63-74-70-75,0.29911789298057556
flat,2,slope_up,1,0,8,72-99-52-61,0.02643297240138054
flat,2,slope_up,1,0,9,82-94-97-67,0.11509258300065994
flat,2,slope_up,1,0,10,69-87-71-79,0.029736917465925217
flat,2,slope_up,1,0,11,81-80-85-86,0.024843143299221992
flat,2,slope_up,1,1,0,56-90-83-88,0.008566197007894516
flat,2,slope_up,1,1,1,57-96-78-95,0.02877662517130375
flat,2,slope_up,1,1,2,55-84-62-68,0.02045845054090023
flat,2,slope_up,1,1,3,77-53-59-89,0.0011046048020944
flat,2,slope_up,1,1,4,92-73-50-76,0.010682366788387299
flat,2,slope_up,1,1,5,54-60-64-91,0.009517746046185493
flat,2,slope_up,1,1,6,66-93-65-98,0.02042553201317787
flat,2,slope_up,1,1,7,63-74-70-75,0.0070129213854670525
flat,2,slope_up,1,1,8,72-99-52-61,0.0002179211878683418
flat,2,slope_up,1,1,9,82-94-97-67,0.01879912056028843
flat,2,slope_up,1,1,10,69-87-71-79,0.02943245694041252
flat,2,slope_up,1,1,11,81-80-85-86,0.017614809796214104
flat,2,slope_up,1,2,0,56-90-83-88,-0.0005123779410496354
flat,2,slope_up,1,2,1,57-96-78-95,-0.002529790624976158
flat,2,slope_up,1,2,2,55-84-62-68,0.06783916056156158
flat,2,slope_up,1,2,3,77-53-59-89,0.028820093721151352
flat,2,slope_up,1,2,4,92-73-50-76,0.012323257513344288
flat,2,slope_up,1,2,5,54-60-64-91,0.008105981163680553
flat,2,slope_up,1,2,6,66-93-65-98,0.0371251106262207
flat,2,slope_up,1,2,7,63-74-70-75,-0.02120104804635048
flat,2,slope_up,1,2,8,72-99-52-61,0.04500501975417137
flat,2,slope_up,1,2,9,82-94-97-67,0.050199467688798904
flat,2,slope_up,1,2,10,69-87-71-79,-0.005243836436420679
flat,2,slope_up,1,2,11,81-80-85-86,0.1006288230419159
flat,2,slope_up,1,3,0,56-90-83-88,-0.0064906170591712
flat,2,slope_up,1,3,1,57-96-78-95,0.13933594524860382
flat,2,slope_up,1,3,2,55-84-62-68,0.13913337886333466
flat,2,slope_up,1,3,3,77-53-59-89,0.05043506622314453
flat,2,slope_up,1,3,4,92-73-50-76,0.09942566603422165
flat,2,slope_up,1,3,5,54-60-64-91,0.10254742205142975
flat,2,slope_up,1,3,6,66-93-65-98,0.29586273431777954
flat,2,slope_up,1,3,7,63-74-70-75,-0.0008191452943719923
flat,2,slope_up,1,3,8,72-99-52-61,0.0667155385017395
flat,2,slope_up,1,3,9,82-94-97-67,0.060631029307842255
flat,2,slope_up,1,3,10,69-87-71-79,0.006376760546118021
flat,2,slope_up,1,3,11,81-80-85-86,0.2397855520248413
flat,2,slope_up,2,"0,1",0,56-90-83-88,0.0074768937192857265
flat,2,slope_up,2,"0,1",1,57-96-78-95,0.027746831998229027
flat,2,slope_up,2,"0,1",2,55-84-62-68,0.01953841745853424
flat,2,slope_up,2,"0,1",3,77-53-59-89,0.0008568865596316755
flat,2,slope_up,2,"0,1",4,92-73-50-76,0.010306300595402718
flat,2,slope_up,2,"0,1",5,54-60-64-91,0.010719328187406063
flat,2,slope_up,2,"0,1",6,66-93-65-98,0.01975344493985176
flat,2,slope_up,2,"0,1",7,63-74-70-75,0.007309877313673496
flat,2,slope_up,2,"0,1",8,72-99-52-61,0.03158033266663551
flat,2,slope_up,2,"0,1",9,82-94-97-67,0.016256924718618393
flat,2,slope_up,2,"0,1",10,69-87-71-79,0.027795694768428802
flat,2,slope_up,2,"0,1",11,81-80-85-86,0.01838989555835724
flat,2,slope_up,2,"0,2",0,56-90-83-88,0.00107446382753551
flat,2,slope_up,2,"0,2",1,57-96-78-95,0.0032101748511195183
flat,2,slope_up,2,"0,2",2,55-84-62-68,0.0015079472213983536
flat,2,slope_up,2,"0,2",3,77-53-59-89,0.00129720161203295
flat,2,slope_up,2,"0,2",4,92-73-50-76,0.0020004708785563707
flat,2,slope_up,2,"0,2",5,54-60-64-91,0.0017391126602888107
flat,2,slope_up,2,"0,2",6,66-93-65-98,0.001660783076658845
flat,2,slope_up,2,"0,2",7,63-74-70-75,0.0012745915446430445
flat,2,slope_up,2,"0,2",8,72-99-52-61,0.0029437190387398005
flat,2,slope_up,2,"0,2",9,82-94-97-67,0.0029273927211761475
flat,2,slope_up,2,"0,2",10,69-87-71-79,0.003774297656491399
flat,2,slope_up,2,"0,2",11,81-80-85-86,0.001685352879576385
flat,2,slope_up,2,"0,3",0,56-90-83-88,-0.022681336849927902
flat,2,slope_up,2,"0,3",1,57-96-78-95,0.02288384921848774
flat,2,slope_up,2,"0,3",2,55-84-62-68,0.02423705905675888
flat,2,slope_up,2,"0,3",3,77-53-59-89,0.028029557317495346
flat,2,slope_up,2,"0,3",4,92-73-50-76,0.01805228739976883
flat,2,slope_up,2,"0,3",5,54-60-64-91,0.05014866217970848
flat,2,slope_up,2,"0,3",6,66-93-65-98,-0.04746316000819206
flat,2,slope_up,2,"0,3",7,63-74-70-75,0.041993122547864914
flat,2,slope_up,2,"0,3",8,72-99-52-61,0.015009663999080658
flat,2,slope_up,2,"0,3",9,82-94-97-67,-0.009404388256371021
flat,2,slope_up,2,"0,3",10,69-87-71-79,-0.010435923002660275
flat,2,slope_up,2,"0,3",11,81-80-85-86,0.007145146373659372
flat,2,slope_up,2,"1,2",0,56-90-83-88,0.0017322193598374724
flat,2,slope_up,2,"1,2",1,57-96-78-95,0.002382370876148343
flat,2,slope_up,2,"1,2",2,55-84-62-68,0.002538665197789669
flat,2,slope_up,2,"1,2",3,77-53-59-89,0.001521507976576686
flat,2,slope_up,2,"1,2",4,92-73-50-76,0.001556411269120872
flat,2,slope_up,2,"1,2",5,54-60-64-91,0.0016765290638431907
flat,2,slope_up,2,"1,2",6,66-93-65-98,0.002022027736529708
flat,2,slope_up,2,"1,2",7,63-74-70-75,0.002452395623549819
flat,2,slope_up,2,"1,2",8,72-99-52-61,0.002999423071742058
flat,2,slope_up,2,"1,2",9,82-94-97-67,0.003271013032644987
flat,2,slope_up,2,"1,2",10,69-87-71-79,0.005147830117493868
flat,2,slope_up,2,"1,2",11,81-80-85-86,0.0014076968654990196
flat,2,slope_up,2,"1,3",0,56-90-83-88,0.0023262612521648407
flat,2,slope_up,2,"1,3",1,57-96-78-95,0.002526745665818453
flat,2,slope_up,2,"1,3",2,55-84-62-68,0.0032314404379576445
flat,2,slope_up,2,"1,3",3,77-53-59-89,0.0013111080043017864
flat,2,slope_up,2,"1,3",4,92-73-50-76,0.002188613871112466
flat,2,slope_up,2,"1,3",5,54-60-64-91,0.0014701051404699683
flat,2,slope_up,2,"1,3",6,66-93-65-98,0.0021307526621967554
flat,2,slope_up,2,"1,3",7,63-74-70-75,0.003075416898354888
flat,2,slope_up,2,"1,3",8,72-99-52-61,0.0013227382441982627
flat,2,slope_up,2,"1,3",9,82-94-97-67,0.0013613362098112702
flat,2,slope_up,2,"1,3",10,69-87-71-79,0.0050843581557273865
flat,2,slope_up,2,"1,3",11,81-80-85-86,0.0015234190504997969
flat,2,slope_up,2,"2,3",0,56-90-83-88,-0.0006396457320079207
flat,2,slope_up,2,"2,3",1,57-96-78-95,-0.0047607035376131535
flat,2,slope_up,2,"2,3",2,55-84-62-68,0.06910885125398636
flat,2,slope_up,2,"2,3",3,77-53-59-89,0.028019526973366737
flat,2,slope_up,2,"2,3",4,92-73-50-76,0.012013825587928295
flat,2,slope_up,2,"2,3",5,54-60-64-91,0.0076614683493971825
flat,2,slope_up,2,"2,3",6,66-93-65-98,0.036538202315568924
flat,2,slope_up,2,"2,3",7,63-74-70-75,-0.02188851498067379
flat,2,slope_up,2,"2,3",8,72-99-52-61,0.04326338320970535
flat,2,slope_up,2,"2,3",9,82-94-97-67,0.04537452384829521
flat,2,slope_up,2,"2,3",10,69-87-71-79,-0.0037058573216199875
flat,2,slope_up,2,"2,3",11,81-80-85-86,0.10009398311376572
flat,2,slope_up,3,"0,1,2",0,56-90-83-88,0.0011584642343223095
flat,2,slope_up,3,"0,1,2",1,57-96-78-95,0.0027154504787176847
flat,2,slope_up,3,"0,1,2",2,55-84-62-68,0.002041646046563983
flat,2,slope_up,3,"0,1,2",3,77-53-59-89,0.001643055584281683
flat,2,slope_up,3,"0,1,2",4,92-73-50-76,0.0015581472543999553
flat,2,slope_up,3,"0,1,2",5,54-60-64-91,0.0016030753031373024
flat,2,slope_up,3,"0,1,2",6,66-93-65-98,0.0018204788211733103
flat,2,slope_up,3,"0,1,2",7,63-74-70-75,0.0018535821000114083
flat,2,slope_up,3,"0,1,2",8,72-99-52-61,0.0032929417211562395
flat,2,slope_up,3,"0,1,2",9,82-94-97-67,0.003083995310589671
flat,2,slope_up,3,"0,1,2",10,69-87-71-79,0.004068850073963404
flat,2,slope_up,3,"0,1,2",11,81-80-85-86,0.0023153398651629686
flat,2,slope_up,3,"0,1,3",0,56-90-83-88,0.0015836283564567566
flat,2,slope_up,3,"0,1,3",1,57-96-78-95,0.002809863770380616
flat,2,slope_up,3,"0,1,3",2,55-84-62-68,0.002724484773352742
flat,2,slope_up,3,"0,1,3",3,77-53-59-89,0.0015650847926735878
flat,2,slope_up,3,"0,1,3",4,92-73-50-76,0.002169467508792877
flat,2,slope_up,3,"0,1,3",5,54-60-64-91,0.0014779246412217617
flat,2,slope_up,3,"0,1,3",6,66-93-65-98,0.0019081815844401717
flat,2,slope_up,3,"0,1,3",7,63-74-70-75,0.002367474138736725
flat,2,slope_up,3,"0,1,3",8,72-99-52-61,0.001767631620168686
flat,2,slope_up,3,"0,1,3",9,82-94-97-67,0.001262812176719308
flat,2,slope_up,3,"0,1,3",10,69-87-71-79,0.0037973348516970873
flat,2,slope_up,3,"0,1,3",11,81-80-85-86,0.0024406767915934324
flat,2,slope_up,3,"0,2,3",0,56-90-83-88,0.001126907649450004
flat,2,slope_up,3,"0,2,3",1,57-96-78-95,0.003112697508186102
flat,2,slope_up,3,"0,2,3",2,55-84-62-68,0.0011306656524538994
flat,2,slope_up,3,"0,2,3",3,77-53-59-89,0.0012449400965124369
flat,2,slope_up,3,"0,2,3",4,92-73-50-76,0.0021976367570459843
flat,2,slope_up,3,"0,2,3",5,54-60-64-91,0.001707117073237896
flat,2,slope_up,3,"0,2,3",6,66-93-65-98,0.001396052073687315
flat,2,slope_up,3,"0,2,3",7,63-74-70-75,0.0011984137818217278
flat,2,slope_up,3,"0,2,3",8,72-99-52-61,0.002379405777901411
flat,2,slope_up,3,"0,2,3",9,82-94-97-67,0.0014107070164754987
flat,2,slope_up,3,"0,2,3",10,69-87-71-79,0.003868215484544635
flat,2,slope_up,3,"0,2,3",11,81-80-85-86,0.00117190508171916
flat,2,slope_up,3,"1,2,3",0,56-90-83-88,0.001885952427983284
flat,2,slope_up,3,"1,2,3",1,57-96-78-95,0.0023557725362479687
flat,2,slope_up,3,"1,2,3",2,55-84-62-68,0.0021834783256053925
flat,2,slope_up,3,"1,2,3",3,77-53-59-89,0.0014914380153641105
flat,2,slope_up,3,"1,2,3",4,92-73-50-76,0.0017239905428141356
flat,2,slope_up,3,"1,2,3",5,54-60-64-91,0.0016283635050058365
flat,2,slope_up,3,"1,2,3",6,66-93-65-98,0.0017315293662250042
flat,2,slope_up,3,"1,2,3",7,63-74-70-75,0.0023369963746517897
flat,2,slope_up,3,"1,2,3",8,72-99-52-61,0.00245567224919796
flat,2,slope_up,3,"1,2,3",9,82-94-97-67,0.0017436681082472205
flat,2,slope_up,3,"1,2,3",10,69-87-71-79,0.005279781762510538
flat,2,slope_up,3,"1,2,3",11,81-80-85-86,0.0008561298018321395
flat,2,slope_up,4,"0,1,2,3",0,56-90-83-88,0.001309238956309855
flat,2,slope_up,4,"0,1,2,3",1,57-96-78-95,0.0026389574632048607
flat,2,slope_up,4,"0,1,2,3",2,55-84-62-68,0.001674244413152337
flat,2,slope_up,4,"0,1,2,3",3,77-53-59-89,0.0015728387515991926
flat,2,slope_up,4,"0,1,2,3",4,92-73-50-76,0.0017190327635034919
flat,2,slope_up,4,"0,1,2,3",5,54-60-64-91,0.0015658672200515866
flat,2,slope_up,4,"0,1,2,3",6,66-93-65-98,0.0015193313593044877
flat,2,slope_up,4,"0,1,2,3",7,63-74-70-75,0.0017503182170912623
flat,2,slope_up,4,"0,1,2,3",8,72-99-52-61,0.0027400178369134665
flat,2,slope_up,4,"0,1,2,3",9,82-94-97-67,0.001573888468556106
flat,2,slope_up,4,"0,1,2,3",10,69-87-71-79,0.004217446781694889
flat,2,slope_up,4,"0,1,2,3",11,81-80-85-86,0.0017263727495446801
flat,2,low_gravity,0,,0,56-90-83-88,0.0246594101190567
flat,2,low_gravity,0,,1,57-96-78-95,0.07462187856435776
flat,2,low_gravity,0,,2,55-84-62-68,0.06525993347167969
flat,2,low_gravity,0,,3,77-53-59-89,0.0800900012254715
flat,2,low_gravity,0,,4,92-73-50-76,0.058346740901470184
flat,2,low_gravity,0,,5,54-60-64-91,0.05794346332550049
flat,2,low_gravity,0,,6,66-93-65-98,0.042581841349601746
flat,2,low_gravity,0,,7,63-74-70-75,0.03275679424405098
flat,2,low_gravity,0,,8,72-99-52-61,0.03297843039035797
flat,2,low_gravity,0,,9,82-94-97-67,0.09055331349372864
flat,2,low_gravity,0,,10,69-87-71-79,0.04685358703136444
flat,2,low_gravity,0,,11,81-80-85-86,0.07556009292602539
flat,2,low_gravity,1,0,0,56-90-83-88,0.00347011536359787
flat,2,low_gravity,1,0,1,57-96-78-95,0.04673658311367035
flat,2,low_gravity,1,0,2,55-84-62-68,-0.009246956557035446
flat,2,low_gravity,1,0,3,77-53-59-89,0.05960477143526077
flat,2,low_gravity,1,0,4,92-73-50-76,0.01193260122090578
flat,2,low_gravity,1,0,5,54-60-64-91,0.05151520296931267
flat,2,low_gravity,1,0,6,66-93-65-98,-0.01123864483088255
flat,2,low_gravity,1,0,7,63-74-70-75,0.04387088865041733
flat,2,low_gravity,1,0,8,72-99-52-61,-0.00298159453086555
flat,2,low_gravity,1,0,9,82-94-97-67,0.03211526572704315
flat,2,low_gravity,1,0,10,69-87-71-79,0.020642196759581566
flat,2,low_gravity,1,0,11,81-80-85-86,0.037482161074876785
flat,2,low_gravity,1,1,0,56-90-83-88,0.01850149780511856
flat,2,low_gravity,1,1,1,57-96-78-95,0.0160401351749897
flat,2,low_gravity,1,1,2,55-84-62-68,0.010425828397274017
flat,2,low_gravity,1,1,3,77-53-59-89,0.0037653055042028427
flat,2,low_gravity,1,1,4,92-73-50-76,0.01730327121913433
flat,2,low_gravity,1,1,5,54-60-64-91,0.00902214553207159
flat,2,low_gravity,1,1,6,66-93-65-98,0.010862465016543865
flat,2,low_gravity,1,1,7,63-74-70-75,0.0085549745708704
flat,2,low_gravity,1,1,8,72-99-52-61,0.024897390976548195
flat,2,low_gravity,1,1,9,82-94-97-67,0.03861037641763687
flat,2,low_gravity,1,1,10,69-87-71-79,0.022763743996620178
flat,2,low_gravity,1,1,11,81-80-85-86,0.02206411212682724
flat,2,low_gravity,1,2,0,56-90-83-88,-0.0015777683584019542
flat,2,low_gravity,1,2,1,57-96-78-95,0.01683494634926319
flat,2,low_gravity,1,2,2,55-84-62-68,-0.005389486905187368
flat,2,low_gravity,1,2,3,77-53-59-89,0.030135951936244965
flat,2,low_gravity,1,2,4,92-73-50-76,0.026606297120451927
flat,2,low_gravity,1,2,5,54-60-64-91,0.022857867181301117
flat,2,low_gravity,1,2,6,66-93-65-98,0.002890822710469365
flat,2,low_gravity,1,2,7,63-74-70-75,-0.004900654777884483
flat,2,low_gravity,1,2,8,72-99-52-61,0.009900713339447975
flat,2,low_gravity,1,2,9,82-94-97-67,-0.00458431476727128
flat,2,low_gravity,1,2,10,69-87-71-79,0.008254656568169594
flat,2,low_gravity,1,2,11,81-80-85-86,0.016299990937113762
flat,2,low_gravity,1,3,0,56-90-83-88,0.015790704637765884
flat,2,low_gravity,1,3,1,57-96-78-95,0.031445104628801346
flat,2,low_gravity,1,3,2,55-84-62-68,0.025931470096111298
flat,2,low_gravity,1,3,3,77-53-59-89,0.07549663633108139
flat,2,low_gravity,1,3,4,92-73-50-76,0.0339263454079628
flat,2,low_gravity,1,3,5,54-60-64-91,0.06827662885189056
flat,2,low_gravity,1,3,6,66-93-65-98,0.04855197295546532
flat,2,low_gravity,1,3,7,63-74-70-75,0.023803630843758583
flat,2,low_gravity,1,3,8,72-99-52-61,-0.014018693007528782
flat,2,low_gravity,1,3,9,82-94-97-67,0.03964637964963913
flat,2,low_gravity,1,3,10,69-87-71-79,0.02012692764401436
flat,2,low_gravity,1,3,11,81-80-85-86,0.07696974277496338
flat,2,low_gravity,2,"0,1",0,56-90-83-88,0.018595576286315918
flat,2,low_gravity,2,"0,1",1,57-96-78-95,0.011973359622061253
flat,2,low_gravity,2,"0,1",2,55-84-62-68,0.01318285707384348
flat,2,low_gravity,2,"0,1",3,77-53-59-89,0.007673600222915411
flat,2,low_gravity,2,"0,1",4,92-73-50-76,0.02288966439664364
flat,2,low_gravity,2,"0,1",5,54-60-64-91,0.0076416232623159885
flat,2,low_gravity,2,"0,1",6,66-93-65-98,0.01102257426828146
flat,2,low_gravity,2,"0,1",7,63-74-70-75,0.006266552954912186
flat,2,low_gravity,2,"0,1",8,72-99-52-61,0.022539621219038963
flat,2,low_gravity,2,"0,1",9,82-94-97-67,0.02993899956345558
flat,2,low_gravity,2,"0,1",10,69-87-71-79,0.02201438508927822
flat,2,low_gravity,2,"0,1",11,81-80-85-86,0.023056238889694214
flat,2,low_gravity,2,"0,2",0,56-90-83-88,0.0067174434661865234
flat,2,low_gravity,2,"0,2",1,57-96-78-95,0.007819771766662598
flat,2,low_gravity,2,"0,2",2,55-84-62-68,0.005525645334273577
flat,2,low_gravity,2,"0,2",3,77-53-59-89,0.006634227000176907
flat,2,low_gravity,2,"0,2",4,92-73-50-76,0.008319208398461342
flat,2,low_gravity,2,"0,2",5,54-60-64-91,0.007329465355724096
flat,2,low_gravity,2,"0,2",6,66-93-65-98,0.00704264547675848
flat,2,low_gravity,2,"0,2",7,63-74-70-75,0.007676958572119474
flat,2,low_gravity,2,"0,2",8,72-99-52-61,0.0065388865768909454
flat,2,low_gravity,2,"0,2",9,82-94-97-67,0.007682309485971928
flat,2,low_gravity,2,"0,2",10,69-87-71-79,0.007711698766797781
flat,2,low_gravity,2,"0,2",11,81-80-85-86,0.00734826922416687
flat,2,low_gravity,2,"0,3",0,56-90-83-88,-0.031552109867334366
flat,2,low_gravity,2,"0,3",1,57-96-78-95,0.03311629965901375
flat,2,low_gravity,2,"0,3",2,55-84-62-68,0.01197417825460434
flat,2,low_gravity,2,"0,3",3,77-53-59-89,0.06038497015833855
flat,2,low_gravity,2,"0,3",4,92-73-50-76,0.006087958812713623
flat,2,low_gravity,2,"0,3",5,54-60-64-91,0.041171956807374954
flat,2,low_gravity,2,"0,3",6,66-93-65-98,-0.009676793590188026
flat,2,low_gravity,2,"0,3",7,63-74-70-75,0.042265329509973526
flat,2,low_gravity,2,"0,3",8,72-99-52-61,0.015994146466255188
flat,2,low_gravity,2,"0,3",9,82-94-97-67,-0.0014125959714874625
flat,2,low_gravity,2,"0,3",10,69-87-71-79,-0.022679461166262627
flat,2,low_gravity,2,"0,3",11,81-80-85-86,-0.004359349608421326
flat,2,low_gravity,2,"1,2",0,56-90-83-88,0.006823748350143433
flat,2,low_gravity,2,"1,2",1,57-96-78-95,0.009049851447343826
flat,2,low_gravity,2,"1,2",2,55-84-62-68,0.007341264747083187
flat,2,low_gravity,2,"1,2",3,77-53-59-89,0.0062054721638560295
flat,2,low_gravity,2,"1,2",4,92-73-50-76,0.008500853553414345
flat,2,low_gravity,2,"1,2",5,54-60-64-91,0.007983540184795856
flat,2,low_gravity,2,"1,2",6,66-93-65-98,0.0072064935229718685
flat,2,low_gravity,2,"1,2",7,63-74-70-75,0.007846901193261147
flat,2,low_gravity,2,"1,2",8,72-99-52-61,0.0076167285442352295
flat,2,low_gravity,2,"1,2",9,82-94-97-67,0.008426922373473644
flat,2,low_gravity,2,"1,2",10,69-87-71-79,0.007363778073340654
flat,2,low_gravity,2,"1,2",11,81-80-85-86,0.007676302455365658
flat,2,low_gravity,2,"1,3",0,56-90-83-88,0.00808719266206026
flat,2,low_gravity,2,"1,3",1,57-96-78-95,0.0083110760897398
flat,2,low_gravity,2,"1,3",2,55-84-62-68,0.007248426787555218
flat,2,low_gravity,2,"1,3",3,77-53-59-89,0.004601685330271721
flat,2,low_gravity,2,"1,3",4,92-73-50-76,0.008399766869843006
flat,2,low_gravity,2,"1,3",5,54-60-64-91,0.011246721260249615
flat,2,low_gravity,2,"1,3",6,66-93-65-98,0.008163439109921455
flat,2,low_gravity,2,"1,3",7,63-74-70-75,0.009080532006919384
flat,2,low_gravity,2,"1,3",8,72-99-52-61,0.005949821788817644
flat,2,low_gravity,2,"1,3",9,82-94-97-67,0.007816582918167114
flat,2,low_gravity,2,"1,3",10,69-87-71-79,0.006973362527787685
flat,2,low_gravity,2,"1,3",11,81-80-85-86,0.0074916197918355465
flat,2,low_gravity,2,"2,3",0,56-90-83-88,-0.0001696741092018783
flat,2,low_gravity,2,"2,3",1,57-96-78-95,0.018610317260026932
flat,2,low_gravity,2,"2,3",2,55-84-62-68,-0.004205969162285328
flat,2,low_gravity,2,"2,3",3,77-53-59-89,0.030268721282482147
flat,2,low_gravity,2,"2,3",4,92-73-50-76,0.026899635791778564
flat,2,low_gravity,2,"2,3",5,54-60-64-91,0.0206532571464777
flat,2,low_gravity,2,"2,3",6,66-93-65-98,0.005974183324724436
flat,2,low_gravity,2,"2,3",7,63-74-70-75,-0.0017715326976031065
flat,2,low_gravity,2,"2,3",8,72-99-52-61,0.008903495967388153
flat,2,low_gravity,2,"2,3",9,82-94-97-67,-0.006224866956472397
flat,2,low_gravity,2,"2,3",10,69-87-71-79,0.0073306746780872345
flat,2,low_gravity,2,"2,3",11,81-80-85-86,0.016446014866232872
flat,2,low_gravity,3,"0,1,2",0,56-90-83-88,0.006679763551801443
flat,2,low_gravity,3,"0,1,2",1,57-96-78-95,0.008016354404389858
flat,2,low_gravity,3,"0,1,2",2,55-84-62-68,0.007549082860350609
flat,2,low_gravity,3,"0,1,2",3,77-53-59-89,0.006910967640578747
flat,2,low_gravity,3,"0,1,2",4,92-73-50-76,0.008302836678922176
flat,2,low_gravity,3,"0,1,2",5,54-60-64-91,0.007888292893767357
flat,2,low_gravity,3,"0,1,2",6,66-93-65-98,0.007258994039148092
flat,2,low_gravity,3,"0,1,2",7,63-74-70-75,0.0072565749287605286
flat,2,low_gravity,3,"0,1,2",8,72-99-52-61,0.007339143194258213
flat,2,low_gravity,3,"0,1,2",9,82-94-97-67,0.008191823028028011
flat,2,low_gravity,3,"0,1,2",10,69-87-71-79,0.007772114593535662
flat,2,low_gravity,3,"0,1,2",11,81-80-85-86,0.008092416450381279
flat,2,low_gravity,3,"0,1,3",0,56-90-83-88,0.008092954754829407
flat,2,low_gravity,3,"0,1,3",1,57-96-78-95,0.007749005686491728
flat,2,low_gravity,3,"0,1,3",2,55-84-62-68,0.006718332413583994
flat,2,low_gravity,3,"0,1,3",3,77-53-59-89,0.005268019624054432
flat,2,low_gravity,3,"0,1,3",4,92-73-50-76,0.008321823552250862
flat,2,low_gravity,3,"0,1,3",5,54-60-64-91,0.00826994888484478
flat,2,low_gravity,3,"0,1,3",6,66-93-65-98,0.007509867660701275
flat,2,low_gravity,3,"0,1,3",7,63-74-70-75,0.009013142436742783
flat,2,low_gravity,3,"0,1,3",8,72-99-52-61,0.004116601776331663
flat,2,low_gravity,3,"0,1,3",9,82-94-97-67,0.007692866027355194
flat,2,low_gravity,3,"0,1,3",10,69-87-71-79,0.007375405635684729
flat,2,low_gravity,3,"0,1,3",11,81-80-85-86,0.00782332755625248
flat,2,low_gravity,3,"0,2,3",0,56-90-83-88,0.007189576048403978
flat,2,low_gravity,3,"0,2,3",1,57-96-78-95,0.007140445522964001
flat,2,low_gravity,3,"0,2,3",2,55-84-62-68,0.006054841913282871
flat,2,low_gravity,3,"0,2,3",3,77-53-59-89,0.007475235499441624
flat,2,low_gravity,3,"0,2,3",4,92-73-50-76,0.007731681689620018
flat,2,low_gravity,3,"0,2,3",5,54-60-64-91,0.007091144565492868
flat,2,low_gravity,3,"0,2,3",6,66-93-65-98,0.006950929760932922
flat,2,low_gravity,3,"0,2,3",7,63-74-70-75,0.007378808222711086
flat,2,low_gravity,3,"0,2,3",8,72-99-52-61,0.006988797336816788
flat,2,low_gravity,3,"0,2,3",9,82-94-97-67,0.007129273843020201
flat,2,low_gravity,3,"0,2,3",10,69-87-71-79,0.0076164077036082745
flat,2,low_gravity,3,"0,2,3",11,81-80-85-86,0.007009565364569426
flat,2,low_gravity,3,"1,2,3",0,56-90-83-88,0.007789240218698978
flat,2,low_gravity,3,"1,2,3",1,57-96-78-95,0.008489121682941914
flat,2,low_gravity,3,"1,2,3",2,55-84-62-68,0.007521294057369232
flat,2,low_gravity,3,"1,2,3",3,77-53-59-89,0.006664235144853592
flat,2,low_gravity,3,"1,2,3",4,92-73-50-76,0.00725673558190465
flat,2,low_gravity,3,"1,2,3",5,54-60-64-91,0.007869193330407143
flat,2,low_gravity,3,"1,2,3",6,66-93-65-98,0.007859043776988983
flat,2,low_gravity,3,"1,2,3",7,63-74-70-75,0.008081816136837006
flat,2,low_gravity,3,"1,2,3",8,72-99-52-61,0.008390097878873348
flat,2,low_gravity,3,"1,2,3",9,82-94-97-67,0.0073653883300721645
flat,2,low_gravity,3,"1,2,3",10,69-87-71-79,0.007236305624246597
flat,2,low_gravity,3,"1,2,3",11,81-80-85-86,0.006182525306940079
flat,2,low_gravity,4,"0,1,2,3",0,56-90-83-88,0.007769147399812937
flat,2,low_gravity,4,"0,1,2,3",1,57-96-78-95,0.007522455416619778
flat,2,low_gravity,4,"0,1,2,3",2,55-84-62-68,0.007775995880365372
flat,2,low_gravity,4,"0,1,2,3",3,77-53-59-89,0.007778724655508995
flat,2,low_gravity,4,"0,1,2,3",4,92-73-50-76,0.007814252749085426
flat,2,low_gravity,4,"0,1,2,3",5,54-60-64-91,0.00786963663995266
flat,2,low_gravity,4,"0,1,2,3",6,66-93-65-98,0.007699039299041033
flat,2,low_gravity,4,"0,1,2,3",7,63-74-70-75,0.007736983243376017
flat,2,low_gravity,4,"0,1,2,3",8,72-99-52-61,0.007739339489489794
flat,2,low_gravity,4,"0,1,2,3",9,82-94-97-67,0.007833553478121758
flat,2,low_gravity,4,"0,1,2,3",10,69-87-71-79,0.007647540885955095
flat,2,low_gravity,4,"0,1,2,3",11,81-80-85-86,0.0077620758675038815
multi,2,in_dist,0,,0,56-90-83-88,0.29882296919822693
multi,2,in_dist,0,,1,57-96-78-95,0.24777019023895264
multi,2,in_dist,0,,2,55-84-62-68,0.26356297731399536
multi,2,in_dist,0,,3,77-53-59-89,0.3693971335887909
multi,2,in_dist,0,,4,92-73-50-76,0.27628833055496216
multi,2,in_dist,0,,5,54-60-64-91,0.26802298426628113
multi,2,in_dist,0,,6,66-93-65-98,0.23562829196453094
multi,2,in_dist,0,,7,63-74-70-75,0.07478155195713043
multi,2,in_dist,0,,8,72-99-52-61,0.22756808996200562
multi,2,in_dist,0,,9,82-94-97-67,0.1314689815044403
multi,2,in_dist,0,,10,69-87-71-79,0.3450399935245514
multi,2,in_dist,0,,11,81-80-85-86,0.2441820502281189
multi,2,in_dist,1,0,0,56-90-83-88,0.08634558320045471
multi,2,in_dist,1,0,1,57-96-78-95,0.09643562883138657
multi,2,in_dist,1,0,2,55-84-62-68,0.18933844566345215
multi,2,in_dist,1,0,3,77-53-59-89,0.19289125502109528
multi,2,in_dist,1,0,4,92-73-50-76,0.1193293035030365
multi,2,in_dist,1,0,5,54-60-64-91,0.15916962921619415
multi,2,in_dist,1,0,6,66-93-65-98,0.07875248044729233
multi,2,in_dist,1,0,7,63-74-70-75,0.06480402499437332
multi,2,in_dist,1,0,8,72-99-52-61,0.16363318264484406
multi,2,in_dist,1,0,9,82-94-97-67,0.07066786289215088
multi,2,in_dist,1,0,10,69-87-71-79,0.1696014255285263
multi,2,in_dist,1,0,11,81-80-85-86,0.08581144362688065
multi,2,in_dist,1,1,0,56-90-83-88,0.07712126523256302
multi,2,in_dist,1,1,1,57-96-78-95,0.22148334980010986
multi,2,in_dist,1,1,2,55-84-62-68,0.004844424314796925
multi,2,in_dist,1,1,3,77-53-59-89,0.20223234593868256
multi,2,in_dist,1,1,4,92-73-50-76,0.0667349323630333
multi,2,in_dist,1,1,5,54-60-64-91,0.20208247005939484
multi,2,in_dist,1,1,6,66-93-65-98,0.1312440037727356
multi,2,in_dist,1,1,7,63-74-70-75,0.15687508881092072
multi,2,in_dist,1,1,8,72-99-52-61,0.13269011676311493
multi,2,in_dist,1,1,9,82-94-97-67,0.08291502296924591
multi,2,in_dist,1,1,10,69-87-71-79,0.06473638117313385
multi,2,in_dist,1,1,11,81-80-85-86,0.12176200747489929
multi,2,in_dist,1,2,0,56-90-83-88,-0.029296759516000748
multi,2,in_dist,1,2,1,57-96-78-95,0.03690171241760254
multi,2,in_dist,1,2,2,55-84-62-68,0.0017790219280868769
multi,2,in_dist,1,2,3,77-53-59-89,0.036582134664058685
multi,2,in_dist,1,2,4,92-73-50-76,0.06314699351787567
multi,2,in_dist,1,2,5,54-60-64-91,0.022754263132810593
multi,2,in_dist,1,2,6,66-93-65-98,0.03393875062465668
multi,2,in_dist,1,2,7,63-74-70-75,0.048893917351961136
multi,2,in_dist,1,2,8,72-99-52-61,0.09560146182775497
multi,2,in_dist,1,2,9,82-94-97-67,0.03687218204140663
multi,2,in_dist,1,2,10,69-87-71-79,0.0821366235613823
multi,2,in_dist,1,2,11,81-80-85-86,0.0749807357788086
multi,2,in_dist,1,3,0,56-90-83-88,0.07413188368082047
multi,2,in_dist,1,3,1,57-96-78-95,0.03030371479690075
multi,2,in_dist,1,3,2,55-84-62-68,0.1223980188369751
multi,2,in_dist,1,3,3,77-53-59-89,0.033190399408340454
multi,2,in_dist,1,3,4,92-73-50-76,0.05433584377169609
multi,2,in_dist,1,3,5,54-60-64-91,0.09568896144628525
multi,2,in_dist,1,3,6,66-93-65-98,0.015069215558469296
multi,2,in_dist,1,3,7,63-74-70-75,0.07498021423816681
multi,2,in_dist,1,3,8,72-99-52-61,0.13855323195457458
multi,2,in_dist,1,3,9,82-94-97-67,-0.04987562447786331
multi,2,in_dist,1,3,10,69-87-71-79,0.06096529960632324
multi,2,in_dist,1,3,11,81-80-85-86,0.10231608897447586
multi,2,in_dist,2,"0,1",0,56-90-83-88,0.03267664089798927
multi,2,in_dist,2,"0,1",1,57-96-78-95,0.07723754644393921
multi,2,in_dist,2,"0,1",2,55-84-62-68,0.0240587517619133
multi,2,in_dist,2,"0,1",3,77-53-59-89,0.09194663912057877
multi,2,in_dist,2,"0,1",4,92-73-50-76,0.038003988564014435
multi,2,in_dist,2,"0,1",5,54-60-64-91,0.09681426733732224
multi,2,in_dist,2,"0,1",6,66-93-65-98,0.052222780883312225
multi,2,in_dist,2,"0,1",7,63-74-70-75,0.06473864614963531
multi,2,in_dist,2,"0,1",8,72-99-52-61,0.08691401034593582
multi,2,in_dist,2,"0,1",9,82-94-97-67,0.03185395151376724
multi,2,in_dist,2,"0,1",10,69-87-71-79,0.030976269394159317
multi,2,in_dist,2,"0,1",11,81-80-85-86,0.059767577797174454
multi,2,in_dist,2,"0,2",0,56-90-83-88,0.043696850538253784
multi,2,in_dist,2,"0,2",1,57-96-78-95,0.026237480342388153
multi,2,in_dist,2,"0,2",2,55-84-62-68,0.006361640524119139
multi,2,in_dist,2,"0,2",3,77-53-59-89,0.004701280500739813
multi,2,in_dist,2,"0,2",4,92-73-50-76,0.01539993193000555
multi,2,in_dist,2,"0,2",5,54-60-64-91,0.008485938422381878
multi,2,in_dist,2,"0,2",6,66-93-65-98,0.010961825028061867
multi,2,in_dist,2,"0,2",7,63-74-70-75,0.021305307745933533
multi,2,in_dist,2,"0,2",8,72-99-52-61,0.020869679749011993
multi,2,in_dist,2,"0,2",9,82-94-97-67,0.016441095620393753
multi,2,in_dist,2,"0,2",10,69-87-71-79,0.011188150383532047
multi,2,in_dist,2,"0,2",11,81-80-85-86,0.02053447626531124
multi,2,in_dist,2,"0,3",0,56-90-83-88,0.012408198788762093
multi,2,in_dist,2,"0,3",1,57-96-78-95,0.030333753675222397
multi,2,in_dist,2,"0,3",2,55-84-62-68,0.07218722254037857
multi,2,in_dist,2,"0,3",3,77-53-59-89,0.025577334687113762
multi,2,in_dist,2,"0,3",4,92-73-50-76,-0.02999958023428917
multi,2,in_dist,2,"0,3",5,54-60-64-91,0.02702498435974121
multi,2,in_dist,2,"0,3",6,66-93-65-98,0.028355097398161888
multi,2,in_dist,2,"0,3",7,63-74-70-75,0.06107855588197708
multi,2,in_dist,2,"0,3",8,72-99-52-61,0.03332075476646423
multi,2,in_dist,2,"0,3",9,82-94-97-67,0.00885192770510912
multi,2,in_dist,2,"0,3",10,69-87-71-79,0.015231505036354065
multi,2,in_dist,2,"0,3",11,81-80-85-86,0.03274107724428177
multi,2,in_dist,2,"1,2",0,56-90-83-88,0.007306563202291727
multi,2,in_dist,2,"1,2",1,57-96-78-95,0.03312079980969429
multi,2,in_dist,2,"1,2",2,55-84-62-68,0.005285187158733606
multi,2,in_dist,2,"1,2",3,77-53-59-89,0.019236335530877113
multi,2,in_dist,2,"1,2",4,92-73-50-76,0.006456584669649601
multi,2,in_dist,2,"1,2",5,54-60-64-91,0.00432359054684639
multi,2,in_dist,2,"1,2",6,66-93-65-98,0.008587139658629894
multi,2,in_dist,2,"1,2",7,63-74-70-75,0.00270727276802063
multi,2,in_dist,2,"1,2",8,72-99-52-61,0.030581198632717133
multi,2,in_dist,2,"1,2",9,82-94-97-67,0.0018405647715553641
multi,2,in_dist,2,"1,2",10,69-87-71-79,0.0052765109576284885
multi,2,in_dist,2,"1,2",11,81-80-85-86,0.01914117857813835
multi,2,in_dist,2,"1,3",0,56-90-83-88,0.008676284924149513
multi,2,in_dist,2,"1,3",1,57-96-78-95,0.039581626653671265
multi,2,in_dist,2,"1,3",2,55-84-62-68,0.010316295549273491
multi,2,in_dist,2,"1,3",3,77-53-59-89,0.025694189593195915
multi,2,in_dist,2,"1,3",4,92-73-50-76,0.00292821298353374
multi,2,in_dist,2,"1,3",5,54-60-64-91,0.008883649483323097
multi,2,in_dist,2,"1,3",6,66-93-65-98,0.014967158436775208
multi,2,in_dist,2,"1,3",7,63-74-70-75,0.004130424000322819
multi,2,in_dist,2,"1,3",8,72-99-52-61,0.023279529064893723
multi,2,in_dist,2,"1,3",9,82-94-97-67,-0.0023097414523363113
multi,2,in_dist,2,"1,3",10,69-87-71-79,0.004572006873786449
multi,2,in_dist,2,"1,3",11,81-80-85-86,0.02060040272772312
multi,2,in_dist,2,"2,3",0,56-90-83-88,-0.028468606993556023
multi,2,in_dist,2,"2,3",1,57-96-78-95,-0.0016599311493337154
multi,2,in_dist,2,"2,3",2,55-84-62-68,-0.016210559755563736
multi,2,in_dist,2,"2,3",3,77-53-59-89,0.02000674232840538
multi,2,in_dist,2,"2,3",4,92-73-50-76,0.02683362178504467
multi,2,in_dist,2,"2,3",5,54-60-64-91,0.0033370102755725384
multi,2,in_dist,2,"2,3",6,66-93-65-98,-0.012136446312069893
multi,2,in_dist,2,"2,3",7,63-74-70-75,0.016841191798448563
multi,2,in_dist,2,"2,3",8,72-99-52-61,0.01788398064672947
multi,2,in_dist,2,"2,3",9,82-94-97-67,0.003071840852499008
multi,2,in_dist,2,"2,3",10,69-87-71-79,0.020586853846907616
multi,2,in_dist,2,"2,3",11,81-80-85-86,0.00947337131947279
multi,2,in_dist,3,"0,1,2",0,56-90-83-88,0.0033421646803617477
multi,2,in_dist,3,"0,1,2",1,57-96-78-95,0.004386749118566513
multi,2,in_dist,3,"0,1,2",2,55-84-62-68,0.0017527109012007713
multi,2,in_dist,3,"0,1,2",3,77-53-59-89,0.004576800856739283
multi,2,in_dist,3,"0,1,2",4,92-73-50-76,0.003966771997511387
multi,2,in_dist,3,"0,1,2",5,54-60-64-91,0.0036299757193773985
multi,2,in_dist,3,"0,1,2",6,66-93-65-98,0.005012428387999535
multi,2,in_dist,3,"0,1,2",7,63-74-70-75,0.00404402194544673
multi,2,in_dist,3,"0,1,2",8,72-99-52-61,0.005129633471369743
multi,2,in_dist,3,"0,1,2",9,82-94-97-67,0.0010330049553886056
multi,2,in_dist,3,"0,1,2",10,69-87-71-79,0.0023355495650321245
multi,2,in_dist,3,"0,1,2",11,81-80-85-86,0.003966687712818384
multi,2,in_dist,3,"0,1,3",0,56-90-83-88,0.0031928359530866146
multi,2,in_dist,3,"0,1,3",1,57-96-78-95,0.019042078405618668
multi,2,in_dist,3,"0,1,3",2,55-84-62-68,0.0035426709800958633
multi,2,in_dist,3,"0,1,3",3,77-53-59-89,0.005043955985456705
multi,2,in_dist,3,"0,1,3",4,92-73-50-76,0.002219000132754445
multi,2,in_dist,3,"0,1,3",5,54-60-64-91,0.003901831805706024
multi,2,in_dist,3,"0,1,3",6,66-93-65-98,0.007029426749795675
multi,2,in_dist,3,"0,1,3",7,63-74-70-75,0.00372191215865314
multi,2,in_dist,3,"0,1,3",8,72-99-52-61,0.008312898688018322
multi,2,in_dist,3,"0,1,3",9,82-94-97-67,0.002490637358278036
multi,2,in_dist,3,"0,1,3",10,69-87-71-79,0.004103540442883968
multi,2,in_dist,3,"0,1,3",11,81-80-85-86,0.003913900814950466
multi,2,in_dist,3,"0,2,3",0,56-90-83-88,0.004857468884438276
multi,2,in_dist,3,"0,2,3",1,57-96-78-95,0.006898056715726852
multi,2,in_dist,3,"0,2,3",2,55-84-62-68,0.008860593661665916
multi,2,in_dist,3,"0,2,3",3,77-53-59-89,0.0015211390564218163
multi,2,in_dist,3,"0,2,3",4,92-73-50-76,0.002689921762794256
multi,2,in_dist,3,"0,2,3",5,54-60-64-91,0.002139852149412036
multi,2,in_dist,3,"0,2,3",6,66-93-65-98,0.0017575959209352732
multi,2,in_dist,3,"0,2,3",7,63-74-70-75,0.00482393940910697
multi,2,in_dist,3,"0,2,3",8,72-99-52-61,0.005959856323897839
multi,2,in_dist,3,"0,2,3",9,82-94-97-67,0.0059477961622178555
multi,2,in_dist,3,"0,2,3",10,69-87-71-79,0.004469933453947306
multi,2,in_dist,3,"0,2,3",11,81-80-85-86,0.00036139669828116894
multi,2,in_dist,3,"1,2,3",0,56-90-83-88,0.0021874066442251205
multi,2,in_dist,3,"1,2,3",1,57-96-78-95,0.006809812039136887
multi,2,in_dist,3,"1,2,3",2,55-84-62-68,0.00384315918199718
multi,2,in_dist,3,"1,2,3",3,77-53-59-89,0.005379877518862486
multi,2,in_dist,3,"1,2,3",4,92-73-50-76,0.0021504194010049105
multi,2,in_dist,3,"1,2,3",5,54-60-64-91,0.0005439066444523633
multi,2,in_dist,3,"1,2,3",6,66-93-65-98,0.0025464752689003944
multi,2,in_dist,3,"1,2,3",7,63-74-70-75,-0.0007786303758621216
multi,2,in_dist,3,"1,2,3",8,72-99-52-61,0.004178566858172417
multi,2,in_dist,3,"1,2,3",9,82-94-97-67,-4.388222805573605e-05
multi,2,in_dist,3,"1,2,3",10,69-87-71-79,0.0022925795055925846
multi,2,in_dist,3,"1,2,3",11,81-80-85-86,0.004443089012056589
multi,2,in_dist,4,"0,1,2,3",0,56-90-83-88,0.0014172315131872892
multi,2,in_dist,4,"0,1,2,3",1,57-96-78-95,0.002638954436406493
multi,2,in_dist,4,"0,1,2,3",2,55-84-62-68,0.0017482924740761518
multi,2,in_dist,4,"0,1,2,3",3,77-53-59-89,0.0015728387515991926
multi,2,in_dist,4,"0,1,2,3",4,92-73-50-76,0.0018314528279006481
multi,2,in_dist,4,"0,1,2,3",5,54-60-64-91,0.0015658667543902993
multi,2,in_dist,4,"0,1,2,3",6,66-93-65-98,0.0016481580678373575
multi,2,in_dist,4,"0,1,2,3",7,63-74-70-75,0.001875109039247036
multi,2,in_dist,4,"0,1,2,3",8,72-99-52-61,0.0027400171384215355
multi,2,in_dist,4,"0,1,2,3",9,82-94-97-67,0.0016620656242594123
multi,2,in_dist,4,"0,1,2,3",10,69-87-71-79,0.0018858818802982569
multi,2,in_dist,4,"0,1,2,3",11,81-80-85-86,0.0017263719346374273
multi,2,wind,0,,0,56-90-83-88,0.3365829586982727
multi,2,wind,0,,1,57-96-78-95,0.2609756290912628
multi,2,wind,0,,2,55-84-62-68,0.2413768619298935
multi,2,wind,0,,3,77-53-59-89,0.3234548270702362
multi,2,wind,0,,4,92-73-50-76,0.285773366689682
multi,2,wind,0,,5,54-60-64-91,0.18942449986934662
multi,2,wind,0,,6,66-93-65-98,0.2083164006471634
multi,2,wind,0,,7,63-74-70-75,0.11789324134588242
multi,2,wind,0,,8,72-99-52-61,0.19370201230049133
multi,2,wind,0,,9,82-94-97-67,0.227463036775589
multi,2,wind,0,,10,69-87-71-79,0.35456451773643494
multi,2,wind,0,,11,81-80-85-86,0.2888597249984741
multi,2,wind,1,0,0,56-90-83-88,0.15403421223163605
multi,2,wind,1,0,1,57-96-78-95,0.10617810487747192
multi,2,wind,1,0,2,55-84-62-68,0.19983668625354767
multi,2,wind,1,0,3,77-53-59-89,0.23916105926036835
multi,2,wind,1,0,4,92-73-50-76,0.1920783817768097
multi,2,wind,1,0,5,54-60-64-91,0.1900399625301361
multi,2,wind,1,0,6,66-93-65-98,0.12213339656591415
multi,2,wind,1,0,7,63-74-70-75,0.2203371822834015
multi,2,wind,1,0,8,72-99-52-61,0.21938060224056244
multi,2,wind,1,0,9,82-94-97-67,0.14661729335784912
multi,2,wind,1,0,10,69-87-71-79,0.08268120139837265
multi,2,wind,1,0,11,81-80-85-86,0.21113961935043335
multi,2,wind,1,1,0,56-90-83-88,0.12261652946472168
multi,2,wind,1,1,1,57-96-78-95,0.19396689534187317
multi,2,wind,1,1,2,55-84-62-68,0.024042969569563866
multi,2,wind,1,1,3,77-53-59-89,0.2627844214439392
multi,2,wind,1,1,4,92-73-50-76,0.15558889508247375
multi,2,wind,1,1,5,54-60-64-91,0.27593258023262024
multi,2,wind,1,1,6,66-93-65-98,0.1359584778547287
multi,2,wind,1,1,7,63-74-70-75,0.2595331072807312
multi,2,wind,1,1,8,72-99-52-61,0.0763993039727211
multi,2,wind,1,1,9,82-94-97-67,0.2174685299396515
multi,2,wind,1,1,10,69-87-71-79,0.14455151557922363
multi,2,wind,1,1,11,81-80-85-86,0.229192852973938
multi,2,wind,1,2,0,56-90-83-88,0.027423761785030365
multi,2,wind,1,2,1,57-96-78-95,0.07131583243608475
multi,2,wind,1,2,2,55-84-62-68,0.08921927213668823
multi,2,wind,1,2,3,77-53-59-89,0.1062258929014206
multi,2,wind,1,2,4,92-73-50-76,0.10206074267625809
multi,2,wind,1,2,5,54-60-64-91,0.03689573332667351
multi,2,wind,1,2,6,66-93-65-98,-0.05404257774353027
multi,2,wind,1,2,7,63-74-70-75,0.0639343336224556
multi,2,wind,1,2,8,72-99-52-61,0.14307355880737305
multi,2,wind,1,2,9,82-94-97-67,0.051637228578329086
multi,2,wind,1,2,10,69-87-71-79,0.056359998881816864
multi,2,wind,1,2,11,81-80-85-86,0.0908326506614685
multi,2,wind,1,3,0,56-90-83-88,0.17321383953094482
multi,2,wind,1,3,1,57-96-78-95,0.12619873881340027
multi,2,wind,1,3,2,55-84-62-68,0.1702391654253006
multi,2,wind,1,3,3,77-53-59-89,0.22330304980278015
multi,2,wind,1,3,4,92-73-50-76,0.1288582682609558
multi,2,wind,1,3,5,54-60-64-91,0.055011749267578125
multi,2,wind,1,3,6,66-93-65-98,0.13123072683811188
multi,2,wind,1,3,7,63-74-70-75,0.018954815343022346
multi,2,wind,1,3,8,72-99-52-61,0.17919959127902985
multi,2,wind,1,3,9,82-94-97-67,0.01188264973461628
multi,2,wind,1,3,10,69-87-71-79,0.09221643954515457
multi,2,wind,1,3,11,81-80-85-86,0.14960668981075287
multi,2,wind,2,"0,1",0,56-90-83-88,0.12104880064725876
multi,2,wind,2,"0,1",1,57-96-78-95,0.08811952918767929
multi,2,wind,2,"0,1",2,55-84-62-68,0.06992890685796738
multi,2,wind,2,"0,1",3,77-53-59-89,0.26939287781715393
multi,2,wind,2,"0,1",4,92-73-50-76,0.18525861203670502
multi,2,wind,2,"0,1",5,54-60-64-91,0.25826412439346313
multi,2,wind,2,"0,1",6,66-93-65-98,0.14643540978431702
multi,2,wind,2,"0,1",7,63-74-70-75,0.23380520939826965
multi,2,wind,2,"0,1",8,72-99-52-61,0.07535703480243683
multi,2,wind,2,"0,1",9,82-94-97-67,0.18477939069271088
multi,2,wind,2,"0,1",10,69-87-71-79,0.12305426597595215
multi,2,wind,2,"0,1",11,81-80-85-86,0.16626185178756714
multi,2,wind,2,"0,2",0,56-90-83-88,0.039004500955343246
multi,2,wind,2,"0,2",1,57-96-78-95,0.0330326221883297
multi,2,wind,2,"0,2",2,55-84-62-68,0.028156034648418427
multi,2,wind,2,"0,2",3,77-53-59-89,0.00957766268402338
multi,2,wind,2,"0,2",4,92-73-50-76,0.044543541967868805
multi,2,wind,2,"0,2",5,54-60-64-91,0.026400402188301086
multi,2,wind,2,"0,2",6,66-93-65-98,0.026905518025159836
multi,2,wind,2,"0,2",7,63-74-70-75,0.07390595227479935
multi,2,wind,2,"0,2",8,72-99-52-61,-0.011013057082891464
multi,2,wind,2,"0,2",9,82-94-97-67,0.05909538269042969
multi,2,wind,2,"0,2",10,69-87-71-79,0.08331641554832458
multi,2,wind,2,"0,2",11,81-80-85-86,0.024288343265652657
multi,2,wind,2,"0,3",0,56-90-83-88,0.06369312107563019
multi,2,wind,2,"0,3",1,57-96-78-95,0.03096918947994709
multi,2,wind,2,"0,3",2,55-84-62-68,0.09140510112047195
multi,2,wind,2,"0,3",3,77-53-59-89,0.07625323534011841
multi,2,wind,2,"0,3",4,92-73-50-76,0.044333916157484055
multi,2,wind,2,"0,3",5,54-60-64-91,0.11389938741922379
multi,2,wind,2,"0,3",6,66-93-65-98,-0.0028039466124027967
multi,2,wind,2,"0,3",7,63-74-70-75,0.1404331922531128
multi,2,wind,2,"0,3",8,72-99-52-61,0.037410248070955276
multi,2,wind,2,"0,3",9,82-94-97-67,0.06830254942178726
multi,2,wind,2,"0,3",10,69-87-71-79,0.042810309678316116
multi,2,wind,2,"0,3",11,81-80-85-86,0.09755036234855652
multi,2,wind,2,"1,2",0,56-90-83-88,0.0533711314201355
multi,2,wind,2,"1,2",1,57-96-78-95,0.06027331203222275
multi,2,wind,2,"1,2",2,55-84-62-68,0.0012673555174842477
multi,2,wind,2,"1,2",3,77-53-59-89,0.046928245574235916
multi,2,wind,2,"1,2",4,92-73-50-76,0.04618317633867264
multi,2,wind,2,"1,2",5,54-60-64-91,0.028089817613363266
multi,2,wind,2,"1,2",6,66-93-65-98,0.05502428486943245
multi,2,wind,2,"1,2",7,63-74-70-75,0.026781126856803894
multi,2,wind,2,"1,2",8,72-99-52-61,0.017296213656663895
multi,2,wind,2,"1,2",9,82-94-97-67,0.03069687820971012
multi,2,wind,2,"1,2",10,69-87-71-79,0.04830274358391762
multi,2,wind,2,"1,2",11,81-80-85-86,0.03819296509027481
multi,2,wind,2,"1,3",0,56-90-83-88,0.08697296679019928
multi,2,wind,2,"1,3",1,57-96-78-95,0.08575250208377838
multi,2,wind,2,"1,3",2,55-84-62-68,0.009363975375890732
multi,2,wind,2,"1,3",3,77-53-59-89,0.023616168648004532
multi,2,wind,2,"1,3",4,92-73-50-76,0.0383974090218544
multi,2,wind,2,"1,3",5,54-60-64-91,0.04099594056606293
multi,2,wind,2,"1,3",6,66-93-65-98,0.06052739545702934
multi,2,wind,2,"1,3",7,63-74-70-75,0.06963811069726944
multi,2,wind,2,"1,3",8,72-99-52-61,0.0029643273446708918
multi,2,wind,2,"1,3",9,82-94-97-67,0.033816177397966385
multi,2,wind,2,"1,3",10,69-87-71-79,0.01953274942934513
multi,2,wind,2,"1,3",11,81-80-85-86,0.04906177148222923
multi,2,wind,2,"2,3",0,56-90-83-88,0.01069670170545578
multi,2,wind,2,"2,3",1,57-96-78-95,0.09515966475009918
multi,2,wind,2,"2,3",2,55-84-62-68,0.0875612273812294
multi,2,wind,2,"2,3",3,77-53-59-89,0.08937988430261612
multi,2,wind,2,"2,3",4,92-73-50-76,0.10449187457561493
multi,2,wind,2,"2,3",5,54-60-64-91,0.04985446482896805
multi,2,wind,2,"2,3",6,66-93-65-98,-0.03602554276585579
multi,2,wind,2,"2,3",7,63-74-70-75,0.07122470438480377
multi,2,wind,2,"2,3",8,72-99-52-61,0.13437804579734802
multi,2,wind,2,"2,3",9,82-94-97-67,0.030664406716823578
multi,2,wind,2,"2,3",10,69-87-71-79,0.0145036606118083
multi,2,wind,2,"2,3",11,81-80-85-86,0.09176069498062134
multi,2,wind,3,"0,1,2",0,56-90-83-88,0.0019121443619951606
multi,2,wind,3,"0,1,2",1,57-96-78-95,0.014207761734724045
multi,2,wind,3,"0,1,2",2,55-84-62-68,0.01860291324555874
multi,2,wind,3,"0,1,2",3,77-53-59-89,0.028611259534955025
multi,2,wind,3,"0,1,2",4,92-73-50-76,0.02380375564098358
multi,2,wind,3,"0,1,2",5,54-60-64-91,0.01186109147965908
multi,2,wind,3,"0,1,2",6,66-93-65-98,0.03046702966094017
multi,2,wind,3,"0,1,2",7,63-74-70-75,0.02676704339683056
multi,2,wind,3,"0,1,2",8,72-99-52-61,0.009105387143790722
multi,2,wind,3,"0,1,2",9,82-94-97-67,0.04186484217643738
multi,2,wind,3,"0,1,2",10,69-87-71-79,0.04358683153986931
multi,2,wind,3,"0,1,2",11,81-80-85-86,0.010437165386974812
multi,2,wind,3,"0,1,3",0,56-90-83-88,0.03552088886499405
multi,2,wind,3,"0,1,3",1,57-96-78-95,0.034689873456954956
multi,2,wind,3,"0,1,3",2,55-84-62-68,0.01613101176917553
multi,2,wind,3,"0,1,3",3,77-53-59-89,0.0024170265533030033
multi,2,wind,3,"0,1,3",4,92-73-50-76,0.02708227001130581
multi,2,wind,3,"0,1,3",5,54-60-64-91,0.026107391342520714
multi,2,wind,3,"0,1,3",6,66-93-65-98,0.03142188861966133
multi,2,wind,3,"0,1,3",7,63-74-70-75,0.060355864465236664
multi,2,wind,3,"0,1,3",8,72-99-52-61,0.002295487793162465
multi,2,wind,3,"0,1,3",9,82-94-97-67,0.012640213593840599
multi,2,wind,3,"0,1,3",10,69-87-71-79,-0.012171818874776363
multi,2,wind,3,"0,1,3",11,81-80-85-86,0.02475583367049694
multi,2,wind,3,"0,2,3",0,56-90-83-88,0.017378810793161392
multi,2,wind,3,"0,2,3",1,57-96-78-95,0.04464423656463623
multi,2,wind,3,"0,2,3",2,55-84-62-68,0.03862370178103447
multi,2,wind,3,"0,2,3",3,77-53-59-89,0.007394751068204641
multi,2,wind,3,"0,2,3",4,92-73-50-76,0.03426358103752136
multi,2,wind,3,"0,2,3",5,54-60-64-91,0.030241332948207855
multi,2,wind,3,"0,2,3",6,66-93-65-98,0.015806859359145164
multi,2,wind,3,"0,2,3",7,63-74-70-75,0.06055548042058945
multi,2,wind,3,"0,2,3",8,72-99-52-61,0.016808072105050087
multi,2,wind,3,"0,2,3",9,82-94-97-67,0.027873843908309937
multi,2,wind,3,"0,2,3",10,69-87-71-79,0.052448637783527374
multi,2,wind,3,"0,2,3",11,81-80-85-86,0.021880095824599266
multi,2,wind,3,"1,2,3",0,56-90-83-88,0.06169635057449341
multi,2,wind,3,"1,2,3",1,57-96-78-95,0.07140707224607468
multi,2,wind,3,"1,2,3",2,55-84-62-68,0.003057335037738085
multi,2,wind,3,"1,2,3",3,77-53-59-89,0.045718785375356674
multi,2,wind,3,"1,2,3",4,92-73-50-76,0.03780912235379219
multi,2,wind,3,"1,2,3",5,54-60-64-91,0.0239554550498724
multi,2,wind,3,"1,2,3",6,66-93-65-98,0.04392678663134575
multi,2,wind,3,"1,2,3",7,63-74-70-75,0.022570498287677765
multi,2,wind,3,"1,2,3",8,72-99-52-61,0.02817743644118309
multi,2,wind,3,"1,2,3",9,82-94-97-67,0.03474528715014458
multi,2,wind,3,"1,2,3",10,69-87-71-79,0.027375666424632072
multi,2,wind,3,"1,2,3",11,81-80-85-86,0.028562193736433983
multi,2,wind,4,"0,1,2,3",0,56-90-83-88,0.013360713608562946
multi,2,wind,4,"0,1,2,3",1,57-96-78-95,0.023898867890238762
multi,2,wind,4,"0,1,2,3",2,55-84-62-68,0.014695016667246819
multi,2,wind,4,"0,1,2,3",3,77-53-59-89,0.013553144410252571
multi,2,wind,4,"0,1,2,3",4,92-73-50-76,0.016312038525938988
multi,2,wind,4,"0,1,2,3",5,54-60-64-91,0.018927529454231262
multi,2,wind,4,"0,1,2,3",6,66-93-65-98,0.009434840641915798
multi,2,wind,4,"0,1,2,3",7,63-74-70-75,0.01937711052596569
multi,2,wind,4,"0,1,2,3",8,72-99-52-61,0.026182400062680244
multi,2,wind,4,"0,1,2,3",9,82-94-97-67,0.010146197862923145
multi,2,wind,4,"0,1,2,3",10,69-87-71-79,0.015256708487868309
multi,2,wind,4,"0,1,2,3",11,81-80-85-86,0.005369475577026606
multi,2,sand,0,,0,56-90-83-88,0.30744796991348267
multi,2,sand,0,,1,57-96-78-95,0.07346782088279724
multi,2,sand,0,,2,55-84-62-68,0.21069368720054626
multi,2,sand,0,,3,77-53-59-89,0.2664995491504669
multi,2,sand,0,,4,92-73-50-76,0.22261950373649597
multi,2,sand,0,,5,54-60-64-91,0.27857136726379395
multi,2,sand,0,,6,66-93-65-98,0.0012292772298678756
multi,2,sand,0,,7,63-74-70-75,0.113646000623703
multi,2,sand,0,,8,72-99-52-61,0.18392331898212433
multi,2,sand,0,,9,82-94-97-67,0.18575842678546906
multi,2,sand,0,,10,69-87-71-79,0.3584371507167816
multi,2,sand,0,,11,81-80-85-86,0.23719295859336853
multi,2,sand,1,0,0,56-90-83-88,0.09033200889825821
multi,2,sand,1,0,1,57-96-78-95,0.06226811930537224
multi,2,sand,1,0,2,55-84-62-68,0.1805233359336853
multi,2,sand,1,0,3,77-53-59-89,0.16349828243255615
multi,2,sand,1,0,4,92-73-50-76,0.16890160739421844
multi,2,sand,1,0,5,54-60-64-91,0.15789160132408142
multi,2,sand,1,0,6,66-93-65-98,0.0811222642660141
multi,2,sand,1,0,7,63-74-70-75,0.10591430217027664
multi,2,sand,1,0,8,72-99-52-61,0.18675804138183594
multi,2,sand,1,0,9,82-94-97-67,0.045875053852796555
multi,2,sand,1,0,10,69-87-71-79,0.23727814853191376
multi,2,sand,1,0,11,81-80-85-86,0.08051557093858719
multi,2,sand,1,1,0,56-90-83-88,0.08359847962856293
multi,2,sand,1,1,1,57-96-78-95,0.05681931972503662
multi,2,sand,1,1,2,55-84-62-68,0.0038955991622060537
multi,2,sand,1,1,3,77-53-59-89,0.211551234126091
multi,2,sand,1,1,4,92-73-50-76,0.05333518981933594
multi,2,sand,1,1,5,54-60-64-91,0.1901824027299881
multi,2,sand,1,1,6,66-93-65-98,0.12240142375230789
multi,2,sand,1,1,7,63-74-70-75,0.15059097111225128
multi,2,sand,1,1,8,72-99-52-61,0.11229228228330612
multi,2,sand,1,1,9,82-94-97-67,0.09913768619298935
multi,2,sand,1,1,10,69-87-71-79,0.04837127402424812
multi,2,sand,1,1,11,81-80-85-86,0.14450864493846893
multi,2,sand,1,2,0,56-90-83-88,-0.0031165285035967827
multi,2,sand,1,2,1,57-96-78-95,0.04904761165380478
multi,2,sand,1,2,2,55-84-62-68,0.018308524042367935
multi,2,sand,1,2,3,77-53-59-89,0.030842140316963196
multi,2,sand,1,2,4,92-73-50-76,0.042799726128578186
multi,2,sand,1,2,5,54-60-64-91,0.05061166360974312
multi,2,sand,1,2,6,66-93-65-98,0.0018315579509362578
multi,2,sand,1,2,7,63-74-70-75,0.046006422489881516
multi,2,sand,1,2,8,72-99-52-61,0.1067400872707367
multi,2,sand,1,2,9,82-94-97-67,0.029878338798880577
multi,2,sand,1,2,10,69-87-71-79,0.05450037494301796
multi,2,sand,1,2,11,81-80-85-86,0.08631138503551483
multi,2,sand,1,3,0,56-90-83-88,0.05862823501229286
multi,2,sand,1,3,1,57-96-78-95,0.05875154584646225
multi,2,sand,1,3,2,55-84-62-68,0.13514043390750885
multi,2,sand,1,3,3,77-53-59-89,0.01524874847382307
multi,2,sand,1,3,4,92-73-50-76,0.07628774642944336
multi,2,sand,1,3,5,54-60-64-91,0.08846238255500793
multi,2,sand,1,3,6,66-93-65-98,0.012159889563918114
multi,2,sand,1,3,7,63-74-70-75,0.07413416355848312
multi,2,sand,1,3,8,72-99-52-61,0.12537141144275665
multi,2,sand,1,3,9,82-94-97-67,0.05959175527095795
multi,2,sand,1,3,10,69-87-71-79,0.10307158529758453
multi,2,sand,1,3,11,81-80-85-86,0.07042321562767029
multi,2,sand,2,"0,1",0,56-90-83-88,0.04839485511183739
multi,2,sand,2,"0,1",1,57-96-78-95,0.0357825942337513
multi,2,sand,2,"0,1",2,55-84-62-68,0.010157113894820213
multi,2,sand,2,"0,1",3,77-53-59-89,0.12244760990142822
multi,2,sand,2,"0,1",4,92-73-50-76,0.03573618829250336
multi,2,sand,2,"0,1",5,54-60-64-91,0.10700176656246185
multi,2,sand,2,"0,1",6,66-93-65-98,0.10483334958553314
multi,2,sand,2,"0,1",7,63-74-70-75,0.08535570651292801
multi,2,sand,2,"0,1",8,72-99-52-61,0.09400960057973862
multi,2,sand,2,"0,1",9,82-94-97-67,0.05189037322998047
multi,2,sand,2,"0,1",10,69-87-71-79,0.04978238418698311
multi,2,sand,2,"0,1",11,81-80-85-86,0.07859496027231216
multi,2,sand,2,"0,2",0,56-90-83-88,0.04285522550344467
multi,2,sand,2,"0,2",1,57-96-78-95,0.027393128722906113
multi,2,sand,2,"0,2",2,55-84-62-68,0.008684816770255566
multi,2,sand,2,"0,2",3,77-53-59-89,0.005408505909144878
multi,2,sand,2,"0,2",4,92-73-50-76,0.023783843964338303
multi,2,sand,2,"0,2",5,54-60-64-91,0.01571102999150753
multi,2,sand,2,"0,2",6,66-93-65-98,0.017071237787604332
multi,2,sand,2,"0,2",7,63-74-70-75,0.02672722004354
multi,2,sand,2,"0,2",8,72-99-52-61,0.031224360689520836
multi,2,sand,2,"0,2",9,82-94-97-67,0.014478161931037903
multi,2,sand,2,"0,2",10,69-87-71-79,0.015050744637846947
multi,2,sand,2,"0,2",11,81-80-85-86,0.027643350884318352
multi,2,sand,2,"0,3",0,56-90-83-88,0.01729400083422661
multi,2,sand,2,"0,3",1,57-96-78-95,0.020597582682967186
multi,2,sand,2,"0,3",2,55-84-62-68,0.05425132438540459
multi,2,sand,2,"0,3",3,77-53-59-89,0.05788155645132065
multi,2,sand,2,"0,3",4,92-73-50-76,-0.007811685558408499
multi,2,sand,2,"0,3",5,54-60-64-91,0.04554630443453789
multi,2,sand,2,"0,3",6,66-93-65-98,0.042376238852739334
multi,2,sand,2,"0,3",7,63-74-70-75,0.0930824726819992
multi,2,sand,2,"0,3",8,72-99-52-61,0.015501835383474827
multi,2,sand,2,"0,3",9,82-94-97-67,0.0009513944387435913
multi,2,sand,2,"0,3",10,69-87-71-79,0.017896953970193863
multi,2,sand,2,"0,3",11,81-80-85-86,0.045318588614463806
multi,2,sand,2,"1,2",0,56-90-83-88,0.013113917782902718
multi,2,sand,2,"1,2",1,57-96-78-95,0.031300075352191925
multi,2,sand,2,"1,2",2,55-84-62-68,0.006036329083144665
multi,2,sand,2,"1,2",3,77-53-59-89,0.02285551279783249
multi,2,sand,2,"1,2",4,92-73-50-76,0.011369749903678894
multi,2,sand,2,"1,2",5,54-60-64-91,0.002884611953049898
multi,2,sand,2,"1,2",6,66-93-65-98,0.008298269473016262
multi,2,sand,2,"1,2",7,63-74-70-75,0.010251608677208424
multi,2,sand,2,"1,2",8,72-99-52-61,0.022858286276459694
multi,2,sand,2,"1,2",9,82-94-97-67,-0.0038110241293907166
multi,2,sand,2,"1,2",10,69-87-71-79,0.004884697496891022
multi,2,sand,2,"1,2",11,81-80-85-86,0.023682529106736183
multi,2,sand,2,"1,3",0,56-90-83-88,0.011187284253537655
multi,2,sand,2,"1,3",1,57-96-78-95,0.03991829976439476
multi,2,sand,2,"1,3",2,55-84-62-68,0.013128077611327171
multi,2,sand,2,"1,3",3,77-53-59-89,0.03952610865235329
multi,2,sand,2,"1,3",4,92-73-50-76,0.007365965284407139
multi,2,sand,2,"1,3",5,54-60-64-91,-0.0008920126711018384
multi,2,sand,2,"1,3",6,66-93-65-98,0.013443253934383392
multi,2,sand,2,"1,3",7,63-74-70-75,0.005673532839864492
multi,2,sand,2,"1,3",8,72-99-52-61,0.023161524906754494
multi,2,sand,2,"1,3",9,82-94-97-67,-0.0053021847270429134
multi,2,sand,2,"1,3",10,69-87-71-79,0.009848346002399921
multi,2,sand,2,"1,3",11,81-80-85-86,0.017590222880244255
multi,2,sand,2,"2,3",0,56-90-83-88,-0.017001697793602943
multi,2,sand,2,"2,3",1,57-96-78-95,0.01425264123827219
multi,2,sand,2,"2,3",2,55-84-62-68,0.002068037400022149
multi,2,sand,2,"2,3",3,77-53-59-89,0.017414283007383347
multi,2,sand,2,"2,3",4,92-73-50-76,0.029677778482437134
multi,2,sand,2,"2,3",5,54-60-64-91,0.023383209481835365
multi,2,sand,2,"2,3",6,66-93-65-98,-0.009659755043685436
multi,2,sand,2,"2,3",7,63-74-70-75,0.009371793828904629
multi,2,sand,2,"2,3",8,72-99-52-61,0.027172474190592766
multi,2,sand,2,"2,3",9,82-94-97-67,0.006301477085798979
multi,2,sand,2,"2,3",10,69-87-71-79,0.03502534702420235
multi,2,sand,2,"2,3",11,81-80-85-86,0.023585647344589233
multi,2,sand,3,"0,1,2",0,56-90-83-88,0.008524114266037941
multi,2,sand,3,"0,1,2",1,57-96-78-95,0.010582994669675827
multi,2,sand,3,"0,1,2",2,55-84-62-68,0.0034966077655553818
multi,2,sand,3,"0,1,2",3,77-53-59-89,0.007043657824397087
multi,2,sand,3,"0,1,2",4,92-73-50-76,0.008651492185890675
multi,2,sand,3,"0,1,2",5,54-60-64-91,0.006089059170335531
multi,2,sand,3,"0,1,2",6,66-93-65-98,0.007040695287287235
multi,2,sand,3,"0,1,2",7,63-74-70-75,0.00999409705400467
multi,2,sand,3,"0,1,2",8,72-99-52-61,0.011548873968422413
multi,2,sand,3,"0,1,2",9,82-94-97-67,0.0035840931814163923
multi,2,sand,3,"0,1,2",10,69-87-71-79,0.003922376316040754
multi,2,sand,3,"0,1,2",11,81-80-85-86,0.00710231764242053
multi,2,sand,3,"0,1,3",0,56-90-83-88,0.008177845738828182
multi,2,sand,3,"0,1,3",1,57-96-78-95,0.022076405584812164
multi,2,sand,3,"0,1,3",2,55-84-62-68,0.006685623433440924
multi,2,sand,3,"0,1,3",3,77-53-59-89,0.012575514614582062
multi,2,sand,3,"0,1,3",4,92-73-50-76,0.00518644368276
multi,2,sand,3,"0,1,3",5,54-60-64-91,0.005341438110917807
multi,2,sand,3,"0,1,3",6,66-93-65-98,0.008296080864965916
multi,2,sand,3,"0,1,3",7,63-74-70-75,0.006423009559512138
multi,2,sand,3,"0,1,3",8,72-99-52-61,0.018858138471841812
multi,2,sand,3,"0,1,3",9,82-94-97-67,0.0031982932705432177
multi,2,sand,3,"0,1,3",10,69-87-71-79,0.007737904787063599
multi,2,sand,3,"0,1,3",11,81-80-85-86,0.0025950907729566097
multi,2,sand,3,"0,2,3",0,56-90-83-88,0.006904954556375742
multi,2,sand,3,"0,2,3",1,57-96-78-95,0.00699748657643795
multi,2,sand,3,"0,2,3",2,55-84-62-68,0.008537434041500092
multi,2,sand,3,"0,2,3",3,77-53-59-89,-0.0009837804827839136
multi,2,sand,3,"0,2,3",4,92-73-50-76,0.006087334360927343
multi,2,sand,3,"0,2,3",5,54-60-64-91,0.0002114645903930068
multi,2,sand,3,"0,2,3",6,66-93-65-98,0.0056332615204155445
multi,2,sand,3,"0,2,3",7,63-74-70-75,0.010364810936152935
multi,2,sand,3,"0,2,3",8,72-99-52-61,0.009883301332592964
multi,2,sand,3,"0,2,3",9,82-94-97-67,0.007380328141152859
multi,2,sand,3,"0,2,3",10,69-87-71-79,0.007461787201464176
multi,2,sand,3,"0,2,3",11,81-80-85-86,0.01160140335559845
multi,2,sand,3,"1,2,3",0,56-90-83-88,0.0012009689817205071
multi,2,sand,3,"1,2,3",1,57-96-78-95,0.010557187721133232
multi,2,sand,3,"1,2,3",2,55-84-62-68,0.0037464722990989685
multi,2,sand,3,"1,2,3",3,77-53-59-89,0.010434143245220184
multi,2,sand,3,"1,2,3",4,92-73-50-76,0.0021656551398336887
multi,2,sand,3,"1,2,3",5,54-60-64-91,-0.0012191771529614925
multi,2,sand,3,"1,2,3",6,66-93-65-98,0.002054289449006319
multi,2,sand,3,"1,2,3",7,63-74-70-75,-0.003453349694609642
multi,2,sand,3,"1,2,3",8,72-99-52-61,0.006369730923324823
multi,2,sand,3,"1,2,3",9,82-94-97-67,-0.0043344213627278805
multi,2,sand,3,"1,2,3",10,69-87-71-79,0.00217524659819901
multi,2,sand,3,"1,2,3",11,81-80-85-86,0.0086982361972332
multi,2,sand,4,"0,1,2,3",0,56-90-83-88,0.0017348866676911712
multi,2,sand,4,"0,1,2,3",1,57-96-78-95,0.003142419271171093
multi,2,sand,4,"0,1,2,3",2,55-84-62-68,0.0019663649145513773
multi,2,sand,4,"0,1,2,3",3,77-53-59-89,0.0018593738786876202
multi,2,sand,4,"0,1,2,3",4,92-73-50-76,0.0020344892982393503
multi,2,sand,4,"0,1,2,3",5,54-60-64-91,0.0018178652971982956
multi,2,sand,4,"0,1,2,3",6,66-93-65-98,0.0019287839531898499
multi,2,sand,4,"0,1,2,3",7,63-74-70-75,0.0020687170326709747
multi,2,sand,4,"0,1,2,3",8,72-99-52-61,0.0031471415422856808
multi,2,sand,4,"0,1,2,3",9,82-94-97-67,0.0019197383662685752
multi,2,sand,4,"0,1,2,3",10,69-87-71-79,0.0021679173223674297
multi,2,sand,4,"0,1,2,3",11,81-80-85-86,0.002004524925723672
multi,2,slope_up,0,,0,56-90-83-88,0.25666067004203796
multi,2,slope_up,0,,1,57-96-78-95,0.23746952414512634
multi,2,slope_up,0,,2,55-84-62-68,0.20237459242343903
multi,2,slope_up,0,,3,77-53-59-89,0.32594361901283264
multi,2,slope_up,0,,4,92-73-50-76,0.25814175605773926
multi,2,slope_up,0,,5,54-60-64-91,0.2431710958480835
multi,2,slope_up,0,,6,66-93-65-98,0.21217136085033417
multi,2,slope_up,0,,7,63-74-70-75,0.07478141784667969
multi,2,slope_up,0,,8,72-99-52-61,0.22499240934848785
multi,2,slope_up,0,,9,82-94-97-67,0.13411764800548553
multi,2,slope_up,0,,10,69-87-71-79,0.2834707796573639
multi,2,slope_up,0,,11,81-80-85-86,0.20211870968341827
multi,2,slope_up,1,0,0,56-90-83-88,0.0824107751250267
multi,2,slope_up,1,0,1,57-96-78-95,0.09460879862308502
multi,2,slope_up,1,0,2,55-84-62-68,0.12285953760147095
multi,2,slope_up,1,0,3,77-53-59-89,0.14320158958435059
multi,2,slope_up,1,0,4,92-73-50-76,0.12551100552082062
multi,2,slope_up,1,0,5,54-60-64-91,0.13198302686214447
multi,2,slope_up,1,0,6,66-93-65-98,0.09512539952993393
multi,2,slope_up,1,0,7,63-74-70-75,0.045313749462366104
multi,2,slope_up,1,0,8,72-99-52-61,0.15812835097312927
multi,2,slope_up,1,0,9,82-94-97-67,0.07039032131433487
multi,2,slope_up,1,0,10,69-87-71-79,0.14244428277015686
multi,2,slope_up,1,0,11,81-80-85-86,0.08581136167049408
multi,2,slope_up,1,1,0,56-90-83-88,0.08005267381668091
multi,2,slope_up,1,1,1,57-96-78-95,0.15486514568328857
multi,2,slope_up,1,1,2,55-84-62-68,0.0037138997577130795
multi,2,slope_up,1,1,3,77-53-59-89,0.15671344101428986
multi,2,slope_up,1,1,4,92-73-50-76,0.06714712828397751
multi,2,slope_up,1,1,5,54-60-64-91,0.17862780392169952
multi,2,slope_up,1,1,6,66-93-65-98,0.13049112260341644
multi,2,slope_up,1,1,7,63-74-70-75,0.13397641479969025
multi,2,slope_up,1,1,8,72-99-52-61,0.12386047840118408
multi,2,slope_up,1,1,9,82-94-97-67,0.08426763862371445
multi,2,slope_up,1,1,10,69-87-71-79,0.057117532938718796
multi,2,slope_up,1,1,11,81-80-85-86,0.07960386574268341
multi,2,slope_up,1,2,0,56-90-83-88,-0.029296033084392548
multi,2,slope_up,1,2,1,57-96-78-95,0.036901429295539856
multi,2,slope_up,1,2,2,55-84-62-68,0.001764453831128776
multi,2,slope_up,1,2,3,77-53-59-89,0.036581989377737045
multi,2,slope_up,1,2,4,92-73-50-76,0.06325729191303253
multi,2,slope_up,1,2,5,54-60-64-91,0.02275397628545761
multi,2,slope_up,1,2,6,66-93-65-98,0.03413054347038269
multi,2,slope_up,1,2,7,63-74-70-75,0.04889403656125069
multi,2,slope_up,1,2,8,72-99-52-61,0.09503433108329773
multi,2,slope_up,1,2,9,82-94-97-67,0.03687245771288872
multi,2,slope_up,1,2,10,69-87-71-79,0.0864192321896553
multi,2,slope_up,1,2,11,81-80-85-86,0.07498110085725784
multi,2,slope_up,1,3,0,56-90-83-88,0.07413189858198166
multi,2,slope_up,1,3,1,57-96-78-95,0.030303560197353363
multi,2,slope_up,1,3,2,55-84-62-68,0.11911658942699432
multi,2,slope_up,1,3,3,77-53-59-89,0.033190127462148666
multi,2,slope_up,1,3,4,92-73-50-76,0.054335832595825195
multi,2,slope_up,1,3,5,54-60-64-91,0.09568896144628525
multi,2,slope_up,1,3,6,66-93-65-98,0.013558794744312763
multi,2,slope_up,1,3,7,63-74-70-75,0.07497935742139816
multi,2,slope_up,1,3,8,72-99-52-61,0.13844521343708038
multi,2,slope_up,1,3,9,82-94-97-67,-0.04987548291683197
multi,2,slope_up,1,3,10,69-87-71-79,0.06891518831253052
multi,2,slope_up,1,3,11,81-80-85-86,0.10231611132621765
multi,2,slope_up,2,"0,1",0,56-90-83-88,0.03117385134100914
multi,2,slope_up,2,"0,1",1,57-96-78-95,0.0745265781879425
multi,2,slope_up,2,"0,1",2,55-84-62-68,0.023702144622802734
multi,2,slope_up,2,"0,1",3,77-53-59-89,0.06946977227926254
multi,2,slope_up,2,"0,1",4,92-73-50-76,0.03803691267967224
multi,2,slope_up,2,"0,1",5,54-60-64-91,0.07294296473264694
multi,2,slope_up,2,"0,1",6,66-93-65-98,0.05039796233177185
multi,2,slope_up,2,"0,1",7,63-74-70-75,0.046988245099782944
multi,2,slope_up,2,"0,1",8,72-99-52-61,0.08691436052322388
multi,2,slope_up,2,"0,1",9,82-94-97-67,0.03171008825302124
multi,2,slope_up,2,"0,1",10,69-87-71-79,0.02946511283516884
multi,2,slope_up,2,"0,1",11,81-80-85-86,0.051048070192337036
multi,2,slope_up,2,"0,2",0,56-90-83-88,0.01487978920340538
multi,2,slope_up,2,"0,2",1,57-96-78-95,0.026237569749355316
multi,2,slope_up,2,"0,2",2,55-84-62-68,0.002773482818156481
multi,2,slope_up,2,"0,2",3,77-53-59-89,0.004701181314885616
multi,2,slope_up,2,"0,2",4,92-73-50-76,0.013216336257755756
multi,2,slope_up,2,"0,2",5,54-60-64-91,0.008485785685479641
multi,2,slope_up,2,"0,2",6,66-93-65-98,0.01045804750174284
multi,2,slope_up,2,"0,2",7,63-74-70-75,0.004049560055136681
multi,2,slope_up,2,"0,2",8,72-99-52-61,0.020869383588433266
multi,2,slope_up,2,"0,2",9,82-94-97-67,0.010155589319765568
multi,2,slope_up,2,"0,2",10,69-87-71-79,0.0032556268852204084
multi,2,slope_up,2,"0,2",11,81-80-85-86,0.020534351468086243
multi,2,slope_up,2,"0,3",0,56-90-83-88,0.01216864213347435
multi,2,slope_up,2,"0,3",1,57-96-78-95,0.03033415414392948
multi,2,slope_up,2,"0,3",2,55-84-62-68,0.049975596368312836
multi,2,slope_up,2,"0,3",3,77-53-59-89,0.02557753026485443
multi,2,slope_up,2,"0,3",4,92-73-50-76,-0.03648228570818901
multi,2,slope_up,2,"0,3",5,54-60-64-91,0.02702507935464382
multi,2,slope_up,2,"0,3",6,66-93-65-98,0.027901222929358482
multi,2,slope_up,2,"0,3",7,63-74-70-75,0.0487997867166996
multi,2,slope_up,2,"0,3",8,72-99-52-61,0.03332114592194557
multi,2,slope_up,2,"0,3",9,82-94-97-67,0.008727747946977615
multi,2,slope_up,2,"0,3",10,69-87-71-79,0.014174586161971092
multi,2,slope_up,2,"0,3",11,81-80-85-86,0.032740719616413116
multi,2,slope_up,2,"1,2",0,56-90-83-88,0.007306634448468685
multi,2,slope_up,2,"1,2",1,57-96-78-95,0.03312104567885399
multi,2,slope_up,2,"1,2",2,55-84-62-68,0.005088710226118565
multi,2,slope_up,2,"1,2",3,77-53-59-89,0.01923629641532898
multi,2,slope_up,2,"1,2",4,92-73-50-76,0.006457368843257427
multi,2,slope_up,2,"1,2",5,54-60-64-91,0.004323631525039673
multi,2,slope_up,2,"1,2",6,66-93-65-98,0.008553244173526764
multi,2,slope_up,2,"1,2",7,63-74-70-75,0.0021032458171248436
multi,2,slope_up,2,"1,2",8,72-99-52-61,0.030581271275877953
multi,2,slope_up,2,"1,2",9,82-94-97-67,0.0018406668677926064
multi,2,slope_up,2,"1,2",10,69-87-71-79,0.0044397274032235146
multi,2,slope_up,2,"1,2",11,81-80-85-86,0.01907854899764061
multi,2,slope_up,2,"1,3",0,56-90-83-88,0.008676326833665371
multi,2,slope_up,2,"1,3",1,57-96-78-95,0.03958166018128395
multi,2,slope_up,2,"1,3",2,55-84-62-68,0.0054139611311256886
multi,2,slope_up,2,"1,3",3,77-53-59-89,0.025122415274381638
multi,2,slope_up,2,"1,3",4,92-73-50-76,0.002928209723904729
multi,2,slope_up,2,"1,3",5,54-60-64-91,0.008883394300937653
multi,2,slope_up,2,"1,3",6,66-93-65-98,0.014077888801693916
multi,2,slope_up,2,"1,3",7,63-74-70-75,0.0037902845069766045
multi,2,slope_up,2,"1,3",8,72-99-52-61,0.023279473185539246
multi,2,slope_up,2,"1,3",9,82-94-97-67,-0.0023096129298210144
multi,2,slope_up,2,"1,3",10,69-87-71-79,0.006563581060618162
multi,2,slope_up,2,"1,3",11,81-80-85-86,0.02021346427500248
multi,2,slope_up,2,"2,3",0,56-90-83-88,-0.028468897566199303
multi,2,slope_up,2,"2,3",1,57-96-78-95,-0.001659983303397894
multi,2,slope_up,2,"2,3",2,55-84-62-68,-0.01626523770391941
multi,2,slope_up,2,"2,3",3,77-53-59-89,0.020006021484732628
multi,2,slope_up,2,"2,3",4,92-73-50-76,0.02683359757065773
multi,2,slope_up,2,"2,3",5,54-60-64-91,0.003336814697831869
multi,2,slope_up,2,"2,3",6,66-93-65-98,-0.012345599941909313
multi,2,slope_up,2,"2,3",7,63-74-70-75,0.01684100367128849
multi,2,slope_up,2,"2,3",8,72-99-52-61,0.017884118482470512
multi,2,slope_up,2,"2,3",9,82-94-97-67,0.0030720916111022234
multi,2,slope_up,2,"2,3",10,69-87-71-79,0.018932977691292763
multi,2,slope_up,2,"2,3",11,81-80-85-86,0.00947350263595581
multi,2,slope_up,3,"0,1,2",0,56-90-83-88,0.003209853544831276
multi,2,slope_up,3,"0,1,2",1,57-96-78-95,0.004386745393276215
multi,2,slope_up,3,"0,1,2",2,55-84-62-68,0.001675029401667416
multi,2,slope_up,3,"0,1,2",3,77-53-59-89,0.004576758481562138
multi,2,slope_up,3,"0,1,2",4,92-73-50-76,0.003813717979937792
multi,2,slope_up,3,"0,1,2",5,54-60-64-91,0.0036300127394497395
multi,2,slope_up,3,"0,1,2",6,66-93-65-98,0.00485316151753068
multi,2,slope_up,3,"0,1,2",7,63-74-70-75,0.0038732041139155626
multi,2,slope_up,3,"0,1,2",8,72-99-52-61,0.005129639524966478
multi,2,slope_up,3,"0,1,2",9,82-94-97-67,0.0009457438718527555
multi,2,slope_up,3,"0,1,2",10,69-87-71-79,0.0037343455478549004
multi,2,slope_up,3,"0,1,2",11,81-80-85-86,0.003966604825109243
multi,2,slope_up,3,"0,1,3",0,56-90-83-88,0.0029725616332143545
multi,2,slope_up,3,"0,1,3",1,57-96-78-95,0.019042091444134712
multi,2,slope_up,3,"0,1,3",2,55-84-62-68,0.003331721294671297
multi,2,slope_up,3,"0,1,3",3,77-53-59-89,0.005044053308665752
multi,2,slope_up,3,"0,1,3",4,92-73-50-76,0.0018884047167375684
multi,2,slope_up,3,"0,1,3",5,54-60-64-91,0.00389620428904891
multi,2,slope_up,3,"0,1,3",6,66-93-65-98,0.0067329853773117065
multi,2,slope_up,3,"0,1,3",7,63-74-70-75,0.003407878102734685
multi,2,slope_up,3,"0,1,3",8,72-99-52-61,0.008312975987792015
multi,2,slope_up,3,"0,1,3",9,82-94-97-67,0.002369110006839037
multi,2,slope_up,3,"0,1,3",10,69-87-71-79,0.005323060322552919
multi,2,slope_up,3,"0,1,3",11,81-80-85-86,0.003913974855095148
multi,2,slope_up,3,"0,2,3",0,56-90-83-88,0.0032640541903674603
multi,2,slope_up,3,"0,2,3",1,57-96-78-95,0.006898034829646349
multi,2,slope_up,3,"0,2,3",2,55-84-62-68,0.005817715544253588
multi,2,slope_up,3,"0,2,3",3,77-53-59-89,0.0015212184516713023
multi,2,slope_up,3,"0,2,3",4,92-73-50-76,0.0026517000515013933
multi,2,slope_up,3,"0,2,3",5,54-60-64-91,0.0021398416720330715
multi,2,slope_up,3,"0,2,3",6,66-93-65-98,0.0015324408886954188
multi,2,slope_up,3,"0,2,3",7,63-74-70-75,0.0014573369408026338
multi,2,slope_up,3,"0,2,3",8,72-99-52-61,0.005959903821349144
multi,2,slope_up,3,"0,2,3",9,82-94-97-67,0.005085832439363003
multi,2,slope_up,3,"0,2,3",10,69-87-71-79,0.004864990245550871
multi,2,slope_up,3,"0,2,3",11,81-80-85-86,0.00036137315328232944
multi,2,slope_up,3,"1,2,3",0,56-90-83-88,0.0021873910445719957
multi,2,slope_up,3,"1,2,3",1,57-96-78-95,0.0068097589537501335
multi,2,slope_up,3,"1,2,3",2,55-84-62-68,0.003790945513173938
multi,2,slope_up,3,"1,2,3",3,77-53-59-89,0.005379926413297653
multi,2,slope_up,3,"1,2,3",4,92-73-50-76,0.002150370739400387
multi,2,slope_up,3,"1,2,3",5,54-60-64-91,0.0005438561784103513
multi,2,slope_up,3,"1,2,3",6,66-93-65-98,0.002538712928071618
multi,2,slope_up,3,"1,2,3",7,63-74-70-75,-0.0007981170783750713
multi,2,slope_up,3,"1,2,3",8,72-99-52-61,0.0041785710491240025
multi,2,slope_up,3,"1,2,3",9,82-94-97-67,-4.3859705328941345e-05
multi,2,slope_up,3,"1,2,3",10,69-87-71-79,0.005147413816303015
multi,2,slope_up,3,"1,2,3",11,81-80-85-86,0.004443118814378977
multi,2,slope_up,4,"0,1,2,3",0,56-90-83-88,0.0013092363951727748
multi,2,slope_up,4,"0,1,2,3",1,57-96-78-95,0.002638953272253275
multi,2,slope_up,4,"0,1,2,3",2,55-84-62-68,0.0016742439474910498
multi,2,slope_up,4,"0,1,2,3",3,77-53-59-89,0.001572839100845158
multi,2,slope_up,4,"0,1,2,3",4,92-73-50-76,0.0017190321814268827
multi,2,slope_up,4,"0,1,2,3",5,54-60-64-91,0.0015658658230677247
multi,2,slope_up,4,"0,1,2,3",6,66-93-65-98,0.0015193268191069365
multi,2,slope_up,4,"0,1,2,3",7,63-74-70-75,0.001750319730490446
multi,2,slope_up,4,"0,1,2,3",8,72-99-52-61,0.0027400196995586157
multi,2,slope_up,4,"0,1,2,3",9,82-94-97-67,0.0015738892834633589
multi,2,slope_up,4,"0,1,2,3",10,69-87-71-79,0.004217440728098154
multi,2,slope_up,4,"0,1,2,3",11,81-80-85-86,0.0017263717018067837
multi,2,low_gravity,0,,0,56-90-83-88,0.035285357385873795
multi,2,low_gravity,0,,1,57-96-78-95,0.04746469855308533
multi,2,low_gravity,0,,2,55-84-62-68,0.05431365594267845
multi,2,low_gravity,0,,3,77-53-59-89,0.057860251516103745
multi,2,low_gravity,0,,4,92-73-50-76,0.05896006152033806
multi,2,low_gravity,0,,5,54-60-64-91,0.03454103320837021
multi,2,low_gravity,0,,6,66-93-65-98,0.04105487838387489
multi,2,low_gravity,0,,7,63-74-70-75,0.04107663035392761
multi,2,low_gravity,0,,8,72-99-52-61,0.05191541835665703
multi,2,low_gravity,0,,9,82-94-97-67,0.03816720098257065
multi,2,low_gravity,0,,10,69-87-71-79,0.048907648772001266
multi,2,low_gravity,0,,11,81-80-85-86,0.028034189715981483
multi,2,low_gravity,1,0,0,56-90-83-88,0.036269281059503555
multi,2,low_gravity,1,0,1,57-96-78-95,0.06259208917617798
multi,2,low_gravity,1,0,2,55-84-62-68,0.07764895260334015
multi,2,low_gravity,1,0,3,77-53-59-89,0.07612989842891693
multi,2,low_gravity,1,0,4,92-73-50-76,0.06739242374897003
multi,2,low_gravity,1,0,5,54-60-64-91,0.05870115011930466
multi,2,low_gravity,1,0,6,66-93-65-98,0.022767219692468643
multi,2,low_gravity,1,0,7,63-74-70-75,0.07023840397596359
multi,2,low_gravity,1,0,8,72-99-52-61,0.05825285241007805
multi,2,low_gravity,1,0,9,82-94-97-67,0.038537126034498215
multi,2,low_gravity,1,0,10,69-87-71-79,0.03359086066484451
multi,2,low_gravity,1,0,11,81-80-85-86,0.054992612451314926
multi,2,low_gravity,1,1,0,56-90-83-88,0.05980145186185837
multi,2,low_gravity,1,1,1,57-96-78-95,0.05397627130150795
multi,2,low_gravity,1,1,2,55-84-62-68,0.06997296959161758
multi,2,low_gravity,1,1,3,77-53-59-89,0.06347019225358963
multi,2,low_gravity,1,1,4,92-73-50-76,0.053315550088882446
multi,2,low_gravity,1,1,5,54-60-64-91,0.05847473070025444
multi,2,low_gravity,1,1,6,66-93-65-98,0.03506609424948692
multi,2,low_gravity,1,1,7,63-74-70-75,0.059744320809841156
multi,2,low_gravity,1,1,8,72-99-52-61,0.05032643675804138
multi,2,low_gravity,1,1,9,82-94-97-67,0.03502142056822777
multi,2,low_gravity,1,1,10,69-87-71-79,0.038010627031326294
multi,2,low_gravity,1,1,11,81-80-85-86,0.04646927863359451
multi,2,low_gravity,1,2,0,56-90-83-88,0.0491984561085701
multi,2,low_gravity,1,2,1,57-96-78-95,0.02577638253569603
multi,2,low_gravity,1,2,2,55-84-62-68,0.01985877938568592
multi,2,low_gravity,1,2,3,77-53-59-89,0.036346226930618286
multi,2,low_gravity,1,2,4,92-73-50-76,0.02357921376824379
multi,2,low_gravity,1,2,5,54-60-64-91,0.036109037697315216
multi,2,low_gravity,1,2,6,66-93-65-98,0.0056301746517419815
multi,2,low_gravity,1,2,7,63-74-70-75,0.007664889097213745
multi,2,low_gravity,1,2,8,72-99-52-61,0.053951263427734375
multi,2,low_gravity,1,2,9,82-94-97-67,0.029898401349782944
multi,2,low_gravity,1,2,10,69-87-71-79,0.010925104841589928
multi,2,low_gravity,1,2,11,81-80-85-86,0.02171422727406025
multi,2,low_gravity,1,3,0,56-90-83-88,0.03845040872693062
multi,2,low_gravity,1,3,1,57-96-78-95,0.019056810066103935
multi,2,low_gravity,1,3,2,55-84-62-68,0.04505451023578644
multi,2,low_gravity,1,3,3,77-53-59-89,0.0480203703045845
multi,2,low_gravity,1,3,4,92-73-50-76,0.027169523760676384
multi,2,low_gravity,1,3,5,54-60-64-91,0.016637498512864113
multi,2,low_gravity,1,3,6,66-93-65-98,0.02269769459962845
multi,2,low_gravity,1,3,7,63-74-70-75,0.04308989644050598
multi,2,low_gravity,1,3,8,72-99-52-61,0.05312130227684975
multi,2,low_gravity,1,3,9,82-94-97-67,0.026929259300231934
multi,2,low_gravity,1,3,10,69-87-71-79,0.03198099136352539
multi,2,low_gravity,1,3,11,81-80-85-86,0.012685947120189667
multi,2,low_gravity,2,"0,1",0,56-90-83-88,0.05097606033086777
multi,2,low_gravity,2,"0,1",1,57-96-78-95,0.019325178116559982
multi,2,low_gravity,2,"0,1",2,55-84-62-68,0.054437264800071716
multi,2,low_gravity,2,"0,1",3,77-53-59-89,0.059721145778894424
multi,2,low_gravity,2,"0,1",4,92-73-50-76,0.052498579025268555
multi,2,low_gravity,2,"0,1",5,54-60-64-91,0.054836660623550415
multi,2,low_gravity,2,"0,1",6,66-93-65-98,0.03330134227871895
multi,2,low_gravity,2,"0,1",7,63-74-70-75,0.06666465103626251
multi,2,low_gravity,2,"0,1",8,72-99-52-61,0.045537155121564865
multi,2,low_gravity,2,"0,1",9,82-94-97-67,0.04081739857792854
multi,2,low_gravity,2,"0,1",10,69-87-71-79,0.03781406953930855
multi,2,low_gravity,2,"0,1",11,81-80-85-86,0.02292511984705925
multi,2,low_gravity,2,"0,2",0,56-90-83-88,0.01679106429219246
multi,2,low_gravity,2,"0,2",1,57-96-78-95,0.019677259027957916
multi,2,low_gravity,2,"0,2",2,55-84-62-68,0.03048737533390522
multi,2,low_gravity,2,"0,2",3,77-53-59-89,-0.0011965136509388685
multi,2,low_gravity,2,"0,2",4,92-73-50-76,0.007120308931916952
multi,2,low_gravity,2,"0,2",5,54-60-64-91,0.007327919360250235
multi,2,low_gravity,2,"0,2",6,66-93-65-98,0.01637677662074566
multi,2,low_gravity,2,"0,2",7,63-74-70-75,0.0362573005259037
multi,2,low_gravity,2,"0,2",8,72-99-52-61,0.02263648435473442
multi,2,low_gravity,2,"0,2",9,82-94-97-67,0.014558834955096245
multi,2,low_gravity,2,"0,2",10,69-87-71-79,0.012911306694149971
multi,2,low_gravity,2,"0,2",11,81-80-85-86,0.03286077454686165
multi,2,low_gravity,2,"0,3",0,56-90-83-88,0.003888919949531555
multi,2,low_gravity,2,"0,3",1,57-96-78-95,0.056967172771692276
multi,2,low_gravity,2,"0,3",2,55-84-62-68,0.061442263424396515
multi,2,low_gravity,2,"0,3",3,77-53-59-89,0.06922022998332977
multi,2,low_gravity,2,"0,3",4,92-73-50-76,0.05533778294920921
multi,2,low_gravity,2,"0,3",5,54-60-64-91,0.05339312553405762
multi,2,low_gravity,2,"0,3",6,66-93-65-98,0.002560521475970745
multi,2,low_gravity,2,"0,3",7,63-74-70-75,0.06202305480837822
multi,2,low_gravity,2,"0,3",8,72-99-52-61,0.05432011932134628
multi,2,low_gravity,2,"0,3",9,82-94-97-67,0.02048574574291706
multi,2,low_gravity,2,"0,3",10,69-87-71-79,0.03734680265188217
multi,2,low_gravity,2,"0,3",11,81-80-85-86,0.0259841475635767
multi,2,low_gravity,2,"1,2",0,56-90-83-88,0.017058998346328735
multi,2,low_gravity,2,"1,2",1,57-96-78-95,-0.0011848825961351395
multi,2,low_gravity,2,"1,2",2,55-84-62-68,0.010349820367991924
multi,2,low_gravity,2,"1,2",3,77-53-59-89,0.0010789296356961131
multi,2,low_gravity,2,"1,2",4,92-73-50-76,0.015841297805309296
multi,2,low_gravity,2,"1,2",5,54-60-64-91,0.015624203719198704
multi,2,low_gravity,2,"1,2",6,66-93-65-98,0.00641773734241724
multi,2,low_gravity,2,"1,2",7,63-74-70-75,0.009721287526190281
multi,2,low_gravity,2,"1,2",8,72-99-52-61,0.016026470810174942
multi,2,low_gravity,2,"1,2",9,82-94-97-67,0.0014027196448296309
multi,2,low_gravity,2,"1,2",10,69-87-71-79,0.018079742789268494
multi,2,low_gravity,2,"1,2",11,81-80-85-86,0.012994685210287571
multi,2,low_gravity,2,"1,3",0,56-90-83-88,0.02976064942777157
multi,2,low_gravity,2,"1,3",1,57-96-78-95,-0.0001277292030863464
multi,2,low_gravity,2,"1,3",2,55-84-62-68,-0.004238064866513014
multi,2,low_gravity,2,"1,3",3,77-53-59-89,0.01234662439674139
multi,2,low_gravity,2,"1,3",4,92-73-50-76,0.009916476905345917
multi,2,low_gravity,2,"1,3",5,54-60-64-91,0.0012794701615348458
multi,2,low_gravity,2,"1,3",6,66-93-65-98,0.027285007759928703
multi,2,low_gravity,2,"1,3",7,63-74-70-75,-0.0008109239279292524
multi,2,low_gravity,2,"1,3",8,72-99-52-61,0.01821349561214447
multi,2,low_gravity,2,"1,3",9,82-94-97-67,-0.004385787062346935
multi,2,low_gravity,2,"1,3",10,69-87-71-79,-0.0007227056776173413
multi,2,low_gravity,2,"1,3",11,81-80-85-86,0.03230181336402893
multi,2,low_gravity,2,"2,3",0,56-90-83-88,0.02708899974822998
multi,2,low_gravity,2,"2,3",1,57-96-78-95,0.020917044952511787
multi,2,low_gravity,2,"2,3",2,55-84-62-68,0.023085782304406166
multi,2,low_gravity,2,"2,3",3,77-53-59-89,0.037603504955768585
multi,2,low_gravity,2,"2,3",4,92-73-50-76,0.028610745444893837
multi,2,low_gravity,2,"2,3",5,54-60-64-91,0.02710440382361412
multi,2,low_gravity,2,"2,3",6,66-93-65-98,0.005754831247031689
multi,2,low_gravity,2,"2,3",7,63-74-70-75,0.006167737767100334
multi,2,low_gravity,2,"2,3",8,72-99-52-61,0.0395822674036026
multi,2,low_gravity,2,"2,3",9,82-94-97-67,0.029877666383981705
multi,2,low_gravity,2,"2,3",10,69-87-71-79,0.0026600598357617855
multi,2,low_gravity,2,"2,3",11,81-80-85-86,0.02805021032691002
multi,2,low_gravity,3,"0,1,2",0,56-90-83-88,0.011994202621281147
multi,2,low_gravity,3,"0,1,2",1,57-96-78-95,0.008999999612569809
multi,2,low_gravity,3,"0,1,2",2,55-84-62-68,0.01856129802763462
multi,2,low_gravity,3,"0,1,2",3,77-53-59-89,0.008935663849115372
multi,2,low_gravity,3,"0,1,2",4,92-73-50-76,0.007090849801898003
multi,2,low_gravity,3,"0,1,2",5,54-60-64-91,0.008669771254062653
multi,2,low_gravity,3,"0,1,2",6,66-93-65-98,0.00702684186398983
multi,2,low_gravity,3,"0,1,2",7,63-74-70-75,0.008426867425441742
multi,2,low_gravity,3,"0,1,2",8,72-99-52-61,0.013268828392028809
multi,2,low_gravity,3,"0,1,2",9,82-94-97-67,0.0062493872828781605
multi,2,low_gravity,3,"0,1,2",10,69-87-71-79,0.004542454611510038
multi,2,low_gravity,3,"0,1,2",11,81-80-85-86,0.008236734196543694
multi,2,low_gravity,3,"0,1,3",0,56-90-83-88,0.020154902711510658
multi,2,low_gravity,3,"0,1,3",1,57-96-78-95,0.0018131935503333807
multi,2,low_gravity,3,"0,1,3",2,55-84-62-68,0.004491222556680441
multi,2,low_gravity,3,"0,1,3",3,77-53-59-89,0.007587551139295101
multi,2,low_gravity,3,"0,1,3",4,92-73-50-76,-0.002792850136756897
multi,2,low_gravity,3,"0,1,3",5,54-60-64-91,0.008221173658967018
multi,2,low_gravity,3,"0,1,3",6,66-93-65-98,0.02676204778254032
multi,2,low_gravity,3,"0,1,3",7,63-74-70-75,0.01991201378405094
multi,2,low_gravity,3,"0,1,3",8,72-99-52-61,0.0026051155291497707
multi,2,low_gravity,3,"0,1,3",9,82-94-97-67,0.004930494818836451
multi,2,low_gravity,3,"0,1,3",10,69-87-71-79,-0.006565585266798735
multi,2,low_gravity,3,"0,1,3",11,81-80-85-86,0.012465568259358406
multi,2,low_gravity,3,"0,2,3",0,56-90-83-88,0.008435914292931557
multi,2,low_gravity,3,"0,2,3",1,57-96-78-95,0.014745539054274559
multi,2,low_gravity,3,"0,2,3",2,55-84-62-68,0.023311756551265717
multi,2,low_gravity,3,"0,2,3",3,77-53-59-89,0.0006790572660975158
multi,2,low_gravity,3,"0,2,3",4,92-73-50-76,0.015491010621190071
multi,2,low_gravity,3,"0,2,3",5,54-60-64-91,0.018921393901109695
multi,2,low_gravity,3,"0,2,3",6,66-93-65-98,0.011049449443817139
multi,2,low_gravity,3,"0,2,3",7,63-74-70-75,0.02937890775501728
multi,2,low_gravity,3,"0,2,3",8,72-99-52-61,0.019113168120384216
multi,2,low_gravity,3,"0,2,3",9,82-94-97-67,0.007626914884895086
multi,2,low_gravity,3,"0,2,3",10,69-87-71-79,0.01687534525990486
multi,2,low_gravity,3,"0,2,3",11,81-80-85-86,0.017180660739541054
multi,2,low_gravity,3,"1,2,3",0,56-90-83-88,0.008446822874248028
multi,2,low_gravity,3,"1,2,3",1,57-96-78-95,0.005743118468672037
multi,2,low_gravity,3,"1,2,3",2,55-84-62-68,0.012459148652851582
multi,2,low_gravity,3,"1,2,3",3,77-53-59-89,0.004789769183844328
multi,2,low_gravity,3,"1,2,3",4,92-73-50-76,0.012147505767643452
multi,2,low_gravity,3,"1,2,3",5,54-60-64-91,0.008785640820860863
multi,2,low_gravity,3,"1,2,3",6,66-93-65-98,0.005138106644153595
multi,2,low_gravity,3,"1,2,3",7,63-74-70-75,0.013221540488302708
multi,2,low_gravity,3,"1,2,3",8,72-99-52-61,0.013964275829494
multi,2,low_gravity,3,"1,2,3",9,82-94-97-67,0.008047908544540405
multi,2,low_gravity,3,"1,2,3",10,69-87-71-79,0.018391454592347145
multi,2,low_gravity,3,"1,2,3",11,81-80-85-86,0.015484380535781384
multi,2,low_gravity,4,"0,1,2,3",0,56-90-83-88,0.007769148796796799
multi,2,low_gravity,4,"0,1,2,3",1,57-96-78-95,0.0075224898755550385
multi,2,low_gravity,4,"0,1,2,3",2,55-84-62-68,0.00777599448338151
multi,2,low_gravity,4,"0,1,2,3",3,77-53-59-89,0.007778724655508995
multi,2,low_gravity,4,"0,1,2,3",4,92-73-50-76,0.00781425554305315
multi,2,low_gravity,4,"0,1,2,3",5,54-60-64-91,0.007869608700275421
multi,2,low_gravity,4,"0,1,2,3",6,66-93-65-98,0.0076990388333797455
multi,2,low_gravity,4,"0,1,2,3",7,63-74-70-75,0.007736977189779282
multi,2,low_gravity,4,"0,1,2,3",8,72-99-52-61,0.00773933669552207
multi,2,low_gravity,4,"0,1,2,3",9,82-94-97-67,0.007833555340766907
multi,2,low_gravity,4,"0,1,2,3",10,69-87-71-79,0.007647540885955095
multi,2,low_gravity,4,"0,1,2,3",11,81-80-85-86,0.0077620758675038815
multi_comm,2,in_dist,0,,0,56-90-83-88,0.3116176128387451
multi_comm,2,in_dist,0,,1,57-96-78-95,0.2762283384799957
multi_comm,2,in_dist,0,,2,55-84-62-68,0.2966359257698059
multi_comm,2,in_dist,0,,3,77-53-59-89,0.36793795228004456
multi_comm,2,in_dist,0,,4,92-73-50-76,0.30235806107521057
multi_comm,2,in_dist,0,,5,54-60-64-91,0.3158849775791168
multi_comm,2,in_dist,0,,6,66-93-65-98,0.03438946604728699
multi_comm,2,in_dist,0,,7,63-74-70-75,0.12650811672210693
multi_comm,2,in_dist,0,,8,72-99-52-61,0.2537243366241455
multi_comm,2,in_dist,0,,9,82-94-97-67,0.38734540343284607
multi_comm,2,in_dist,0,,10,69-87-71-79,0.4165480434894562
multi_comm,2,in_dist,0,,11,81-80-85-86,0.3154394328594208
multi_comm,2,in_dist,1,0,0,56-90-83-88,0.09077192842960358
multi_comm,2,in_dist,1,0,1,57-96-78-95,0.18041713535785675
multi_comm,2,in_dist,1,0,2,55-84-62-68,0.20740650594234467
multi_comm,2,in_dist,1,0,3,77-53-59-89,0.21848848462104797
multi_comm,2,in_dist,1,0,4,92-73-50-76,0.20273220539093018
multi_comm,2,in_dist,1,0,5,54-60-64-91,0.13258230686187744
multi_comm,2,in_dist,1,0,6,66-93-65-98,0.06950293481349945
multi_comm,2,in_dist,1,0,7,63-74-70-75,0.061932310461997986
multi_comm,2,in_dist,1,0,8,72-99-52-61,0.15450383722782135
multi_comm,2,in_dist,1,0,9,82-94-97-67,0.07327041774988174
multi_comm,2,in_dist,1,0,10,69-87-71-79,0.18784737586975098
multi_comm,2,in_dist,1,0,11,81-80-85-86,0.1477285474538803
multi_comm,2,in_dist,1,1,0,56-90-83-88,0.0697074681520462
multi_comm,2,in_dist,1,1,1,57-96-78-95,0.18967971205711365
multi_comm,2,in_dist,1,1,2,55-84-62-68,0.0014909986639395356
multi_comm,2,in_dist,1,1,3,77-53-59-89,0.20839917659759521
multi_comm,2,in_dist,1,1,4,92-73-50-76,0.03180790692567825
multi_comm,2,in_dist,1,1,5,54-60-64-91,0.16536879539489746
multi_comm,2,in_dist,1,1,6,66-93-65-98,0.15060460567474365
multi_comm,2,in_dist,1,1,7,63-74-70-75,0.16844384372234344
multi_comm,2,in_dist,1,1,8,72-99-52-61,0.10701342672109604
multi_comm,2,in_dist,1,1,9,82-94-97-67,0.07775206863880157
multi_comm,2,in_dist,1,1,10,69-87-71-79,0.05801491439342499
multi_comm,2,in_dist,1,1,11,81-80-85-86,0.1382674127817154
multi_comm,2,in_dist,1,2,0,56-90-83-88,-0.03164541348814964
multi_comm,2,in_dist,1,2,1,57-96-78-95,0.04142718017101288
multi_comm,2,in_dist,1,2,2,55-84-62-68,0.04374011233448982
multi_comm,2,in_dist,1,2,3,77-53-59-89,0.10033762454986572
multi_comm,2,in_dist,1,2,4,92-73-50-76,0.08506288379430771
multi_comm,2,in_dist,1,2,5,54-60-64-91,0.026860365644097328
multi_comm,2,in_dist,1,2,6,66-93-65-98,0.007292880676686764
multi_comm,2,in_dist,1,2,7,63-74-70-75,0.03265398368239403
multi_comm,2,in_dist,1,2,8,72-99-52-61,0.12326299399137497
multi_comm,2,in_dist,1,2,9,82-94-97-67,0.016245830804109573
multi_comm,2,in_dist,1,2,10,69-87-71-79,0.055030953139066696
multi_comm,2,in_dist,1,2,11,81-80-85-86,0.07913094013929367
multi_comm,2,in_dist,1,3,0,56-90-83-88,0.12923213839530945
multi_comm,2,in_dist,1,3,1,57-96-78-95,0.059719402343034744
multi_comm,2,in_dist,1,3,2,55-84-62-68,0.15547893941402435
multi_comm,2,in_dist,1,3,3,77-53-59-89,0.09577348083257675
multi_comm,2,in_dist,1,3,4,92-73-50-76,0.08115273714065552
multi_comm,2,in_dist,1,3,5,54-60-64-91,0.12019847333431244
multi_comm,2,in_dist,1,3,6,66-93-65-98,0.021576205268502235
multi_comm,2,in_dist,1,3,7,63-74-70-75,0.06651844084262848
multi_comm,2,in_dist,1,3,8,72-99-52-61,0.07064865529537201
multi_comm,2,in_dist,1,3,9,82-94-97-67,0.019067971035838127
multi_comm,2,in_dist,1,3,10,69-87-71-79,0.051107726991176605
multi_comm,2,in_dist,1,3,11,81-80-85-86,0.12772348523139954
multi_comm,2,in_dist,2,"0,1",0,56-90-83-88,0.03127354010939598
multi_comm,2,in_dist,2,"0,1",1,57-96-78-95,0.053763460367918015
multi_comm,2,in_dist,2,"0,1",2,55-84-62-68,0.025788644328713417
multi_comm,2,in_dist,2,"0,1",3,77-53-59-89,0.10820898413658142
multi_comm,2,in_dist,2,"0,1",4,92-73-50-76,0.040023427456617355
multi_comm,2,in_dist,2,"0,1",5,54-60-64-91,0.07411830127239227
multi_comm,2,in_dist,2,"0,1",6,66-93-65-98,0.10891900956630707
multi_comm,2,in_dist,2,"0,1",7,63-74-70-75,0.06302177906036377
multi_comm,2,in_dist,2,"0,1",8,72-99-52-61,0.07035833597183228
multi_comm,2,in_dist,2,"0,1",9,82-94-97-67,0.04029138758778572
multi_comm,2,in_dist,2,"0,1",10,69-87-71-79,0.028061499819159508
multi_comm,2,in_dist,2,"0,1",11,81-80-85-86,0.07816248387098312
multi_comm,2,in_dist,2,"0,2",0,56-90-83-88,0.043614763766527176
multi_comm,2,in_dist,2,"0,2",1,57-96-78-95,0.026386676356196404
multi_comm,2,in_dist,2,"0,2",2,55-84-62-68,0.0062623233534395695
multi_comm,2,in_dist,2,"0,2",3,77-53-59-89,0.005104351788759232
multi_comm,2,in_dist,2,"0,2",4,92-73-50-76,0.015209799632430077
multi_comm,2,in_dist,2,"0,2",5,54-60-64-91,0.006413709372282028
multi_comm,2,in_dist,2,"0,2",6,66-93-65-98,0.011255997233092785
multi_comm,2,in_dist,2,"0,2",7,63-74-70-75,0.01947425678372383
multi_comm,2,in_dist,2,"0,2",8,72-99-52-61,0.02040470391511917
multi_comm,2,in_dist,2,"0,2",9,82-94-97-67,0.014966346323490143
multi_comm,2,in_dist,2,"0,2",10,69-87-71-79,0.011730663478374481
multi_comm,2,in_dist,2,"0,2",11,81-80-85-86,0.02385685406625271
multi_comm,2,in_dist,2,"0,3",0,56-90-83-88,0.014821543358266354
multi_comm,2,in_dist,2,"0,3",1,57-96-78-95,0.011790510267019272
multi_comm,2,in_dist,2,"0,3",2,55-84-62-68,0.0816304162144661
multi_comm,2,in_dist,2,"0,3",3,77-53-59-89,0.04209912195801735
multi_comm,2,in_dist,2,"0,3",4,92-73-50-76,-0.03915230929851532
multi_comm,2,in_dist,2,"0,3",5,54-60-64-91,0.06946485489606857
multi_comm,2,in_dist,2,"0,3",6,66-93-65-98,0.03789238631725311
multi_comm,2,in_dist,2,"0,3",7,63-74-70-75,0.060076627880334854
multi_comm,2,in_dist,2,"0,3",8,72-99-52-61,0.01307533960789442
multi_comm,2,in_dist,2,"0,3",9,82-94-97-67,0.005538091063499451
multi_comm,2,in_dist,2,"0,3",10,69-87-71-79,0.0186614990234375
multi_comm,2,in_dist,2,"0,3",11,81-80-85-86,0.044696174561977386
multi_comm,2,in_dist,2,"1,2",0,56-90-83-88,0.007270577363669872
multi_comm,2,in_dist,2,"1,2",1,57-96-78-95,0.03488150238990784
multi_comm,2,in_dist,2,"1,2",2,55-84-62-68,0.005129959899932146
multi_comm,2,in_dist,2,"1,2",3,77-53-59-89,0.01914406381547451
multi_comm,2,in_dist,2,"1,2",4,92-73-50-76,0.0042169117368757725
multi_comm,2,in_dist,2,"1,2",5,54-60-64-91,0.009691479615867138
multi_comm,2,in_dist,2,"1,2",6,66-93-65-98,0.008555646054446697
multi_comm,2,in_dist,2,"1,2",7,63-74-70-75,0.0015395901864394546
multi_comm,2,in_dist,2,"1,2",8,72-99-52-61,0.03086957149207592
multi_comm,2,in_dist,2,"1,2",9,82-94-97-67,0.0006396682583726943
multi_comm,2,in_dist,2,"1,2",10,69-87-71-79,0.005068253725767136
multi_comm,2,in_dist,2,"1,2",11,81-80-85-86,0.02028960920870304
multi_comm,2,in_dist,2,"1,3",0,56-90-83-88,0.008811366744339466
multi_comm,2,in_dist,2,"1,3",1,57-96-78-95,0.03996190428733826
multi_comm,2,in_dist,2,"1,3",2,55-84-62-68,0.010204070247709751
multi_comm,2,in_dist,2,"1,3",3,77-53-59-89,0.02508256770670414
multi_comm,2,in_dist,2,"1,3",4,92-73-50-76,0.003061676397919655
multi_comm,2,in_dist,2,"1,3",5,54-60-64-91,0.00888340175151825
multi_comm,2,in_dist,2,"1,3",6,66-93-65-98,0.014757727272808552
multi_comm,2,in_dist,2,"1,3",7,63-74-70-75,0.004196662921458483
multi_comm,2,in_dist,2,"1,3",8,72-99-52-61,0.023262128233909607
multi_comm,2,in_dist,2,"1,3",9,82-94-97-67,-0.002363740000873804
multi_comm,2,in_dist,2,"1,3",10,69-87-71-79,0.0046921418979763985
multi_comm,2,in_dist,2,"1,3",11,81-80-85-86,0.02065875567495823
multi_comm,2,in_dist,2,"2,3",0,56-90-83-88,-0.024851307272911072
multi_comm,2,in_dist,2,"2,3",1,57-96-78-95,-0.0010726742912083864
multi_comm,2,in_dist,2,"2,3",2,55-84-62-68,9.553303971188143e-05
multi_comm,2,in_dist,2,"2,3",3,77-53-59-89,0.055318042635917664
multi_comm,2,in_dist,2,"2,3",4,92-73-50-76,0.04455132409930229
multi_comm,2,in_dist,2,"2,3",5,54-60-64-91,0.015172083862125874
multi_comm,2,in_dist,2,"2,3",6,66-93-65-98,0.0009995221626013517
multi_comm,2,in_dist,2,"2,3",7,63-74-70-75,-0.006406135391443968
multi_comm,2,in_dist,2,"2,3",8,72-99-52-61,0.04766478389501572
multi_comm,2,in_dist,2,"2,3",9,82-94-97-67,0.011650809086859226
multi_comm,2,in_dist,2,"2,3",10,69-87-71-79,0.03543435409665108
multi_comm,2,in_dist,2,"2,3",11,81-80-85-86,0.01148174423724413
multi_comm,2,in_dist,3,"0,1,2",0,56-90-83-88,0.003353388514369726
multi_comm,2,in_dist,3,"0,1,2",1,57-96-78-95,0.004597692284733057
multi_comm,2,in_dist,3,"0,1,2",2,55-84-62-68,0.0016217968659475446
multi_comm,2,in_dist,3,"0,1,2",3,77-53-59-89,0.004475940950214863
multi_comm,2,in_dist,3,"0,1,2",4,92-73-50-76,0.003364074742421508
multi_comm,2,in_dist,3,"0,1,2",5,54-60-64-91,0.00490578543394804
multi_comm,2,in_dist,3,"0,1,2",6,66-93-65-98,0.004914090037345886
multi_comm,2,in_dist,3,"0,1,2",7,63-74-70-75,0.0037170774303376675
multi_comm,2,in_dist,3,"0,1,2",8,72-99-52-61,0.004769030958414078
multi_comm,2,in_dist,3,"0,1,2",9,82-94-97-67,0.0008450543391518295
multi_comm,2,in_dist,3,"0,1,2",10,69-87-71-79,0.0023242125753313303
multi_comm,2,in_dist,3,"0,1,2",11,81-80-85-86,0.004160095937550068
multi_comm,2,in_dist,3,"0,1,3",0,56-90-83-88,0.0031981421634554863
multi_comm,2,in_dist,3,"0,1,3",1,57-96-78-95,0.01897147297859192
multi_comm,2,in_dist,3,"0,1,3",2,55-84-62-68,0.003496321151033044
multi_comm,2,in_dist,3,"0,1,3",3,77-53-59-89,0.004974815063178539
multi_comm,2,in_dist,3,"0,1,3",4,92-73-50-76,0.002173456596210599
multi_comm,2,in_dist,3,"0,1,3",5,54-60-64-91,0.0038965351413935423
multi_comm,2,in_dist,3,"0,1,3",6,66-93-65-98,0.00684051588177681
multi_comm,2,in_dist,3,"0,1,3",7,63-74-70-75,0.0037364396266639233
multi_comm,2,in_dist,3,"0,1,3",8,72-99-52-61,0.008127395994961262
multi_comm,2,in_dist,3,"0,1,3",9,82-94-97-67,0.0025001780595630407
multi_comm,2,in_dist,3,"0,1,3",10,69-87-71-79,0.004123913589864969
multi_comm,2,in_dist,3,"0,1,3",11,81-80-85-86,0.0038493748288601637
multi_comm,2,in_dist,3,"0,2,3",0,56-90-83-88,0.0048390221782028675
multi_comm,2,in_dist,3,"0,2,3",1,57-96-78-95,0.006884272210299969
multi_comm,2,in_dist,3,"0,2,3",2,55-84-62-68,0.008896890096366405
multi_comm,2,in_dist,3,"0,2,3",3,77-53-59-89,0.0015282880049198866
multi_comm,2,in_dist,3,"0,2,3",4,92-73-50-76,0.0026935297064483166
multi_comm,2,in_dist,3,"0,2,3",5,54-60-64-91,0.0021410807967185974
multi_comm,2,in_dist,3,"0,2,3",6,66-93-65-98,0.0017610075883567333
multi_comm,2,in_dist,3,"0,2,3",7,63-74-70-75,0.0048192348331213
multi_comm,2,in_dist,3,"0,2,3",8,72-99-52-61,0.005961142014712095
multi_comm,2,in_dist,3,"0,2,3",9,82-94-97-67,0.005936415400356054
multi_comm,2,in_dist,3,"0,2,3",10,69-87-71-79,0.00443549919873476
multi_comm,2,in_dist,3,"0,2,3",11,81-80-85-86,0.0003308936720713973
multi_comm,2,in_dist,3,"1,2,3",0,56-90-83-88,0.0022007785737514496
multi_comm,2,in_dist,3,"1,2,3",1,57-96-78-95,0.006812226492911577
multi_comm,2,in_dist,3,"1,2,3",2,55-84-62-68,0.003827970242127776
multi_comm,2,in_dist,3,"1,2,3",3,77-53-59-89,0.005388446152210236
multi_comm,2,in_dist,3,"1,2,3",4,92-73-50-76,0.002167897764593363
multi_comm,2,in_dist,3,"1,2,3",5,54-60-64-91,0.0005379177164286375
multi_comm,2,in_dist,3,"1,2,3",6,66-93-65-98,0.002558235777541995
multi_comm,2,in_dist,3,"1,2,3",7,63-74-70-75,-0.0007789076189510524
multi_comm,2,in_dist,3,"1,2,3",8,72-99-52-61,0.00417333235964179
multi_comm,2,in_dist,3,"1,2,3",9,82-94-97-67,-3.1452964321943e-05
multi_comm,2,in_dist,3,"1,2,3",10,69-87-71-79,0.002240561880171299
multi_comm,2,in_dist,3,"1,2,3",11,81-80-85-86,0.004446040373295546
multi_comm,2,in_dist,4,"0,1,2,3",0,56-90-83-88,0.0014172283699736
multi_comm,2,in_dist,4,"0,1,2,3",1,57-96-78-95,0.00263894721865654
multi_comm,2,in_dist,4,"0,1,2,3",2,55-84-62-68,0.0017482867697253823
multi_comm,2,in_dist,4,"0,1,2,3",3,77-53-59-89,0.0015728374710306525
multi_comm,2,in_dist,4,"0,1,2,3",4,92-73-50-76,0.001831450848840177
multi_comm,2,in_dist,4,"0,1,2,3",5,54-60-64-91,0.0015658671036362648
multi_comm,2,in_dist,4,"0,1,2,3",6,66-93-65-98,0.001648161094635725
multi_comm,2,in_dist,4,"0,1,2,3",7,63-74-70-75,0.0018751088064163923
multi_comm,2,in_dist,4,"0,1,2,3",8,72-99-52-61,0.00274001806974411
multi_comm,2,in_dist,4,"0,1,2,3",9,82-94-97-67,0.0016620641108602285
multi_comm,2,in_dist,4,"0,1,2,3",10,69-87-71-79,0.0018858852563425899
multi_comm,2,in_dist,4,"0,1,2,3",11,81-80-85-86,0.0017263713525608182
multi_comm,2,wind,0,,0,56-90-83-88,0.30834007263183594
multi_comm,2,wind,0,,1,57-96-78-95,0.24139036238193512
multi_comm,2,wind,0,,2,55-84-62-68,0.2835228443145752
multi_comm,2,wind,0,,3,77-53-59-89,0.32563066482543945
multi_comm,2,wind,0,,4,92-73-50-76,0.27185899019241333
multi_comm,2,wind,0,,5,54-60-64-91,0.2539907991886139
multi_comm,2,wind,0,,6,66-93-65-98,0.2497812956571579
multi_comm,2,wind,0,,7,63-74-70-75,0.14918392896652222
multi_comm,2,wind,0,,8,72-99-52-61,0.27248597145080566
multi_comm,2,wind,0,,9,82-94-97-67,0.28933799266815186
multi_comm,2,wind,0,,10,69-87-71-79,0.3246363401412964
multi_comm,2,wind,0,,11,81-80-85-86,0.19189102947711945
multi_comm,2,wind,1,0,0,56-90-83-88,0.16612638533115387
multi_comm,2,wind,1,0,1,57-96-78-95,0.25807228684425354
multi_comm,2,wind,1,0,2,55-84-62-68,0.19552366435527802
multi_comm,2,wind,1,0,3,77-53-59-89,0.23563489317893982
multi_comm,2,wind,1,0,4,92-73-50-76,0.23227815330028534
multi_comm,2,wind,1,0,5,54-60-64-91,0.20232073962688446
multi_comm,2,wind,1,0,6,66-93-65-98,0.1080283522605896
multi_comm,2,wind,1,0,7,63-74-70-75,0.1296994835138321
multi_comm,2,wind,1,0,8,72-99-52-61,0.24555397033691406
multi_comm,2,wind,1,0,9,82-94-97-67,0.15716829895973206
multi_comm,2,wind,1,0,10,69-87-71-79,0.21643821895122528
multi_comm,2,wind,1,0,11,81-80-85-86,0.20821373164653778
multi_comm,2,wind,1,1,0,56-90-83-88,0.17511945962905884
multi_comm,2,wind,1,1,1,57-96-78-95,0.15113818645477295
multi_comm,2,wind,1,1,2,55-84-62-68,0.06309177726507187
multi_comm,2,wind,1,1,3,77-53-59-89,0.2725449204444885
multi_comm,2,wind,1,1,4,92-73-50-76,0.07361628115177155
multi_comm,2,wind,1,1,5,54-60-64-91,0.21878188848495483
multi_comm,2,wind,1,1,6,66-93-65-98,0.09391359984874725
multi_comm,2,wind,1,1,7,63-74-70-75,0.23642610013484955
multi_comm,2,wind,1,1,8,72-99-52-61,0.07782656699419022
multi_comm,2,wind,1,1,9,82-94-97-67,0.1717379093170166
multi_comm,2,wind,1,1,10,69-87-71-79,0.10401014983654022
multi_comm,2,wind,1,1,11,81-80-85-86,0.258679062128067
multi_comm,2,wind,1,2,0,56-90-83-88,0.04578043147921562
multi_comm,2,wind,1,2,1,57-96-78-95,0.1286427080631256
multi_comm,2,wind,1,2,2,55-84-62-68,0.10920531302690506
multi_comm,2,wind,1,2,3,77-53-59-89,0.13315418362617493
multi_comm,2,wind,1,2,4,92-73-50-76,0.11809176951646805
multi_comm,2,wind,1,2,5,54-60-64-91,0.09491369873285294
multi_comm,2,wind,1,2,6,66-93-65-98,0.023819725960493088
multi_comm,2,wind,1,2,7,63-74-70-75,0.06450577080249786
multi_comm,2,wind,1,2,8,72-99-52-61,0.19376391172409058
multi_comm,2,wind,1,2,9,82-94-97-67,0.051997534930706024
multi_comm,2,wind,1,2,10,69-87-71-79,0.07998086512088776
multi_comm,2,wind,1,2,11,81-80-85-86,0.06897604465484619
multi_comm,2,wind,1,3,0,56-90-83-88,0.19865421950817108
multi_comm,2,wind,1,3,1,57-96-78-95,0.15670929849147797
multi_comm,2,wind,1,3,2,55-84-62-68,0.16653287410736084
multi_comm,2,wind,1,3,3,77-53-59-89,0.19121454656124115
multi_comm,2,wind,1,3,4,92-73-50-76,0.1619304120540619
multi_comm,2,wind,1,3,5,54-60-64-91,0.1271028369665146
multi_comm,2,wind,1,3,6,66-93-65-98,0.17805436253547668
multi_comm,2,wind,1,3,7,63-74-70-75,0.09799661487340927
multi_comm,2,wind,1,3,8,72-99-52-61,0.14928658306598663
multi_comm,2,wind,1,3,9,82-94-97-67,0.06465325504541397
multi_comm,2,wind,1,3,10,69-87-71-79,0.06805441528558731
multi_comm,2,wind,1,3,11,81-80-85-86,0.1553824245929718
multi_comm,2,wind,2,"0,1",0,56-90-83-88,0.1583508998155594
multi_comm,2,wind,2,"0,1",1,57-96-78-95,0.1843174397945404
multi_comm,2,wind,2,"0,1",2,55-84-62-68,0.15962541103363037
multi_comm,2,wind,2,"0,1",3,77-53-59-89,0.29984256625175476
multi_comm,2,wind,2,"0,1",4,92-73-50-76,0.0956166684627533
multi_comm,2,wind,2,"0,1",5,54-60-64-91,0.22715619206428528
multi_comm,2,wind,2,"0,1",6,66-93-65-98,0.13775129616260529
multi_comm,2,wind,2,"0,1",7,63-74-70-75,0.22507484257221222
multi_comm,2,wind,2,"0,1",8,72-99-52-61,0.058805353939533234
multi_comm,2,wind,2,"0,1",9,82-94-97-67,0.15507203340530396
multi_comm,2,wind,2,"0,1",10,69-87-71-79,0.11028879880905151
multi_comm,2,wind,2,"0,1",11,81-80-85-86,0.23057821393013
multi_comm,2,wind,2,"0,2",0,56-90-83-88,0.036840829998254776
multi_comm,2,wind,2,"0,2",1,57-96-78-95,0.03526337817311287
multi_comm,2,wind,2,"0,2",2,55-84-62-68,0.036268819123506546
multi_comm,2,wind,2,"0,2",3,77-53-59-89,0.016785267740488052
multi_comm,2,wind,2,"0,2",4,92-73-50-76,0.0488814078271389
multi_comm,2,wind,2,"0,2",5,54-60-64-91,0.024888597428798676
multi_comm,2,wind,2,"0,2",6,66-93-65-98,0.026100724935531616
multi_comm,2,wind,2,"0,2",7,63-74-70-75,0.07284128665924072
multi_comm,2,wind,2,"0,2",8,72-99-52-61,-0.011112302541732788
multi_comm,2,wind,2,"0,2",9,82-94-97-67,0.05592237412929535
multi_comm,2,wind,2,"0,2",10,69-87-71-79,0.0692359209060669
multi_comm,2,wind,2,"0,2",11,81-80-85-86,0.030403785407543182
multi_comm,2,wind,2,"0,3",0,56-90-83-88,0.06612639874219894
multi_comm,2,wind,2,"0,3",1,57-96-78-95,0.058643002063035965
multi_comm,2,wind,2,"0,3",2,55-84-62-68,0.10702280700206757
multi_comm,2,wind,2,"0,3",3,77-53-59-89,0.1353609412908554
multi_comm,2,wind,2,"0,3",4,92-73-50-76,0.0898888036608696
multi_comm,2,wind,2,"0,3",5,54-60-64-91,0.09464273601770401
multi_comm,2,wind,2,"0,3",6,66-93-65-98,0.03032362088561058
multi_comm,2,wind,2,"0,3",7,63-74-70-75,0.13884839415550232
multi_comm,2,wind,2,"0,3",8,72-99-52-61,0.0971330776810646
multi_comm,2,wind,2,"0,3",9,82-94-97-67,-0.05518382415175438
multi_comm,2,wind,2,"0,3",10,69-87-71-79,0.12249873578548431
multi_comm,2,wind,2,"0,3",11,81-80-85-86,0.10553833097219467
multi_comm,2,wind,2,"1,2",0,56-90-83-88,0.05421330779790878
multi_comm,2,wind,2,"1,2",1,57-96-78-95,0.061285752803087234
multi_comm,2,wind,2,"1,2",2,55-84-62-68,0.002395948162302375
multi_comm,2,wind,2,"1,2",3,77-53-59-89,0.047649070620536804
multi_comm,2,wind,2,"1,2",4,92-73-50-76,0.043359361588954926
multi_comm,2,wind,2,"1,2",5,54-60-64-91,0.02543536201119423
multi_comm,2,wind,2,"1,2",6,66-93-65-98,0.05389346554875374
multi_comm,2,wind,2,"1,2",7,63-74-70-75,0.030677996575832367
multi_comm,2,wind,2,"1,2",8,72-99-52-61,0.017424998804926872
multi_comm,2,wind,2,"1,2",9,82-94-97-67,0.02993290312588215
multi_comm,2,wind,2,"1,2",10,69-87-71-79,0.044727206230163574
multi_comm,2,wind,2,"1,2",11,81-80-85-86,0.03834182396531105
multi_comm,2,wind,2,"1,3",0,56-90-83-88,0.08917934447526932
multi_comm,2,wind,2,"1,3",1,57-96-78-95,0.08652530610561371
multi_comm,2,wind,2,"1,3",2,55-84-62-68,0.010550516657531261
multi_comm,2,wind,2,"1,3",3,77-53-59-89,0.02478059194982052
multi_comm,2,wind,2,"1,3",4,92-73-50-76,0.03963150084018707
multi_comm,2,wind,2,"1,3",5,54-60-64-91,0.03994913026690483
multi_comm,2,wind,2,"1,3",6,66-93-65-98,0.05958583205938339
multi_comm,2,wind,2,"1,3",7,63-74-70-75,0.07054213434457779
multi_comm,2,wind,2,"1,3",8,72-99-52-61,0.0037478781305253506
multi_comm,2,wind,2,"1,3",9,82-94-97-67,0.03361955285072327
multi_comm,2,wind,2,"1,3",10,69-87-71-79,0.01920154131948948
multi_comm,2,wind,2,"1,3",11,81-80-85-86,0.04885874688625336
multi_comm,2,wind,2,"2,3",0,56-90-83-88,0.059952687472105026
multi_comm,2,wind,2,"2,3",1,57-96-78-95,0.15218499302864075
multi_comm,2,wind,2,"2,3",2,55-84-62-68,0.13327525556087494
multi_comm,2,wind,2,"2,3",3,77-53-59-89,0.14676740765571594
multi_comm,2,wind,2,"2,3",4,92-73-50-76,0.13816432654857635
multi_comm,2,wind,2,"2,3",5,54-60-64-91,0.09217416495084763
multi_comm,2,wind,2,"2,3",6,66-93-65-98,0.012200999073684216
multi_comm,2,wind,2,"2,3",7,63-74-70-75,0.06886126101016998
multi_comm,2,wind,2,"2,3",8,72-99-52-61,0.19384931027889252
multi_comm,2,wind,2,"2,3",9,82-94-97-67,0.055207330733537674
multi_comm,2,wind,2,"2,3",10,69-87-71-79,0.04030296579003334
multi_comm,2,wind,2,"2,3",11,81-80-85-86,0.06653902679681778
multi_comm,2,wind,3,"0,1,2",0,56-90-83-88,0.0015528224175795913
multi_comm,2,wind,3,"0,1,2",1,57-96-78-95,0.014947851188480854
multi_comm,2,wind,3,"0,1,2",2,55-84-62-68,0.01922321878373623
multi_comm,2,wind,3,"0,1,2",3,77-53-59-89,0.02854989655315876
multi_comm,2,wind,3,"0,1,2",4,92-73-50-76,0.020838454365730286
multi_comm,2,wind,3,"0,1,2",5,54-60-64-91,0.011469947174191475
multi_comm,2,wind,3,"0,1,2",6,66-93-65-98,0.030261164531111717
multi_comm,2,wind,3,"0,1,2",7,63-74-70-75,0.027932148426771164
multi_comm,2,wind,3,"0,1,2",8,72-99-52-61,0.007311059162020683
multi_comm,2,wind,3,"0,1,2",9,82-94-97-67,0.0337124802172184
multi_comm,2,wind,3,"0,1,2",10,69-87-71-79,0.030953383073210716
multi_comm,2,wind,3,"0,1,2",11,81-80-85-86,0.006525990087538958
multi_comm,2,wind,3,"0,1,3",0,56-90-83-88,0.03584354743361473
multi_comm,2,wind,3,"0,1,3",1,57-96-78-95,0.03595167398452759
multi_comm,2,wind,3,"0,1,3",2,55-84-62-68,0.01574856787919998
multi_comm,2,wind,3,"0,1,3",3,77-53-59-89,0.0054450370371341705
multi_comm,2,wind,3,"0,1,3",4,92-73-50-76,0.023482898250222206
multi_comm,2,wind,3,"0,1,3",5,54-60-64-91,0.025385895743966103
multi_comm,2,wind,3,"0,1,3",6,66-93-65-98,0.03152954578399658
multi_comm,2,wind,3,"0,1,3",7,63-74-70-75,0.05882810801267624
multi_comm,2,wind,3,"0,1,3",8,72-99-52-61,0.0025399166624993086
multi_comm,2,wind,3,"0,1,3",9,82-94-97-67,0.011902895756065845
multi_comm,2,wind,3,"0,1,3",10,69-87-71-79,-0.013579891994595528
multi_comm,2,wind,3,"0,1,3",11,81-80-85-86,0.024840962141752243
multi_comm,2,wind,3,"0,2,3",0,56-90-83-88,0.017626723274588585
multi_comm,2,wind,3,"0,2,3",1,57-96-78-95,0.04457562044262886
multi_comm,2,wind,3,"0,2,3",2,55-84-62-68,0.038955044001340866
multi_comm,2,wind,3,"0,2,3",3,77-53-59-89,0.006945245899260044
multi_comm,2,wind,3,"0,2,3",4,92-73-50-76,0.03453034907579422
multi_comm,2,wind,3,"0,2,3",5,54-60-64-91,0.029932420700788498
multi_comm,2,wind,3,"0,2,3",6,66-93-65-98,0.015874603763222694
multi_comm,2,wind,3,"0,2,3",7,63-74-70-75,0.0604780837893486
multi_comm,2,wind,3,"0,2,3",8,72-99-52-61,0.016852859407663345
multi_comm,2,wind,3,"0,2,3",9,82-94-97-67,0.027724480256438255
multi_comm,2,wind,3,"0,2,3",10,69-87-71-79,0.05251673236489296
multi_comm,2,wind,3,"0,2,3",11,81-80-85-86,0.022305017337203026
multi_comm,2,wind,3,"1,2,3",0,56-90-83-88,0.06186433508992195
multi_comm,2,wind,3,"1,2,3",1,57-96-78-95,0.07211289554834366
multi_comm,2,wind,3,"1,2,3",2,55-84-62-68,0.003357682144269347
multi_comm,2,wind,3,"1,2,3",3,77-53-59-89,0.0456487275660038
multi_comm,2,wind,3,"1,2,3",4,92-73-50-76,0.03760138154029846
multi_comm,2,wind,3,"1,2,3",5,54-60-64-91,0.023690158501267433
multi_comm,2,wind,3,"1,2,3",6,66-93-65-98,0.04357127472758293
multi_comm,2,wind,3,"1,2,3",7,63-74-70-75,0.022486552596092224
multi_comm,2,wind,3,"1,2,3",8,72-99-52-61,0.028499988839030266
multi_comm,2,wind,3,"1,2,3",9,82-94-97-67,0.03448949754238129
multi_comm,2,wind,3,"1,2,3",10,69-87-71-79,0.02656024508178234
multi_comm,2,wind,3,"1,2,3",11,81-80-85-86,0.028723977506160736
multi_comm,2,wind,4,"0,1,2,3",0,56-90-83-88,0.013361562974750996
multi_comm,2,wind,4,"0,1,2,3",1,57-96-78-95,0.023898625746369362
multi_comm,2,wind,4,"0,1,2,3",2,55-84-62-68,0.014695452526211739
multi_comm,2,wind,4,"0,1,2,3",3,77-53-59-89,0.013555698096752167
multi_comm,2,wind,4,"0,1,2,3",4,92-73-50-76,0.01631208509206772
multi_comm,2,wind,4,"0,1,2,3",5,54-60-64-91,0.01892710290849209
multi_comm,2,wind,4,"0,1,2,3",6,66-93-65-98,0.009435208514332771
multi_comm,2,wind,4,"0,1,2,3",7,63-74-70-75,0.01937801204621792
multi_comm,2,wind,4,"0,1,2,3",8,72-99-52-61,0.026182791218161583
multi_comm,2,wind,4,"0,1,2,3",9,82-94-97-67,0.010142522864043713
multi_comm,2,wind,4,"0,1,2,3",10,69-87-71-79,0.015256919898092747
multi_comm,2,wind,4,"0,1,2,3",11,81-80-85-86,0.005369479302316904
multi_comm,2,sand,0,,0,56-90-83-88,0.3108198940753937
multi_comm,2,sand,0,,1,57-96-78-95,0.19268672168254852
multi_comm,2,sand,0,,2,55-84-62-68,0.30349573493003845
multi_comm,2,sand,0,,3,77-53-59-89,0.34400424361228943
multi_comm,2,sand,0,,4,92-73-50-76,0.23307311534881592
multi_comm,2,sand,0,,5,54-60-64-91,0.31536373496055603
multi_comm,2,sand,0,,6,66-93-65-98,0.023767732083797455
multi_comm,2,sand,0,,7,63-74-70-75,0.13549554347991943
multi_comm,2,sand,0,,8,72-99-52-61,0.2039838582277298
multi_comm,2,sand,0,,9,82-94-97-67,0.24962863326072693
multi_comm,2,sand,0,,10,69-87-71-79,0.3565309941768646
multi_comm,2,sand,0,,11,81-80-85-86,0.2654457092285156
multi_comm,2,sand,1,0,0,56-90-83-88,0.10103967040777206
multi_comm,2,sand,1,0,1,57-96-78-95,0.13009120523929596
multi_comm,2,sand,1,0,2,55-84-62-68,0.19504903256893158
multi_comm,2,sand,1,0,3,77-53-59-89,0.1946118324995041
multi_comm,2,sand,1,0,4,92-73-50-76,0.19393566250801086
multi_comm,2,sand,1,0,5,54-60-64-91,0.1509305238723755
multi_comm,2,sand,1,0,6,66-93-65-98,0.06532101333141327
multi_comm,2,sand,1,0,7,63-74-70-75,0.10543276369571686
multi_comm,2,sand,1,0,8,72-99-52-61,0.14578142762184143
multi_comm,2,sand,1,0,9,82-94-97-67,0.04843146726489067
multi_comm,2,sand,1,0,10,69-87-71-79,0.18831197917461395
multi_comm,2,sand,1,0,11,81-80-85-86,0.11552064120769501
multi_comm,2,sand,1,1,0,56-90-83-88,0.06564157456159592
multi_comm,2,sand,1,1,1,57-96-78-95,0.20997914671897888
multi_comm,2,sand,1,1,2,55-84-62-68,0.006024681963026524
multi_comm,2,sand,1,1,3,77-53-59-89,0.21501149237155914
multi_comm,2,sand,1,1,4,92-73-50-76,0.0733552947640419
multi_comm,2,sand,1,1,5,54-60-64-91,0.18260639905929565
multi_comm,2,sand,1,1,6,66-93-65-98,0.12399500608444214
multi_comm,2,sand,1,1,7,63-74-70-75,0.15320706367492676
multi_comm,2,sand,1,1,8,72-99-52-61,0.10641887038946152
multi_comm,2,sand,1,1,9,82-94-97-67,0.09868316352367401
multi_comm,2,sand,1,1,10,69-87-71-79,0.04605289176106453
multi_comm,2,sand,1,1,11,81-80-85-86,0.1372314691543579
multi_comm,2,sand,1,2,0,56-90-83-88,-0.01962670125067234
multi_comm,2,sand,1,2,1,57-96-78-95,0.06907688081264496
multi_comm,2,sand,1,2,2,55-84-62-68,0.040983255952596664
multi_comm,2,sand,1,2,3,77-53-59-89,0.07816635817289352
multi_comm,2,sand,1,2,4,92-73-50-76,0.06572530418634415
multi_comm,2,sand,1,2,5,54-60-64-91,0.0628056675195694
multi_comm,2,sand,1,2,6,66-93-65-98,0.005914425477385521
multi_comm,2,sand,1,2,7,63-74-70-75,0.02512306533753872
multi_comm,2,sand,1,2,8,72-99-52-61,0.11219293624162674
multi_comm,2,sand,1,2,9,82-94-97-67,0.03398827090859413
multi_comm,2,sand,1,2,10,69-87-71-79,0.04809876158833504
multi_comm,2,sand,1,2,11,81-80-85-86,0.07543216645717621
multi_comm,2,sand,1,3,0,56-90-83-88,0.12769439816474915
multi_comm,2,sand,1,3,1,57-96-78-95,0.06941840052604675
multi_comm,2,sand,1,3,2,55-84-62-68,0.1377856731414795
multi_comm,2,sand,1,3,3,77-53-59-89,0.18812260031700134
multi_comm,2,sand,1,3,4,92-73-50-76,0.011563561856746674
multi_comm,2,sand,1,3,5,54-60-64-91,0.10853880643844604
multi_comm,2,sand,1,3,6,66-93-65-98,0.017391040921211243
multi_comm,2,sand,1,3,7,63-74-70-75,0.08636422455310822
multi_comm,2,sand,1,3,8,72-99-52-61,0.08962183445692062
multi_comm,2,sand,1,3,9,82-94-97-67,-0.025530943647027016
multi_comm,2,sand,1,3,10,69-87-71-79,0.06249542906880379
multi_comm,2,sand,1,3,11,81-80-85-86,0.06349890679121017
multi_comm,2,sand,2,"0,1",0,56-90-83-88,0.04364814981818199
multi_comm,2,sand,2,"0,1",1,57-96-78-95,0.08075249195098877
multi_comm,2,sand,2,"0,1",2,55-84-62-68,0.012932373210787773
multi_comm,2,sand,2,"0,1",3,77-53-59-89,0.14010930061340332
multi_comm,2,sand,2,"0,1",4,92-73-50-76,0.05289383977651596
multi_comm,2,sand,2,"0,1",5,54-60-64-91,0.11164028197526932
multi_comm,2,sand,2,"0,1",6,66-93-65-98,0.10500752180814743
multi_comm,2,sand,2,"0,1",7,63-74-70-75,0.07748375087976456
multi_comm,2,sand,2,"0,1",8,72-99-52-61,0.08889120817184448
multi_comm,2,sand,2,"0,1",9,82-94-97-67,0.06224138289690018
multi_comm,2,sand,2,"0,1",10,69-87-71-79,0.02884194813668728
multi_comm,2,sand,2,"0,1",11,81-80-85-86,0.07978621870279312
multi_comm,2,sand,2,"0,2",0,56-90-83-88,0.042204100638628006
multi_comm,2,sand,2,"0,2",1,57-96-78-95,0.027964388951659203
multi_comm,2,sand,2,"0,2",2,55-84-62-68,0.00815473310649395
multi_comm,2,sand,2,"0,2",3,77-53-59-89,0.005574213806539774
multi_comm,2,sand,2,"0,2",4,92-73-50-76,0.023419508710503578
multi_comm,2,sand,2,"0,2",5,54-60-64-91,0.015761056914925575
multi_comm,2,sand,2,"0,2",6,66-93-65-98,0.017016617581248283
multi_comm,2,sand,2,"0,2",7,63-74-70-75,0.02604536898434162
multi_comm,2,sand,2,"0,2",8,72-99-52-61,0.030550889670848846
multi_comm,2,sand,2,"0,2",9,82-94-97-67,0.014749767258763313
multi_comm,2,sand,2,"0,2",10,69-87-71-79,0.01533325482159853
multi_comm,2,sand,2,"0,2",11,81-80-85-86,0.02943269908428192
multi_comm,2,sand,2,"0,3",0,56-90-83-88,0.015636805444955826
multi_comm,2,sand,2,"0,3",1,57-96-78-95,0.02368170954287052
multi_comm,2,sand,2,"0,3",2,55-84-62-68,0.08854521065950394
multi_comm,2,sand,2,"0,3",3,77-53-59-89,0.045698732137680054
multi_comm,2,sand,2,"0,3",4,92-73-50-76,-0.007128688041120768
multi_comm,2,sand,2,"0,3",5,54-60-64-91,0.057976216077804565
multi_comm,2,sand,2,"0,3",6,66-93-65-98,0.04054544121026993
multi_comm,2,sand,2,"0,3",7,63-74-70-75,0.08774372190237045
multi_comm,2,sand,2,"0,3",8,72-99-52-61,0.02594229392707348
multi_comm,2,sand,2,"0,3",9,82-94-97-67,0.0044534169137477875
multi_comm,2,sand,2,"0,3",10,69-87-71-79,0.021751895546913147
multi_comm,2,sand,2,"0,3",11,81-80-85-86,0.05883007496595383
multi_comm,2,sand,2,"1,2",0,56-90-83-88,0.012989349663257599
multi_comm,2,sand,2,"1,2",1,57-96-78-95,0.03216616064310074
multi_comm,2,sand,2,"1,2",2,55-84-62-68,0.0056083849631249905
multi_comm,2,sand,2,"1,2",3,77-53-59-89,0.023012986406683922
multi_comm,2,sand,2,"1,2",4,92-73-50-76,0.011425669305026531
multi_comm,2,sand,2,"1,2",5,54-60-64-91,0.0035412467550486326
multi_comm,2,sand,2,"1,2",6,66-93-65-98,0.007959370501339436
multi_comm,2,sand,2,"1,2",7,63-74-70-75,0.00925716757774353
multi_comm,2,sand,2,"1,2",8,72-99-52-61,0.02303815446794033
multi_comm,2,sand,2,"1,2",9,82-94-97-67,-0.003831809386610985
multi_comm,2,sand,2,"1,2",10,69-87-71-79,0.004796332214027643
multi_comm,2,sand,2,"1,2",11,81-80-85-86,0.024604301899671555
multi_comm,2,sand,2,"1,3",0,56-90-83-88,0.011520740576088428
multi_comm,2,sand,2,"1,3",1,57-96-78-95,0.04031336307525635
multi_comm,2,sand,2,"1,3",2,55-84-62-68,0.012772493064403534
multi_comm,2,sand,2,"1,3",3,77-53-59-89,0.03953240439295769
multi_comm,2,sand,2,"1,3",4,92-73-50-76,0.007341164164245129
multi_comm,2,sand,2,"1,3",5,54-60-64-91,-0.0009469309006817639
multi_comm,2,sand,2,"1,3",6,66-93-65-98,0.012853394262492657
multi_comm,2,sand,2,"1,3",7,63-74-70-75,0.0055885277688503265
multi_comm,2,sand,2,"1,3",8,72-99-52-61,0.023195674642920494
multi_comm,2,sand,2,"1,3",9,82-94-97-67,-0.005319313146173954
multi_comm,2,sand,2,"1,3",10,69-87-71-79,0.010068356059491634
multi_comm,2,sand,2,"1,3",11,81-80-85-86,0.017661096528172493
multi_comm,2,sand,2,"2,3",0,56-90-83-88,-0.002716947114095092
multi_comm,2,sand,2,"2,3",1,57-96-78-95,0.017291361466050148
multi_comm,2,sand,2,"2,3",2,55-84-62-68,0.016179516911506653
multi_comm,2,sand,2,"2,3",3,77-53-59-89,0.03136422112584114
multi_comm,2,sand,2,"2,3",4,92-73-50-76,0.03754781559109688
multi_comm,2,sand,2,"2,3",5,54-60-64-91,0.03516232967376709
multi_comm,2,sand,2,"2,3",6,66-93-65-98,-0.004183955490589142
multi_comm,2,sand,2,"2,3",7,63-74-70-75,-0.0017954028444364667
multi_comm,2,sand,2,"2,3",8,72-99-52-61,0.05321548879146576
multi_comm,2,sand,2,"2,3",9,82-94-97-67,0.018666910007596016
multi_comm,2,sand,2,"2,3",10,69-87-71-79,0.034872040152549744
multi_comm,2,sand,2,"2,3",11,81-80-85-86,0.017957936972379684
multi_comm,2,sand,3,"0,1,2",0,56-90-83-88,0.008413823321461678
multi_comm,2,sand,3,"0,1,2",1,57-96-78-95,0.010949544608592987
multi_comm,2,sand,3,"0,1,2",2,55-84-62-68,0.003236236982047558
multi_comm,2,sand,3,"0,1,2",3,77-53-59-89,0.00691617839038372
multi_comm,2,sand,3,"0,1,2",4,92-73-50-76,0.008663183078169823
multi_comm,2,sand,3,"0,1,2",5,54-60-64-91,0.006415800657123327
multi_comm,2,sand,3,"0,1,2",6,66-93-65-98,0.0067957486025989056
multi_comm,2,sand,3,"0,1,2",7,63-74-70-75,0.009467958472669125
multi_comm,2,sand,3,"0,1,2",8,72-99-52-61,0.011636098846793175
multi_comm,2,sand,3,"0,1,2",9,82-94-97-67,0.003515887539833784
multi_comm,2,sand,3,"0,1,2",10,69-87-71-79,0.0038913446478545666
multi_comm,2,sand,3,"0,1,2",11,81-80-85-86,0.007596989627927542
multi_comm,2,sand,3,"0,1,3",0,56-90-83-88,0.008341172710061073
multi_comm,2,sand,3,"0,1,3",1,57-96-78-95,0.022099420428276062
multi_comm,2,sand,3,"0,1,3",2,55-84-62-68,0.00643268134444952
multi_comm,2,sand,3,"0,1,3",3,77-53-59-89,0.012476463802158833
multi_comm,2,sand,3,"0,1,3",4,92-73-50-76,0.005249166861176491
multi_comm,2,sand,3,"0,1,3",5,54-60-64-91,0.005425228271633387
multi_comm,2,sand,3,"0,1,3",6,66-93-65-98,0.008160864003002644
multi_comm,2,sand,3,"0,1,3",7,63-74-70-75,0.00631941482424736
multi_comm,2,sand,3,"0,1,3",8,72-99-52-61,0.018921220675110817
multi_comm,2,sand,3,"0,1,3",9,82-94-97-67,0.0031685843132436275
multi_comm,2,sand,3,"0,1,3",10,69-87-71-79,0.0078389598056674
multi_comm,2,sand,3,"0,1,3",11,81-80-85-86,0.0026086457073688507
multi_comm,2,sand,3,"0,2,3",0,56-90-83-88,0.0068956827744841576
multi_comm,2,sand,3,"0,2,3",1,57-96-78-95,0.006985921878367662
multi_comm,2,sand,3,"0,2,3",2,55-84-62-68,0.008613474667072296
multi_comm,2,sand,3,"0,2,3",3,77-53-59-89,-0.00096963468240574
multi_comm,2,sand,3,"0,2,3",4,92-73-50-76,0.006090124603360891
multi_comm,2,sand,3,"0,2,3",5,54-60-64-91,0.00022938729671295732
multi_comm,2,sand,3,"0,2,3",6,66-93-65-98,0.005637429654598236
multi_comm,2,sand,3,"0,2,3",7,63-74-70-75,0.010329701006412506
multi_comm,2,sand,3,"0,2,3",8,72-99-52-61,0.009885556995868683
multi_comm,2,sand,3,"0,2,3",9,82-94-97-67,0.0073623815551400185
multi_comm,2,sand,3,"0,2,3",10,69-87-71-79,0.007406727410852909
multi_comm,2,sand,3,"0,2,3",11,81-80-85-86,0.011575298383831978
multi_comm,2,sand,3,"1,2,3",0,56-90-83-88,0.0012021715519949794
multi_comm,2,sand,3,"1,2,3",1,57-96-78-95,0.010537245310842991
multi_comm,2,sand,3,"1,2,3",2,55-84-62-68,0.0037039886228740215
multi_comm,2,sand,3,"1,2,3",3,77-53-59-89,0.010449307039380074
multi_comm,2,sand,3,"1,2,3",4,92-73-50-76,0.0021524641197174788
multi_comm,2,sand,3,"1,2,3",5,54-60-64-91,-0.001214811927638948
multi_comm,2,sand,3,"1,2,3",6,66-93-65-98,0.002028894377872348
multi_comm,2,sand,3,"1,2,3",7,63-74-70-75,-0.003433785866945982
multi_comm,2,sand,3,"1,2,3",8,72-99-52-61,0.00636470690369606
multi_comm,2,sand,3,"1,2,3",9,82-94-97-67,-0.004330775700509548
multi_comm,2,sand,3,"1,2,3",10,69-87-71-79,0.0021747411228716373
multi_comm,2,sand,3,"1,2,3",11,81-80-85-86,0.008719878271222115
multi_comm,2,sand,4,"0,1,2,3",0,56-90-83-88,0.0017348596593365073
multi_comm,2,sand,4,"0,1,2,3",1,57-96-78-95,0.003142407862469554
multi_comm,2,sand,4,"0,1,2,3",2,55-84-62-68,0.001966342329978943
multi_comm,2,sand,4,"0,1,2,3",3,77-53-59-89,0.0018593327840790153
multi_comm,2,sand,4,"0,1,2,3",4,92-73-50-76,0.002034473232924938
multi_comm,2,sand,4,"0,1,2,3",5,54-60-64-91,0.0018178194295614958
multi_comm,2,sand,4,"0,1,2,3",6,66-93-65-98,0.0019287513568997383
multi_comm,2,sand,4,"0,1,2,3",7,63-74-70-75,0.0020687771029770374
multi_comm,2,sand,4,"0,1,2,3",8,72-99-52-61,0.0031471624970436096
multi_comm,2,sand,4,"0,1,2,3",9,82-94-97-67,0.0019197206711396575
multi_comm,2,sand,4,"0,1,2,3",10,69-87-71-79,0.002167882164940238
multi_comm,2,sand,4,"0,1,2,3",11,81-80-85-86,0.002004485111683607
multi_comm,2,slope_up,0,,0,56-90-83-88,0.35530567169189453
multi_comm,2,slope_up,0,,1,57-96-78-95,0.24224841594696045
multi_comm,2,slope_up,0,,2,55-84-62-68,0.30123451352119446
multi_comm,2,slope_up,0,,3,77-53-59-89,0.36964669823646545
multi_comm,2,slope_up,0,,4,92-73-50-76,0.27073460817337036
multi_comm,2,slope_up,0,,5,54-60-64-91,0.28447145223617554
multi_comm,2,slope_up,0,,6,66-93-65-98,0.10346003621816635
multi_comm,2,slope_up,0,,7,63-74-70-75,0.1160811334848404
multi_comm,2,slope_up,0,,8,72-99-52-61,0.23260724544525146
multi_comm,2,slope_up,0,,9,82-94-97-67,0.2650373578071594
multi_comm,2,slope_up,0,,10,69-87-71-79,0.33260831236839294
multi_comm,2,slope_up,0,,11,81-80-85-86,0.23973631858825684
multi_comm,2,slope_up,1,0,0,56-90-83-88,0.0738440528512001
multi_comm,2,slope_up,1,0,1,57-96-78-95,0.16878393292427063
multi_comm,2,slope_up,1,0,2,55-84-62-68,0.13742192089557648
multi_comm,2,slope_up,1,0,3,77-53-59-89,0.15368731319904327
multi_comm,2,slope_up,1,0,4,92-73-50-76,0.13890483975410461
multi_comm,2,slope_up,1,0,5,54-60-64-91,0.11969202756881714
multi_comm,2,slope_up,1,0,6,66-93-65-98,0.07268404960632324
multi_comm,2,slope_up,1,0,7,63-74-70-75,0.059693001210689545
multi_comm,2,slope_up,1,0,8,72-99-52-61,0.1578945368528366
multi_comm,2,slope_up,1,0,9,82-94-97-67,0.06963200122117996
multi_comm,2,slope_up,1,0,10,69-87-71-79,0.1456812471151352
multi_comm,2,slope_up,1,0,11,81-80-85-86,0.11465108394622803
multi_comm,2,slope_up,1,1,0,56-90-83-88,0.07072784006595612
multi_comm,2,slope_up,1,1,1,57-96-78-95,0.17270560562610626
multi_comm,2,slope_up,1,1,2,55-84-62-68,0.0009732070611789823
multi_comm,2,slope_up,1,1,3,77-53-59-89,0.15040889382362366
multi_comm,2,slope_up,1,1,4,92-73-50-76,0.0371956005692482
multi_comm,2,slope_up,1,1,5,54-60-64-91,0.1689666211605072
multi_comm,2,slope_up,1,1,6,66-93-65-98,0.14032220840454102
multi_comm,2,slope_up,1,1,7,63-74-70-75,0.1456933170557022
multi_comm,2,slope_up,1,1,8,72-99-52-61,0.10536273568868637
multi_comm,2,slope_up,1,1,9,82-94-97-67,0.08292800188064575
multi_comm,2,slope_up,1,1,10,69-87-71-79,0.0489133782684803
multi_comm,2,slope_up,1,1,11,81-80-85-86,0.08872641623020172
multi_comm,2,slope_up,1,2,0,56-90-83-88,-0.03164445236325264
multi_comm,2,slope_up,1,2,1,57-96-78-95,0.041427403688430786
multi_comm,2,slope_up,1,2,2,55-84-62-68,0.04139934480190277
multi_comm,2,slope_up,1,2,3,77-53-59-89,0.1010327935218811
multi_comm,2,slope_up,1,2,4,92-73-50-76,0.08498957753181458
multi_comm,2,slope_up,1,2,5,54-60-64-91,0.026860665529966354
multi_comm,2,slope_up,1,2,6,66-93-65-98,0.0072743711061775684
multi_comm,2,slope_up,1,2,7,63-74-70-75,0.0326545424759388
multi_comm,2,slope_up,1,2,8,72-99-52-61,0.11534053087234497
multi_comm,2,slope_up,1,2,9,82-94-97-67,0.01624562032520771
multi_comm,2,slope_up,1,2,10,69-87-71-79,0.07530943304300308
multi_comm,2,slope_up,1,2,11,81-80-85-86,0.0791308805346489
multi_comm,2,slope_up,1,3,0,56-90-83-88,0.1294870376586914
multi_comm,2,slope_up,1,3,1,57-96-78-95,0.05972050875425339
multi_comm,2,slope_up,1,3,2,55-84-62-68,0.11800243705511093
multi_comm,2,slope_up,1,3,3,77-53-59-89,0.09577318280935287
multi_comm,2,slope_up,1,3,4,92-73-50-76,0.0811530277132988
multi_comm,2,slope_up,1,3,5,54-60-64-91,0.12019854784011841
multi_comm,2,slope_up,1,3,6,66-93-65-98,0.015789078548550606
multi_comm,2,slope_up,1,3,7,63-74-70-75,0.06651904433965683
multi_comm,2,slope_up,1,3,8,72-99-52-61,0.08161867409944534
multi_comm,2,slope_up,1,3,9,82-94-97-67,0.019068101420998573
multi_comm,2,slope_up,1,3,10,69-87-71-79,0.017635276541113853
multi_comm,2,slope_up,1,3,11,81-80-85-86,0.12772352993488312
multi_comm,2,slope_up,2,"0,1",0,56-90-83-88,0.030787169933319092
multi_comm,2,slope_up,2,"0,1",1,57-96-78-95,0.05376392602920532
multi_comm,2,slope_up,2,"0,1",2,55-84-62-68,0.025529444217681885
multi_comm,2,slope_up,2,"0,1",3,77-53-59-89,0.07371668517589569
multi_comm,2,slope_up,2,"0,1",4,92-73-50-76,0.0197959765791893
multi_comm,2,slope_up,2,"0,1",5,54-60-64-91,0.065870501101017
multi_comm,2,slope_up,2,"0,1",6,66-93-65-98,0.060861703008413315
multi_comm,2,slope_up,2,"0,1",7,63-74-70-75,0.05064031481742859
multi_comm,2,slope_up,2,"0,1",8,72-99-52-61,0.0703582838177681
multi_comm,2,slope_up,2,"0,1",9,82-94-97-67,0.03818923234939575
multi_comm,2,slope_up,2,"0,1",10,69-87-71-79,0.027165278792381287
multi_comm,2,slope_up,2,"0,1",11,81-80-85-86,0.05858541652560234
multi_comm,2,slope_up,2,"0,2",0,56-90-83-88,0.015015059150755405
multi_comm,2,slope_up,2,"0,2",1,57-96-78-95,0.026386668905615807
multi_comm,2,slope_up,2,"0,2",2,55-84-62-68,0.0026706389617174864
multi_comm,2,slope_up,2,"0,2",3,77-53-59-89,0.00510450080037117
multi_comm,2,slope_up,2,"0,2",4,92-73-50-76,0.013106736354529858
multi_comm,2,slope_up,2,"0,2",5,54-60-64-91,0.006413540802896023
multi_comm,2,slope_up,2,"0,2",6,66-93-65-98,0.010700884275138378
multi_comm,2,slope_up,2,"0,2",7,63-74-70-75,0.0030687106773257256
multi_comm,2,slope_up,2,"0,2",8,72-99-52-61,0.02040477655827999
multi_comm,2,slope_up,2,"0,2",9,82-94-97-67,0.008990036323666573
multi_comm,2,slope_up,2,"0,2",10,69-87-71-79,0.0031850060913711786
multi_comm,2,slope_up,2,"0,2",11,81-80-85-86,0.02385730668902397
multi_comm,2,slope_up,2,"0,3",0,56-90-83-88,0.014285963028669357
multi_comm,2,slope_up,2,"0,3",1,57-96-78-95,0.011790351942181587
multi_comm,2,slope_up,2,"0,3",2,55-84-62-68,0.04819574952125549
multi_comm,2,slope_up,2,"0,3",3,77-53-59-89,0.04209847375750542
multi_comm,2,slope_up,2,"0,3",4,92-73-50-76,-0.039479054510593414
multi_comm,2,slope_up,2,"0,3",5,54-60-64-91,0.06946475803852081
multi_comm,2,slope_up,2,"0,3",6,66-93-65-98,0.036874040961265564
multi_comm,2,slope_up,2,"0,3",7,63-74-70-75,0.05969296023249626
multi_comm,2,slope_up,2,"0,3",8,72-99-52-61,0.01307454239577055
multi_comm,2,slope_up,2,"0,3",9,82-94-97-67,0.005335211753845215
multi_comm,2,slope_up,2,"0,3",10,69-87-71-79,0.01880243420600891
multi_comm,2,slope_up,2,"0,3",11,81-80-85-86,0.04469611123204231
multi_comm,2,slope_up,2,"1,2",0,56-90-83-88,0.007270909380167723
multi_comm,2,slope_up,2,"1,2",1,57-96-78-95,0.03488155081868172
multi_comm,2,slope_up,2,"1,2",2,55-84-62-68,0.0049605173990130424
multi_comm,2,slope_up,2,"1,2",3,77-53-59-89,0.019144007936120033
multi_comm,2,slope_up,2,"1,2",4,92-73-50-76,0.004216962493956089
multi_comm,2,slope_up,2,"1,2",5,54-60-64-91,0.009691767394542694
multi_comm,2,slope_up,2,"1,2",6,66-93-65-98,0.008509327657520771
multi_comm,2,slope_up,2,"1,2",7,63-74-70-75,0.0008017211221158504
multi_comm,2,slope_up,2,"1,2",8,72-99-52-61,0.03086979128420353
multi_comm,2,slope_up,2,"1,2",9,82-94-97-67,0.0006399655831046402
multi_comm,2,slope_up,2,"1,2",10,69-87-71-79,0.00411137193441391
multi_comm,2,slope_up,2,"1,2",11,81-80-85-86,0.02005387842655182
multi_comm,2,slope_up,2,"1,3",0,56-90-83-88,0.008811552077531815
multi_comm,2,slope_up,2,"1,3",1,57-96-78-95,0.039961542934179306
multi_comm,2,slope_up,2,"1,3",2,55-84-62-68,0.0053513324819505215
multi_comm,2,slope_up,2,"1,3",3,77-53-59-89,0.02455471083521843
multi_comm,2,slope_up,2,"1,3",4,92-73-50-76,0.0030614978168159723
multi_comm,2,slope_up,2,"1,3",5,54-60-64-91,0.00888323225080967
multi_comm,2,slope_up,2,"1,3",6,66-93-65-98,0.013758529908955097
multi_comm,2,slope_up,2,"1,3",7,63-74-70-75,0.0038033209275454283
multi_comm,2,slope_up,2,"1,3",8,72-99-52-61,0.023262200877070427
multi_comm,2,slope_up,2,"1,3",9,82-94-97-67,-0.002363909501582384
multi_comm,2,slope_up,2,"1,3",10,69-87-71-79,0.006572645623236895
multi_comm,2,slope_up,2,"1,3",11,81-80-85-86,0.020266631618142128
multi_comm,2,slope_up,2,"2,3",0,56-90-83-88,-0.024850839748978615
multi_comm,2,slope_up,2,"2,3",1,57-96-78-95,-0.0010724399471655488
multi_comm,2,slope_up,2,"2,3",2,55-84-62-68,6.936338468221948e-05
multi_comm,2,slope_up,2,"2,3",3,77-53-59-89,0.055318087339401245
multi_comm,2,slope_up,2,"2,3",4,92-73-50-76,0.04455181956291199
multi_comm,2,slope_up,2,"2,3",5,54-60-64-91,0.015172107145190239
multi_comm,2,slope_up,2,"2,3",6,66-93-65-98,0.0008705495856702328
multi_comm,2,slope_up,2,"2,3",7,63-74-70-75,-0.0064061409793794155
multi_comm,2,slope_up,2,"2,3",8,72-99-52-61,0.04766421392560005
multi_comm,2,slope_up,2,"2,3",9,82-94-97-67,0.009976507164537907
multi_comm,2,slope_up,2,"2,3",10,69-87-71-79,0.029525648802518845
multi_comm,2,slope_up,2,"2,3",11,81-80-85-86,0.011481626890599728
multi_comm,2,slope_up,3,"0,1,2",0,56-90-83-88,0.003221623133867979
multi_comm,2,slope_up,3,"0,1,2",1,57-96-78-95,0.004597797058522701
multi_comm,2,slope_up,3,"0,1,2",2,55-84-62-68,0.001544150640256703
multi_comm,2,slope_up,3,"0,1,2",3,77-53-59-89,0.004475934896618128
multi_comm,2,slope_up,3,"0,1,2",4,92-73-50-76,0.003241351107135415
multi_comm,2,slope_up,3,"0,1,2",5,54-60-64-91,0.004905771464109421
multi_comm,2,slope_up,3,"0,1,2",6,66-93-65-98,0.00475485622882843
multi_comm,2,slope_up,3,"0,1,2",7,63-74-70-75,0.0035472437739372253
multi_comm,2,slope_up,3,"0,1,2",8,72-99-52-61,0.004768970422446728
multi_comm,2,slope_up,3,"0,1,2",9,82-94-97-67,0.0007636154186911881
multi_comm,2,slope_up,3,"0,1,2",10,69-87-71-79,0.0036943352315574884
multi_comm,2,slope_up,3,"0,1,2",11,81-80-85-86,0.004160113632678986
multi_comm,2,slope_up,3,"0,1,3",0,56-90-83-88,0.002976996824145317
multi_comm,2,slope_up,3,"0,1,3",1,57-96-78-95,0.01897161453962326
multi_comm,2,slope_up,3,"0,1,3",2,55-84-62-68,0.0033055362291634083
multi_comm,2,slope_up,3,"0,1,3",3,77-53-59-89,0.0049749077297747135
multi_comm,2,slope_up,3,"0,1,3",4,92-73-50-76,0.00185253971721977
multi_comm,2,slope_up,3,"0,1,3",5,54-60-64-91,0.0038965705316513777
multi_comm,2,slope_up,3,"0,1,3",6,66-93-65-98,0.006564478389918804
multi_comm,2,slope_up,3,"0,1,3",7,63-74-70-75,0.003426180686801672
multi_comm,2,slope_up,3,"0,1,3",8,72-99-52-61,0.008127330802381039
multi_comm,2,slope_up,3,"0,1,3",9,82-94-97-67,0.0023728657979518175
multi_comm,2,slope_up,3,"0,1,3",10,69-87-71-79,0.005335117690265179
multi_comm,2,slope_up,3,"0,1,3",11,81-80-85-86,0.0038493804167956114
multi_comm,2,slope_up,3,"0,2,3",0,56-90-83-88,0.0032759387977421284
multi_comm,2,slope_up,3,"0,2,3",1,57-96-78-95,0.006884241010993719
multi_comm,2,slope_up,3,"0,2,3",2,55-84-62-68,0.0057862442918121815
multi_comm,2,slope_up,3,"0,2,3",3,77-53-59-89,0.001528243301436305
multi_comm,2,slope_up,3,"0,2,3",4,92-73-50-76,0.0026487105060368776
multi_comm,2,slope_up,3,"0,2,3",5,54-60-64-91,0.0021411266643553972
multi_comm,2,slope_up,3,"0,2,3",6,66-93-65-98,0.0015356764197349548
multi_comm,2,slope_up,3,"0,2,3",7,63-74-70-75,0.0014460372040048242
multi_comm,2,slope_up,3,"0,2,3",8,72-99-52-61,0.005961165763437748
multi_comm,2,slope_up,3,"0,2,3",9,82-94-97-67,0.005074705928564072
multi_comm,2,slope_up,3,"0,2,3",10,69-87-71-79,0.004882830195128918
multi_comm,2,slope_up,3,"0,2,3",11,81-80-85-86,0.00033095022081397474
multi_comm,2,slope_up,3,"1,2,3",0,56-90-83-88,0.0022007375955581665
multi_comm,2,slope_up,3,"1,2,3",1,57-96-78-95,0.006812229752540588
multi_comm,2,slope_up,3,"1,2,3",2,55-84-62-68,0.0038228726480156183
multi_comm,2,slope_up,3,"1,2,3",3,77-53-59-89,0.005388437304645777
multi_comm,2,slope_up,3,"1,2,3",4,92-73-50-76,0.002167866798117757
multi_comm,2,slope_up,3,"1,2,3",5,54-60-64-91,0.0005379544454626739
multi_comm,2,slope_up,3,"1,2,3",6,66-93-65-98,0.002550097880885005
multi_comm,2,slope_up,3,"1,2,3",7,63-74-70-75,-0.0007991318707354367
multi_comm,2,slope_up,3,"1,2,3",8,72-99-52-61,0.004173322580754757
multi_comm,2,slope_up,3,"1,2,3",9,82-94-97-67,-3.137320891255513e-05
multi_comm,2,slope_up,3,"1,2,3",10,69-87-71-79,0.005209256429225206
multi_comm,2,slope_up,3,"1,2,3",11,81-80-85-86,0.004446140956133604
multi_comm,2,slope_up,4,"0,1,2,3",0,56-90-83-88,0.0013092383742332458
multi_comm,2,slope_up,4,"0,1,2,3",1,57-96-78-95,0.002638955833390355
multi_comm,2,slope_up,4,"0,1,2,3",2,55-84-62-68,0.0016742473235353827
multi_comm,2,slope_up,4,"0,1,2,3",3,77-53-59-89,0.0015728387515991926
multi_comm,2,slope_up,4,"0,1,2,3",4,92-73-50-76,0.0017190331127494574
multi_comm,2,slope_up,4,"0,1,2,3",5,54-60-64-91,0.0015658638440072536
multi_comm,2,slope_up,4,"0,1,2,3",6,66-93-65-98,0.0015193249564617872
multi_comm,2,slope_up,4,"0,1,2,3",7,63-74-70-75,0.0017503193812444806
multi_comm,2,slope_up,4,"0,1,2,3",8,72-99-52-61,0.00274001550860703
multi_comm,2,slope_up,4,"0,1,2,3",9,82-94-97-67,0.0015738867223262787
multi_comm,2,slope_up,4,"0,1,2,3",10,69-87-71-79,0.004217443056404591
multi_comm,2,slope_up,4,"0,1,2,3",11,81-80-85-86,0.0017263656482100487
multi_comm,2,low_gravity,0,,0,56-90-83-88,0.044724687933921814
multi_comm,2,low_gravity,0,,1,57-96-78-95,0.03897637128829956
multi_comm,2,low_gravity,0,,2,55-84-62-68,0.06847574561834335
multi_comm,2,low_gravity,0,,3,77-53-59-89,0.06315896660089493
multi_comm,2,low_gravity,0,,4,92-73-50-76,0.0590975284576416
multi_comm,2,low_gravity,0,,5,54-60-64-91,0.04464809596538544
multi_comm,2,low_gravity,0,,6,66-93-65-98,0.05080125853419304
multi_comm,2,low_gravity,0,,7,63-74-70-75,0.04650707170367241
multi_comm,2,low_gravity,0,,8,72-99-52-61,0.06715233623981476
multi_comm,2,low_gravity,0,,9,82-94-97-67,0.05315893888473511
multi_comm,2,low_gravity,0,,10,69-87-71-79,0.0326133668422699
multi_comm,2,low_gravity,0,,11,81-80-85-86,0.052574288100004196
multi_comm,2,low_gravity,1,0,0,56-90-83-88,0.04510113596916199
multi_comm,2,low_gravity,1,0,1,57-96-78-95,0.07534781843423843
multi_comm,2,low_gravity,1,0,2,55-84-62-68,0.07223693281412125
multi_comm,2,low_gravity,1,0,3,77-53-59-89,0.07262897491455078
multi_comm,2,low_gravity,1,0,4,92-73-50-76,0.06654036790132523
multi_comm,2,low_gravity,1,0,5,54-60-64-91,0.06180724501609802
multi_comm,2,low_gravity,1,0,6,66-93-65-98,0.02568012848496437
multi_comm,2,low_gravity,1,0,7,63-74-70-75,0.07442756742238998
multi_comm,2,low_gravity,1,0,8,72-99-52-61,0.06888706982135773
multi_comm,2,low_gravity,1,0,9,82-94-97-67,0.056270308792591095
multi_comm,2,low_gravity,1,0,10,69-87-71-79,0.028320947661995888
multi_comm,2,low_gravity,1,0,11,81-80-85-86,0.05970998853445053
multi_comm,2,low_gravity,1,1,0,56-90-83-88,0.05254393443465233
multi_comm,2,low_gravity,1,1,1,57-96-78-95,0.03219355270266533
multi_comm,2,low_gravity,1,1,2,55-84-62-68,0.06338443607091904
multi_comm,2,low_gravity,1,1,3,77-53-59-89,0.06651055812835693
multi_comm,2,low_gravity,1,1,4,92-73-50-76,0.059924084693193436
multi_comm,2,low_gravity,1,1,5,54-60-64-91,0.039427030831575394
multi_comm,2,low_gravity,1,1,6,66-93-65-98,0.031653184443712234
multi_comm,2,low_gravity,1,1,7,63-74-70-75,0.07324432581663132
multi_comm,2,low_gravity,1,1,8,72-99-52-61,0.024628030136227608
multi_comm,2,low_gravity,1,1,9,82-94-97-67,0.044682037085294724
multi_comm,2,low_gravity,1,1,10,69-87-71-79,0.036801014095544815
multi_comm,2,low_gravity,1,1,11,81-80-85-86,0.03257269784808159
multi_comm,2,low_gravity,1,2,0,56-90-83-88,0.04167377948760986
multi_comm,2,low_gravity,1,2,1,57-96-78-95,0.02652161940932274
multi_comm,2,low_gravity,1,2,2,55-84-62-68,0.012494252994656563
multi_comm,2,low_gravity,1,2,3,77-53-59-89,0.025813011452555656
multi_comm,2,low_gravity,1,2,4,92-73-50-76,0.03190172463655472
multi_comm,2,low_gravity,1,2,5,54-60-64-91,0.040802061557769775
multi_comm,2,low_gravity,1,2,6,66-93-65-98,0.0012187524698674679
multi_comm,2,low_gravity,1,2,7,63-74-70-75,0.013120817020535469
multi_comm,2,low_gravity,1,2,8,72-99-52-61,0.05385749042034149
multi_comm,2,low_gravity,1,2,9,82-94-97-67,0.03423143923282623
multi_comm,2,low_gravity,1,2,10,69-87-71-79,0.01682434417307377
multi_comm,2,low_gravity,1,2,11,81-80-85-86,0.004336424171924591
multi_comm,2,low_gravity,1,3,0,56-90-83-88,0.02367248199880123
multi_comm,2,low_gravity,1,3,1,57-96-78-95,0.026393631473183632
multi_comm,2,low_gravity,1,3,2,55-84-62-68,0.04396151378750801
multi_comm,2,low_gravity,1,3,3,77-53-59-89,0.048325248062610626
multi_comm,2,low_gravity,1,3,4,92-73-50-76,0.042610567063093185
multi_comm,2,low_gravity,1,3,5,54-60-64-91,0.033819541335105896
multi_comm,2,low_gravity,1,3,6,66-93-65-98,0.03096088580787182
multi_comm,2,low_gravity,1,3,7,63-74-70-75,0.04738478735089302
multi_comm,2,low_gravity,1,3,8,72-99-52-61,0.050428878515958786
multi_comm,2,low_gravity,1,3,9,82-94-97-67,0.043486639857292175
multi_comm,2,low_gravity,1,3,10,69-87-71-79,0.02666989341378212
multi_comm,2,low_gravity,1,3,11,81-80-85-86,0.02385740540921688
multi_comm,2,low_gravity,2,"0,1",0,56-90-83-88,0.05034960061311722
multi_comm,2,low_gravity,2,"0,1",1,57-96-78-95,0.020066402852535248
multi_comm,2,low_gravity,2,"0,1",2,55-84-62-68,0.05710165947675705
multi_comm,2,low_gravity,2,"0,1",3,77-53-59-89,0.06345125287771225
multi_comm,2,low_gravity,2,"0,1",4,92-73-50-76,0.0562136173248291
multi_comm,2,low_gravity,2,"0,1",5,54-60-64-91,0.04425455257296562
multi_comm,2,low_gravity,2,"0,1",6,66-93-65-98,0.021884003654122353
multi_comm,2,low_gravity,2,"0,1",7,63-74-70-75,0.06554045528173447
multi_comm,2,low_gravity,2,"0,1",8,72-99-52-61,0.038852062076330185
multi_comm,2,low_gravity,2,"0,1",9,82-94-97-67,0.02951907366514206
multi_comm,2,low_gravity,2,"0,1",10,69-87-71-79,0.04764902591705322
multi_comm,2,low_gravity,2,"0,1",11,81-80-85-86,0.016558900475502014
multi_comm,2,low_gravity,2,"0,2",0,56-90-83-88,0.018406221643090248
multi_comm,2,low_gravity,2,"0,2",1,57-96-78-95,0.018919244408607483
multi_comm,2,low_gravity,2,"0,2",2,55-84-62-68,0.029715269804000854
multi_comm,2,low_gravity,2,"0,2",3,77-53-59-89,-0.004966827109456062
multi_comm,2,low_gravity,2,"0,2",4,92-73-50-76,0.006580597721040249
multi_comm,2,low_gravity,2,"0,2",5,54-60-64-91,0.011331197805702686
multi_comm,2,low_gravity,2,"0,2",6,66-93-65-98,0.017406044527888298
multi_comm,2,low_gravity,2,"0,2",7,63-74-70-75,0.036398231983184814
multi_comm,2,low_gravity,2,"0,2",8,72-99-52-61,0.020100098103284836
multi_comm,2,low_gravity,2,"0,2",9,82-94-97-67,0.014773561619222164
multi_comm,2,low_gravity,2,"0,2",10,69-87-71-79,0.012809096835553646
multi_comm,2,low_gravity,2,"0,2",11,81-80-85-86,0.031929340213537216
multi_comm,2,low_gravity,2,"0,3",0,56-90-83-88,0.014745797030627728
multi_comm,2,low_gravity,2,"0,3",1,57-96-78-95,0.049392469227313995
multi_comm,2,low_gravity,2,"0,3",2,55-84-62-68,0.06492471694946289
multi_comm,2,low_gravity,2,"0,3",3,77-53-59-89,0.07249095290899277
multi_comm,2,low_gravity,2,"0,3",4,92-73-50-76,0.05780571326613426
multi_comm,2,low_gravity,2,"0,3",5,54-60-64-91,0.04760478436946869
multi_comm,2,low_gravity,2,"0,3",6,66-93-65-98,0.0017745787044987082
multi_comm,2,low_gravity,2,"0,3",7,63-74-70-75,0.0717221274971962
multi_comm,2,low_gravity,2,"0,3",8,72-99-52-61,0.06215456500649452
multi_comm,2,low_gravity,2,"0,3",9,82-94-97-67,0.023742467164993286
multi_comm,2,low_gravity,2,"0,3",10,69-87-71-79,0.038482196629047394
multi_comm,2,low_gravity,2,"0,3",11,81-80-85-86,0.015682470053434372
multi_comm,2,low_gravity,2,"1,2",0,56-90-83-88,0.017146091908216476
multi_comm,2,low_gravity,2,"1,2",1,57-96-78-95,0.0025133509188890457
multi_comm,2,low_gravity,2,"1,2",2,55-84-62-68,0.011990752071142197
multi_comm,2,low_gravity,2,"1,2",3,77-53-59-89,0.0014930848265066743
multi_comm,2,low_gravity,2,"1,2",4,92-73-50-76,0.01388800609856844
multi_comm,2,low_gravity,2,"1,2",5,54-60-64-91,0.011001993902027607
multi_comm,2,low_gravity,2,"1,2",6,66-93-65-98,0.00504860607907176
multi_comm,2,low_gravity,2,"1,2",7,63-74-70-75,0.009129313752055168
multi_comm,2,low_gravity,2,"1,2",8,72-99-52-61,0.01413617841899395
multi_comm,2,low_gravity,2,"1,2",9,82-94-97-67,0.0027829089667648077
multi_comm,2,low_gravity,2,"1,2",10,69-87-71-79,0.018665000796318054
multi_comm,2,low_gravity,2,"1,2",11,81-80-85-86,0.01241043210029602
multi_comm,2,low_gravity,2,"1,3",0,56-90-83-88,0.030147716403007507
multi_comm,2,low_gravity,2,"1,3",1,57-96-78-95,-0.0006237562047317624
multi_comm,2,low_gravity,2,"1,3",2,55-84-62-68,-0.0038602843414992094
multi_comm,2,low_gravity,2,"1,3",3,77-53-59-89,0.008717300370335579
multi_comm,2,low_gravity,2,"1,3",4,92-73-50-76,0.01083496306091547
multi_comm,2,low_gravity,2,"1,3",5,54-60-64-91,0.0014814628520980477
multi_comm,2,low_gravity,2,"1,3",6,66-93-65-98,0.026816099882125854
multi_comm,2,low_gravity,2,"1,3",7,63-74-70-75,0.00046356971142813563
multi_comm,2,low_gravity,2,"1,3",8,72-99-52-61,0.015074661001563072
multi_comm,2,low_gravity,2,"1,3",9,82-94-97-67,-0.004380001220852137
multi_comm,2,low_gravity,2,"1,3",10,69-87-71-79,-0.0012368409661576152
multi_comm,2,low_gravity,2,"1,3",11,81-80-85-86,0.032243721187114716
multi_comm,2,low_gravity,2,"2,3",0,56-90-83-88,0.026034079492092133
multi_comm,2,low_gravity,2,"2,3",1,57-96-78-95,0.01406489871442318
multi_comm,2,low_gravity,2,"2,3",2,55-84-62-68,0.015193896368145943
multi_comm,2,low_gravity,2,"2,3",3,77-53-59-89,0.021221470087766647
multi_comm,2,low_gravity,2,"2,3",4,92-73-50-76,0.027837887406349182
multi_comm,2,low_gravity,2,"2,3",5,54-60-64-91,0.035196125507354736
multi_comm,2,low_gravity,2,"2,3",6,66-93-65-98,0.0026440464425832033
multi_comm,2,low_gravity,2,"2,3",7,63-74-70-75,-0.0021159020252525806
multi_comm,2,low_gravity,2,"2,3",8,72-99-52-61,0.03692665696144104
multi_comm,2,low_gravity,2,"2,3",9,82-94-97-67,0.03161931782960892
multi_comm,2,low_gravity,2,"2,3",10,69-87-71-79,0.012091338634490967
multi_comm,2,low_gravity,2,"2,3",11,81-80-85-86,0.005963783711194992
multi_comm,2,low_gravity,3,"0,1,2",0,56-90-83-88,0.011750769801437855
multi_comm,2,low_gravity,3,"0,1,2",1,57-96-78-95,0.0096890302374959
multi_comm,2,low_gravity,3,"0,1,2",2,55-84-62-68,0.0182914137840271
multi_comm,2,low_gravity,3,"0,1,2",3,77-53-59-89,0.009228222072124481
multi_comm,2,low_gravity,3,"0,1,2",4,92-73-50-76,0.007159060798585415
multi_comm,2,low_gravity,3,"0,1,2",5,54-60-64-91,0.008905518800020218
multi_comm,2,low_gravity,3,"0,1,2",6,66-93-65-98,0.006773694418370724
multi_comm,2,low_gravity,3,"0,1,2",7,63-74-70-75,0.008121353574097157
multi_comm,2,low_gravity,3,"0,1,2",8,72-99-52-61,0.013094570487737656
multi_comm,2,low_gravity,3,"0,1,2",9,82-94-97-67,0.006211620289832354
multi_comm,2,low_gravity,3,"0,1,2",10,69-87-71-79,0.0053716059774160385
multi_comm,2,low_gravity,3,"0,1,2",11,81-80-85-86,0.009096025489270687
multi_comm,2,low_gravity,3,"0,1,3",0,56-90-83-88,0.01999029703438282
multi_comm,2,low_gravity,3,"0,1,3",1,57-96-78-95,0.0018655987223610282
multi_comm,2,low_gravity,3,"0,1,3",2,55-84-62-68,0.0025653380434960127
multi_comm,2,low_gravity,3,"0,1,3",3,77-53-59-89,0.006683755666017532
multi_comm,2,low_gravity,3,"0,1,3",4,92-73-50-76,-0.0029603918083012104
multi_comm,2,low_gravity,3,"0,1,3",5,54-60-64-91,0.007610691711306572
multi_comm,2,low_gravity,3,"0,1,3",6,66-93-65-98,0.02664193883538246
multi_comm,2,low_gravity,3,"0,1,3",7,63-74-70-75,0.02152189239859581
multi_comm,2,low_gravity,3,"0,1,3",8,72-99-52-61,0.0033026481978595257
multi_comm,2,low_gravity,3,"0,1,3",9,82-94-97-67,0.0043486859649419785
multi_comm,2,low_gravity,3,"0,1,3",10,69-87-71-79,-0.006280122324824333
multi_comm,2,low_gravity,3,"0,1,3",11,81-80-85-86,0.011915738694369793
multi_comm,2,low_gravity,3,"0,2,3",0,56-90-83-88,0.008529895916581154
multi_comm,2,low_gravity,3,"0,2,3",1,57-96-78-95,0.014704601839184761
multi_comm,2,low_gravity,3,"0,2,3",2,55-84-62-68,0.023343561217188835
multi_comm,2,low_gravity,3,"0,2,3",3,77-53-59-89,0.0006896840059198439
multi_comm,2,low_gravity,3,"0,2,3",4,92-73-50-76,0.015519539825618267
multi_comm,2,low_gravity,3,"0,2,3",5,54-60-64-91,0.01864595338702202
multi_comm,2,low_gravity,3,"0,2,3",6,66-93-65-98,0.011103068478405476
multi_comm,2,low_gravity,3,"0,2,3",7,63-74-70-75,0.02943587116897106
multi_comm,2,low_gravity,3,"0,2,3",8,72-99-52-61,0.01906413584947586
multi_comm,2,low_gravity,3,"0,2,3",9,82-94-97-67,0.007707919925451279
multi_comm,2,low_gravity,3,"0,2,3",10,69-87-71-79,0.016829585656523705
multi_comm,2,low_gravity,3,"0,2,3",11,81-80-85-86,0.017130538821220398
multi_comm,2,low_gravity,3,"1,2,3",0,56-90-83-88,0.00851405505090952
multi_comm,2,low_gravity,3,"1,2,3",1,57-96-78-95,0.005661363713443279
multi_comm,2,low_gravity,3,"1,2,3",2,55-84-62-68,0.012399327009916306
multi_comm,2,low_gravity,3,"1,2,3",3,77-53-59-89,0.004860857035964727
multi_comm,2,low_gravity,3,"1,2,3",4,92-73-50-76,0.012152256444096565
multi_comm,2,low_gravity,3,"1,2,3",5,54-60-64-91,0.008488791063427925
multi_comm,2,low_gravity,3,"1,2,3",6,66-93-65-98,0.005749011877924204
multi_comm,2,low_gravity,3,"1,2,3",7,63-74-70-75,0.013238541781902313
multi_comm,2,low_gravity,3,"1,2,3",8,72-99-52-61,0.014025532640516758
multi_comm,2,low_gravity,3,"1,2,3",9,82-94-97-67,0.0076439520344138145
multi_comm,2,low_gravity,3,"1,2,3",10,69-87-71-79,0.018407056108117104
multi_comm,2,low_gravity,3,"1,2,3",11,81-80-85-86,0.015436900779604912
multi_comm,2,low_gravity,4,"0,1,2,3",0,56-90-83-88,0.007769148796796799
multi_comm,2,low_gravity,4,"0,1,2,3",1,57-96-78-95,0.007522424217313528
multi_comm,2,low_gravity,4,"0,1,2,3",2,55-84-62-68,0.00777599448338151
multi_comm,2,low_gravity,4,"0,1,2,3",3,77-53-59-89,0.007778726052492857
multi_comm,2,low_gravity,4,"0,1,2,3",4,92-73-50-76,0.00781425554305315
multi_comm,2,low_gravity,4,"0,1,2,3",5,54-60-64-91,0.007869638502597809
multi_comm,2,low_gravity,4,"0,1,2,3",6,66-93-65-98,0.0076990388333797455
multi_comm,2,low_gravity,4,"0,1,2,3",7,63-74-70-75,0.007736976258456707
multi_comm,2,low_gravity,4,"0,1,2,3",8,72-99-52-61,0.0077393390238285065
multi_comm,2,low_gravity,4,"0,1,2,3",9,82-94-97-67,0.007833557203412056
multi_comm,2,low_gravity,4,"0,1,2,3",10,69-87-71-79,0.007647539488971233
multi_comm,2,low_gravity,4,"0,1,2,3",11,81-80-85-86,0.0077620758675038815
